ISO-10303-21;
HEADER;
/* Generated by software containing ST-Developer
 * from STEP Tools, Inc. (www.steptools.com) 
 */

FILE_DESCRIPTION(
/* description */ (''),
/* implementation_level */ '2;1');

FILE_NAME(
/* name */ 
'\\\\HMLSERVER1\\RedirectedFolders\\corbin.boyle\\Desktop\\MVF-170.stp',

/* time_stamp */ '2015-05-26T13:21:49-07:00',
/* author */ ('corbin.boyle'),
/* organization */ (''),
/* preprocessor_version */ 'ST-DEVELOPER v15.6',
/* originating_system */ 'Autodesk Inventor 2015',
/* authorisation */ '');

FILE_SCHEMA (('AUTOMOTIVE_DESIGN { 1 0 10303 214 3 1 1 }'));
ENDSEC;

DATA;
#10=MECHANICAL_DESIGN_GEOMETRIC_PRESENTATION_REPRESENTATION('',(#163,#153,
#162,#160,#161,#159,#155,#156,#157,#154,#158,#152),#8625);
#11=(
BOUNDED_SURFACE()
B_SPLINE_SURFACE(2,1,((#8023,#8024),(#8025,#8026),(#8027,#8028)),
 .UNSPECIFIED.,.F.,.F.,.F.)
B_SPLINE_SURFACE_WITH_KNOTS((3,3),(2,2),(-0.00857142857142914,0.00857142857142817),
(0.,0.00304800000000364),.UNSPECIFIED.)
GEOMETRIC_REPRESENTATION_ITEM()
RATIONAL_B_SPLINE_SURFACE(((1.,1.),(0.999963265531028,0.999963265531028),
(1.,1.)))
REPRESENTATION_ITEM('')
SURFACE()
);
#12=ELLIPSE('',#2910,0.848514738065981,0.65);
#13=ELLIPSE('',#2911,1.14092597087641,0.874);
#14=ELLIPSE('',#2912,1.14092597087641,0.874);
#15=ELLIPSE('',#2917,0.848514738065981,0.65);
#16=ELLIPSE('',#2918,1.14223137816574,0.875);
#17=ELLIPSE('',#2942,1.14223137816574,0.875);
#18=ELLIPSE('',#2943,1.14223137816574,0.875);
#19=ELLIPSE('',#2944,1.14223137816574,0.875);
#20=ELLIPSE('',#2945,1.14223137816574,0.875);
#21=ELLIPSE('',#2980,0.848514738065981,0.65);
#22=ELLIPSE('',#2981,0.848514738065981,0.65);
#23=ELLIPSE('',#2982,0.848514738065981,0.65);
#24=ELLIPSE('',#2983,0.848514738065981,0.65);
#25=B_SPLINE_SURFACE_WITH_KNOTS('',1,3,((#6836,#6837,#6838,#6839,#6840,
#6841,#6842,#6843,#6844,#6845,#6846,#6847,#6848,#6849,#6850,#6851,#6852,
#6853,#6854,#6855,#6856,#6857,#6858,#6859,#6860,#6861,#6862,#6863,#6864,
#6865,#6866,#6867,#6868,#6869,#6870,#6871,#6872,#6873,#6874,#6875,#6876,
#6877,#6878,#6879,#6880,#6881,#6882,#6883,#6884,#6885,#6886,#6887,#6888,
#6889,#6890,#6891,#6892,#6893,#6894,#6895,#6896,#6897,#6898,#6899,#6900,
#6901,#6902,#6903,#6904,#6905,#6906,#6907,#6908,#6909,#6910,#6911,#6912,
#6913,#6914,#6915,#6916,#6917,#6918,#6919,#6920,#6921,#6922,#6923,#6924,
#6925,#6926,#6927,#6928,#6929,#6930,#6931,#6932,#6933,#6934,#6935,#6936,
#6937,#6938,#6939,#6940,#6941,#6942,#6943,#6944,#6945,#6946,#6947,#6948,
#6949,#6950,#6951,#6952,#6953,#6954,#6955,#6956,#6957,#6958,#6959,#6960,
#6961,#6962,#6963,#6964,#6965,#6966,#6967,#6968,#6969,#6970,#6971,#6972,
#6973,#6974,#6975,#6976,#6977,#6978,#6979,#6980,#6981),(#6982,#6983,#6984,
#6985,#6986,#6987,#6988,#6989,#6990,#6991,#6992,#6993,#6994,#6995,#6996,
#6997,#6998,#6999,#7000,#7001,#7002,#7003,#7004,#7005,#7006,#7007,#7008,
#7009,#7010,#7011,#7012,#7013,#7014,#7015,#7016,#7017,#7018,#7019,#7020,
#7021,#7022,#7023,#7024,#7025,#7026,#7027,#7028,#7029,#7030,#7031,#7032,
#7033,#7034,#7035,#7036,#7037,#7038,#7039,#7040,#7041,#7042,#7043,#7044,
#7045,#7046,#7047,#7048,#7049,#7050,#7051,#7052,#7053,#7054,#7055,#7056,
#7057,#7058,#7059,#7060,#7061,#7062,#7063,#7064,#7065,#7066,#7067,#7068,
#7069,#7070,#7071,#7072,#7073,#7074,#7075,#7076,#7077,#7078,#7079,#7080,
#7081,#7082,#7083,#7084,#7085,#7086,#7087,#7088,#7089,#7090,#7091,#7092,
#7093,#7094,#7095,#7096,#7097,#7098,#7099,#7100,#7101,#7102,#7103,#7104,
#7105,#7106,#7107,#7108,#7109,#7110,#7111,#7112,#7113,#7114,#7115,#7116,
#7117,#7118,#7119,#7120,#7121,#7122,#7123,#7124,#7125,#7126,#7127)),
 .UNSPECIFIED.,.F.,.F.,.F.,(2,2),(4,2,2,2,2,2,2,2,2,2,2,2,2,2,2,2,2,2,2,
2,2,2,2,2,2,2,2,2,2,2,2,2,2,2,2,2,2,2,2,2,2,2,2,2,2,2,2,2,2,2,2,2,2,2,2,
2,2,2,2,2,2,2,2,2,2,2,2,2,2,2,2,2,4),(0.,1.00000000010387),(0.,0.0131578947368421,
0.0263157894736842,0.0394736842105263,0.0526315789473684,0.0657894736842105,
0.0789473684210526,0.0921052631578947,0.105263157894737,0.119243421052632,
0.133223684210526,0.147203947368421,0.161184210526316,0.17516447368421,
0.189144736842105,0.203125,0.217105263157895,0.231085526315789,0.245065789473684,
0.259046052631579,0.273026315789474,0.287006578947368,0.300986842105263,
0.314967105263158,0.328947368421053,0.342927631578947,0.356907894736842,
0.370888157894737,0.384868421052632,0.398848684210526,0.412828947368421,
0.426809210526316,0.440789473684211,0.454769736842105,0.46875,0.482730263157895,
0.496710526315789,0.510690789473684,0.524671052631579,0.538651315789474,
0.552631578947368,0.566611842105263,0.580592105263158,0.594572368421053,
0.608552631578947,0.622532894736842,0.636513157894737,0.650493421052632,
0.664473684210526,0.678453947368421,0.692434210526316,0.706414473684211,
0.720394736842105,0.734375,0.748355263157895,0.762335526315789,0.776315789473684,
0.790296052631579,0.804276315789474,0.818256578947368,0.832236842105263,
0.846217105263158,0.860197368421053,0.874177631578947,0.888157894736842,
0.902138157894737,0.916118421052632,0.930098684210526,0.944078947368421,
0.958059210526316,0.972039473684211,0.986019736842105,1.),.UNSPECIFIED.);
#26=B_SPLINE_SURFACE_WITH_KNOTS('',1,3,((#7238,#7239,#7240,#7241,#7242,
#7243,#7244,#7245,#7246,#7247,#7248,#7249,#7250,#7251,#7252,#7253,#7254,
#7255,#7256,#7257,#7258,#7259,#7260,#7261,#7262,#7263,#7264,#7265,#7266,
#7267,#7268,#7269,#7270,#7271,#7272,#7273,#7274,#7275,#7276,#7277,#7278,
#7279,#7280,#7281,#7282,#7283,#7284,#7285,#7286,#7287,#7288,#7289,#7290,
#7291,#7292,#7293,#7294,#7295,#7296,#7297,#7298,#7299,#7300,#7301,#7302,
#7303,#7304,#7305,#7306,#7307,#7308,#7309,#7310,#7311,#7312,#7313,#7314,
#7315,#7316,#7317,#7318,#7319,#7320,#7321,#7322,#7323,#7324,#7325,#7326,
#7327,#7328,#7329,#7330,#7331,#7332,#7333,#7334,#7335,#7336,#7337,#7338,
#7339,#7340,#7341,#7342,#7343,#7344,#7345,#7346,#7347,#7348,#7349,#7350,
#7351,#7352,#7353,#7354,#7355,#7356,#7357,#7358,#7359,#7360,#7361,#7362,
#7363,#7364,#7365,#7366,#7367,#7368,#7369,#7370,#7371,#7372,#7373,#7374,
#7375,#7376,#7377,#7378,#7379,#7380,#7381,#7382,#7383),(#7384,#7385,#7386,
#7387,#7388,#7389,#7390,#7391,#7392,#7393,#7394,#7395,#7396,#7397,#7398,
#7399,#7400,#7401,#7402,#7403,#7404,#7405,#7406,#7407,#7408,#7409,#7410,
#7411,#7412,#7413,#7414,#7415,#7416,#7417,#7418,#7419,#7420,#7421,#7422,
#7423,#7424,#7425,#7426,#7427,#7428,#7429,#7430,#7431,#7432,#7433,#7434,
#7435,#7436,#7437,#7438,#7439,#7440,#7441,#7442,#7443,#7444,#7445,#7446,
#7447,#7448,#7449,#7450,#7451,#7452,#7453,#7454,#7455,#7456,#7457,#7458,
#7459,#7460,#7461,#7462,#7463,#7464,#7465,#7466,#7467,#7468,#7469,#7470,
#7471,#7472,#7473,#7474,#7475,#7476,#7477,#7478,#7479,#7480,#7481,#7482,
#7483,#7484,#7485,#7486,#7487,#7488,#7489,#7490,#7491,#7492,#7493,#7494,
#7495,#7496,#7497,#7498,#7499,#7500,#7501,#7502,#7503,#7504,#7505,#7506,
#7507,#7508,#7509,#7510,#7511,#7512,#7513,#7514,#7515,#7516,#7517,#7518,
#7519,#7520,#7521,#7522,#7523,#7524,#7525,#7526,#7527,#7528,#7529)),
 .UNSPECIFIED.,.F.,.F.,.F.,(2,2),(4,2,2,2,2,2,2,2,2,2,2,2,2,2,2,2,2,2,2,
2,2,2,2,2,2,2,2,2,2,2,2,2,2,2,2,2,2,2,2,2,2,2,2,2,2,2,2,2,2,2,2,2,2,2,2,
2,2,2,2,2,2,2,2,2,2,2,2,2,2,2,2,2,4),(0.,1.01839004122988),(0.,0.0131578947368421,
0.0263157894736842,0.0394736842105263,0.0526315789473684,0.0657894736842105,
0.0789473684210526,0.0921052631578947,0.105263157894737,0.119243421052632,
0.133223684210526,0.147203947368421,0.161184210526316,0.17516447368421,
0.189144736842105,0.203125,0.217105263157895,0.231085526315789,0.245065789473684,
0.259046052631579,0.273026315789474,0.287006578947368,0.300986842105263,
0.314967105263158,0.328947368421053,0.342927631578947,0.356907894736842,
0.370888157894737,0.384868421052632,0.398848684210526,0.412828947368421,
0.426809210526316,0.440789473684211,0.454769736842105,0.46875,0.482730263157895,
0.496710526315789,0.510690789473684,0.524671052631579,0.538651315789474,
0.552631578947368,0.566611842105263,0.580592105263158,0.594572368421053,
0.608552631578947,0.622532894736842,0.636513157894737,0.650493421052632,
0.664473684210526,0.678453947368421,0.692434210526316,0.706414473684211,
0.720394736842105,0.734375,0.748355263157895,0.762335526315789,0.776315789473684,
0.790296052631579,0.804276315789474,0.818256578947368,0.832236842105263,
0.846217105263158,0.860197368421053,0.874177631578947,0.888157894736842,
0.902138157894737,0.916118421052632,0.930098684210526,0.944078947368421,
0.958059210526316,0.972039473684211,0.986019736842105,1.),.UNSPECIFIED.);
#27=B_SPLINE_SURFACE_WITH_KNOTS('',1,3,((#7640,#7641,#7642,#7643,#7644,
#7645,#7646,#7647,#7648,#7649,#7650,#7651,#7652,#7653,#7654,#7655,#7656,
#7657,#7658,#7659,#7660,#7661,#7662,#7663,#7664,#7665,#7666,#7667,#7668,
#7669,#7670,#7671,#7672,#7673,#7674,#7675,#7676,#7677,#7678,#7679,#7680,
#7681,#7682,#7683,#7684,#7685,#7686,#7687,#7688,#7689,#7690,#7691,#7692,
#7693,#7694,#7695,#7696,#7697,#7698,#7699,#7700,#7701,#7702,#7703,#7704,
#7705,#7706,#7707,#7708,#7709,#7710,#7711,#7712,#7713,#7714,#7715,#7716,
#7717,#7718,#7719,#7720,#7721,#7722,#7723,#7724,#7725,#7726,#7727,#7728,
#7729,#7730,#7731,#7732,#7733,#7734,#7735,#7736,#7737,#7738,#7739,#7740,
#7741,#7742,#7743,#7744,#7745,#7746,#7747,#7748,#7749,#7750,#7751,#7752,
#7753,#7754,#7755,#7756,#7757,#7758,#7759,#7760,#7761,#7762,#7763,#7764,
#7765,#7766,#7767,#7768,#7769,#7770,#7771,#7772,#7773,#7774,#7775,#7776,
#7777,#7778,#7779,#7780,#7781,#7782,#7783,#7784,#7785),(#7786,#7787,#7788,
#7789,#7790,#7791,#7792,#7793,#7794,#7795,#7796,#7797,#7798,#7799,#7800,
#7801,#7802,#7803,#7804,#7805,#7806,#7807,#7808,#7809,#7810,#7811,#7812,
#7813,#7814,#7815,#7816,#7817,#7818,#7819,#7820,#7821,#7822,#7823,#7824,
#7825,#7826,#7827,#7828,#7829,#7830,#7831,#7832,#7833,#7834,#7835,#7836,
#7837,#7838,#7839,#7840,#7841,#7842,#7843,#7844,#7845,#7846,#7847,#7848,
#7849,#7850,#7851,#7852,#7853,#7854,#7855,#7856,#7857,#7858,#7859,#7860,
#7861,#7862,#7863,#7864,#7865,#7866,#7867,#7868,#7869,#7870,#7871,#7872,
#7873,#7874,#7875,#7876,#7877,#7878,#7879,#7880,#7881,#7882,#7883,#7884,
#7885,#7886,#7887,#7888,#7889,#7890,#7891,#7892,#7893,#7894,#7895,#7896,
#7897,#7898,#7899,#7900,#7901,#7902,#7903,#7904,#7905,#7906,#7907,#7908,
#7909,#7910,#7911,#7912,#7913,#7914,#7915,#7916,#7917,#7918,#7919,#7920,
#7921,#7922,#7923,#7924,#7925,#7926,#7927,#7928,#7929,#7930,#7931)),
 .UNSPECIFIED.,.F.,.F.,.F.,(2,2),(4,2,2,2,2,2,2,2,2,2,2,2,2,2,2,2,2,2,2,
2,2,2,2,2,2,2,2,2,2,2,2,2,2,2,2,2,2,2,2,2,2,2,2,2,2,2,2,2,2,2,2,2,2,2,2,
2,2,2,2,2,2,2,2,2,2,2,2,2,2,2,2,2,4),(0.,1.),(0.,0.0131578947368421,0.0263157894736842,
0.0394736842105263,0.0526315789473684,0.0657894736842105,0.0789473684210526,
0.0921052631578947,0.105263157894737,0.119243421052632,0.133223684210526,
0.147203947368421,0.161184210526316,0.17516447368421,0.189144736842105,
0.203125,0.217105263157895,0.231085526315789,0.245065789473684,0.259046052631579,
0.273026315789474,0.287006578947368,0.300986842105263,0.314967105263158,
0.328947368421053,0.342927631578947,0.356907894736842,0.370888157894737,
0.384868421052632,0.398848684210526,0.412828947368421,0.426809210526316,
0.440789473684211,0.454769736842105,0.46875,0.482730263157895,0.496710526315789,
0.510690789473684,0.524671052631579,0.538651315789474,0.552631578947368,
0.566611842105263,0.580592105263158,0.594572368421053,0.608552631578947,
0.622532894736842,0.636513157894737,0.650493421052632,0.664473684210526,
0.678453947368421,0.692434210526316,0.706414473684211,0.720394736842105,
0.734375,0.748355263157895,0.762335526315789,0.776315789473684,0.790296052631579,
0.804276315789474,0.818256578947368,0.832236842105263,0.846217105263158,
0.860197368421053,0.874177631578947,0.888157894736842,0.902138157894737,
0.916118421052632,0.930098684210526,0.944078947368421,0.958059210526316,
0.972039473684211,0.986019736842105,1.),.UNSPECIFIED.);
#28=(
BOUNDED_CURVE()
B_SPLINE_CURVE(2,(#4444,#4445,#4446),.UNSPECIFIED.,.F.,.F.)
B_SPLINE_CURVE_WITH_KNOTS((3,3),(0.138654436681197,0.502027828534106),
 .UNSPECIFIED.)
CURVE()
GEOMETRIC_REPRESENTATION_ITEM()
RATIONAL_B_SPLINE_CURVE((1.19489831606842,1.37974972887291,1.19489831606842))
REPRESENTATION_ITEM('')
);
#29=(
BOUNDED_CURVE()
B_SPLINE_CURVE(2,(#7944,#7945,#7946),.UNSPECIFIED.,.F.,.F.)
B_SPLINE_CURVE_WITH_KNOTS((3,3),(-0.502027828533918,-0.138654436681083),
 .UNSPECIFIED.)
CURVE()
GEOMETRIC_REPRESENTATION_ITEM()
RATIONAL_B_SPLINE_CURVE((1.19489831606823,1.3797497288727,1.19489831606823))
REPRESENTATION_ITEM('')
);
#30=(
BOUNDED_CURVE()
B_SPLINE_CURVE(2,(#7948,#7949,#7950),.UNSPECIFIED.,.F.,.F.)
B_SPLINE_CURVE_WITH_KNOTS((3,3),(-0.502027828533918,-0.138654436681083),
 .UNSPECIFIED.)
CURVE()
GEOMETRIC_REPRESENTATION_ITEM()
RATIONAL_B_SPLINE_CURVE((1.19489831606823,1.3797497288727,1.19489831606823))
REPRESENTATION_ITEM('')
);
#31=(
BOUNDED_CURVE()
B_SPLINE_CURVE(2,(#7952,#7953,#7954),.UNSPECIFIED.,.F.,.F.)
B_SPLINE_CURVE_WITH_KNOTS((3,3),(-0.502027828533918,-0.138654436681083),
 .UNSPECIFIED.)
CURVE()
GEOMETRIC_REPRESENTATION_ITEM()
RATIONAL_B_SPLINE_CURVE((1.19489831606823,1.3797497288727,1.19489831606823))
REPRESENTATION_ITEM('')
);
#32=(
BOUNDED_CURVE()
B_SPLINE_CURVE(2,(#7956,#7957,#7958),.UNSPECIFIED.,.F.,.F.)
B_SPLINE_CURVE_WITH_KNOTS((3,3),(-0.502027828533918,-0.138654436681083),
 .UNSPECIFIED.)
CURVE()
GEOMETRIC_REPRESENTATION_ITEM()
RATIONAL_B_SPLINE_CURVE((1.19489831606823,1.3797497288727,1.19489831606823))
REPRESENTATION_ITEM('')
);
#33=(
BOUNDED_CURVE()
B_SPLINE_CURVE(2,(#7960,#7961,#7962),.UNSPECIFIED.,.F.,.F.)
B_SPLINE_CURVE_WITH_KNOTS((3,3),(-0.502027828533918,-0.138654436681083),
 .UNSPECIFIED.)
CURVE()
GEOMETRIC_REPRESENTATION_ITEM()
RATIONAL_B_SPLINE_CURVE((1.19489831606823,1.3797497288727,1.19489831606823))
REPRESENTATION_ITEM('')
);
#34=B_SPLINE_CURVE_WITH_KNOTS('',3,(#4022,#4023,#4024,#4025,#4026,#4027,
#4028,#4029,#4030,#4031,#4032,#4033,#4034,#4035,#4036,#4037,#4038,#4039,
#4040,#4041,#4042,#4043,#4044,#4045,#4046,#4047,#4048,#4049,#4050,#4051,
#4052,#4053,#4054,#4055),.UNSPECIFIED.,.T.,.F.,(4,2,2,2,2,2,2,2,2,2,2,2,
2,2,2,2,4),(-2.63895477252925,-2.47435521389922,-2.30975565526919,-2.14448586733307,
-1.97921607939694,-1.81394629146081,-1.64867650352469,-1.48407694489466,
-1.31947738626463,-1.1548778276346,-0.990278269004566,-0.825008481068439,
-0.659738693132313,-0.494468905196186,-0.32919911726006,-0.16459955863003,
0.),.UNSPECIFIED.);
#35=B_SPLINE_CURVE_WITH_KNOTS('',3,(#4062,#4063,#4064,#4065,#4066,#4067,
#4068,#4069,#4070,#4071,#4072,#4073,#4074,#4075,#4076,#4077,#4078,#4079,
#4080),.UNSPECIFIED.,.F.,.F.,(4,2,2,2,3,2,2,2,4),(-0.470502130541402,-0.452924092775213,
-0.301993843000153,-0.150996921500077,0.,0.150996921500076,0.301993843000153,
0.452924092775213,0.470502130541402),.UNSPECIFIED.);
#36=B_SPLINE_CURVE_WITH_KNOTS('',3,(#4090,#4091,#4092,#4093,#4094,#4095),
 .UNSPECIFIED.,.F.,.F.,(4,2,4),(-0.763287398007068,-0.629915555567487,-0.496543713127906),
 .UNSPECIFIED.);
#37=B_SPLINE_CURVE_WITH_KNOTS('',3,(#4098,#4099,#4100,#4101,#4102,#4103),
 .UNSPECIFIED.,.F.,.F.,(4,2,4),(-2.02311850914204,-1.88974666670246,-1.75637482426288),
 .UNSPECIFIED.);
#38=B_SPLINE_CURVE_WITH_KNOTS('',3,(#4107,#4108,#4109,#4110,#4111,#4112,
#4113,#4114,#4115,#4116,#4117,#4118,#4119,#4120,#4121,#4122,#4123,#4124),
 .UNSPECIFIED.,.F.,.F.,(4,2,2,2,2,2,2,2,4),(-1.67821081564195,-1.66063277787576,
-1.5097025281007,-1.35870560660062,-1.20770868510055,-1.05671176360047,
-0.905714842100393,-0.754784592325333,-0.737206554559144),.UNSPECIFIED.);
#39=B_SPLINE_CURVE_WITH_KNOTS('',3,(#4262,#4263,#4264,#4265,#4266,#4267,
#4268,#4269,#4270,#4271,#4272,#4273,#4274,#4275,#4276,#4277,#4278,#4279,
#4280,#4281,#4282,#4283,#4284,#4285,#4286,#4287,#4288,#4289,#4290,#4291,
#4292,#4293,#4294,#4295),.UNSPECIFIED.,.T.,.F.,(4,2,2,2,2,2,2,2,2,2,2,2,
2,2,2,2,4),(0.,0.183315864419801,0.366631728839603,0.549447865298642,0.732264001757682,
0.915080138216721,1.09789627467576,1.28121213909556,1.46452800351536,1.64784386793517,
1.83115973235497,2.01397586881401,2.19679200527305,2.37960814173208,2.56242427819112,
2.74574014261092,2.92905600703073),.UNSPECIFIED.);
#40=B_SPLINE_CURVE_WITH_KNOTS('',3,(#4297,#4298,#4299,#4300,#4301,#4302,
#4303,#4304,#4305,#4306,#4307,#4308,#4309,#4310,#4311,#4312,#4313,#4314,
#4315,#4316,#4317,#4318,#4319,#4320,#4321,#4322,#4323,#4324,#4325,#4326,
#4327,#4328,#4329,#4330),.UNSPECIFIED.,.T.,.F.,(4,2,2,2,2,2,2,2,2,2,2,2,
2,2,2,2,4),(-2.96304810671262,-2.7772339707372,-2.59141983476178,-2.40685295739812,
-2.22228608003446,-2.03771920267081,-1.85315232530715,-1.66733818933173,
-1.48152405335631,-1.29570991738089,-1.10989578140547,-0.925328904041811,
-0.740762026678155,-0.556195149314499,-0.371628271950842,-0.185814135975421,
0.),.UNSPECIFIED.);
#41=B_SPLINE_CURVE_WITH_KNOTS('',3,(#4333,#4334,#4335,#4336,#4337,#4338,
#4339,#4340,#4341,#4342,#4343,#4344,#4345,#4346,#4347,#4348,#4349,#4350,
#4351,#4352,#4353,#4354,#4355,#4356,#4357,#4358,#4359,#4360,#4361,#4362,
#4363,#4364,#4365,#4366),.UNSPECIFIED.,.T.,.F.,(4,2,2,2,2,2,2,2,2,2,2,2,
2,2,2,2,4),(-2.96304810671262,-2.7772339707372,-2.59141983476178,-2.40685295739812,
-2.22228608003447,-2.03771920267081,-1.85315232530715,-1.66733818933173,
-1.48152405335631,-1.29570991738089,-1.10989578140547,-0.925328904041812,
-0.740762026678155,-0.556195149314499,-0.371628271950843,-0.185814135975422,
0.),.UNSPECIFIED.);
#42=B_SPLINE_CURVE_WITH_KNOTS('',3,(#4368,#4369,#4370,#4371,#4372,#4373,
#4374,#4375,#4376,#4377,#4378,#4379,#4380,#4381,#4382,#4383,#4384,#4385,
#4386,#4387,#4388,#4389,#4390,#4391,#4392,#4393,#4394,#4395,#4396,#4397,
#4398,#4399,#4400,#4401),.UNSPECIFIED.,.T.,.F.,(4,2,2,2,2,2,2,2,2,2,2,2,
2,2,2,2,4),(0.,0.183315864419802,0.366631728839604,0.549447865298643,0.732264001757682,
0.915080138216721,1.09789627467576,1.28121213909556,1.46452800351536,1.64784386793517,
1.83115973235497,2.01397586881401,2.19679200527305,2.37960814173208,2.56242427819112,
2.74574014261093,2.92905600703073),.UNSPECIFIED.);
#43=B_SPLINE_CURVE_WITH_KNOTS('',3,(#4459,#4460,#4461,#4462,#4463,#4464,
#4465,#4466,#4467,#4468,#4469,#4470,#4471,#4472,#4473,#4474,#4475,#4476,
#4477,#4478,#4479,#4480,#4481,#4482,#4483,#4484,#4485,#4486,#4487,#4488,
#4489,#4490,#4491,#4492,#4493,#4494,#4495,#4496,#4497,#4498),
 .UNSPECIFIED.,.F.,.F.,(4,2,2,2,2,2,2,2,2,2,2,2,2,2,2,2,2,2,2,4),(1.00000001188039E-6,
0.108469820679137,0.24293744667681,0.448137476187047,0.62165272345546,0.823730429216499,
0.989533561718798,1.19176482620961,1.37143898276002,1.57095925737832,1.74403895496229,
1.95761592080969,2.16023806079488,2.26358577812204,2.51523528445674,2.74762932118537,
3.03071911444762,3.29782192742174,3.47261845147581,3.68807172306187),
 .UNSPECIFIED.);
#44=B_SPLINE_CURVE_WITH_KNOTS('',3,(#4500,#4501,#4502,#4503,#4504,#4505),
 .UNSPECIFIED.,.F.,.F.,(4,2,4),(0.,0.178681882360542,0.357362239017156),
 .UNSPECIFIED.);
#45=B_SPLINE_CURVE_WITH_KNOTS('',3,(#4507,#4508,#4509,#4510,#4511,#4512,
#4513,#4514,#4515,#4516,#4517,#4518),.UNSPECIFIED.,.F.,.F.,(4,2,2,2,2,4),
(0.,0.162674545093972,0.327237508486769,0.572121350151417,0.728405863162258,
0.879272912603105),.UNSPECIFIED.);
#46=B_SPLINE_CURVE_WITH_KNOTS('',3,(#4522,#4523,#4524,#4525),
 .UNSPECIFIED.,.F.,.F.,(4,4),(0.,0.0140133353808653),.UNSPECIFIED.);
#47=B_SPLINE_CURVE_WITH_KNOTS('',3,(#4526,#4527,#4528,#4529,#4530,#4531),
 .UNSPECIFIED.,.F.,.F.,(4,2,4),(0.000103190993229923,0.005052303595279,
0.00994440681612802),.UNSPECIFIED.);
#48=B_SPLINE_CURVE_WITH_KNOTS('',3,(#4537,#4538,#4539,#4540,#4541,#4542,
#4543,#4544,#4545,#4546,#4547,#4548,#4549,#4550,#4551,#4552,#4553,#4554,
#4555,#4556,#4557,#4558,#4559,#4560,#4561,#4562,#4563,#4564,#4565,#4566,
#4567,#4568,#4569,#4570,#4571,#4572,#4573,#4574),.UNSPECIFIED.,.F.,.F.,
(4,2,2,2,2,2,2,2,2,2,2,2,2,2,2,2,2,2,4),(9.99999999197802E-7,0.117125022175879,
0.2285053239118,0.432676771294685,0.626308318066386,0.845132157542611,1.08570011908794,
1.32876731088978,1.61792030548448,1.85918955686622,2.14486160978173,2.38114927166508,
2.66513653933736,2.92203526677443,3.21870107344054,3.48989643114283,3.82239505586884,
4.13709641830078,4.4559480325728),.UNSPECIFIED.);
#49=B_SPLINE_CURVE_WITH_KNOTS('',3,(#4576,#4577,#4578,#4579,#4580,#4581,
#4582,#4583),.UNSPECIFIED.,.F.,.F.,(4,2,2,4),(-0.364578287372312,-0.268627098064652,
-0.182288360788236,0.),.UNSPECIFIED.);
#50=B_SPLINE_CURVE_WITH_KNOTS('',3,(#4585,#4586,#4587,#4588,#4589,#4590,
#4591,#4592,#4593,#4594,#4595,#4596,#4597,#4598),.UNSPECIFIED.,.F.,.F.,
(4,2,2,2,2,2,4),(-0.919425836833479,-0.694830963412667,-0.516072037400952,
-0.342626136415918,-0.179040906413735,-0.0936465544273525,0.),
 .UNSPECIFIED.);
#51=B_SPLINE_CURVE_WITH_KNOTS('',3,(#4602,#4603,#4604,#4605,#4606,#4607,
#4608,#4609,#4610,#4611,#4612,#4613,#4614,#4615,#4616,#4617,#4618,#4619,
#4620,#4621,#4622,#4623,#4624,#4625,#4626,#4627,#4628,#4629,#4630,#4631,
#4632,#4633,#4634,#4635,#4636,#4637,#4638,#4639,#4640,#4641,#4642,#4643,
#4644,#4645,#4646,#4647,#4648,#4649,#4650,#4651,#4652,#4653,#4654,#4655,
#4656,#4657,#4658,#4659,#4660,#4661,#4662,#4663,#4664,#4665,#4666,#4667,
#4668,#4669,#4670,#4671,#4672,#4673,#4674,#4675,#4676,#4677,#4678,#4679,
#4680,#4681,#4682,#4683,#4684,#4685,#4686,#4687,#4688,#4689,#4690,#4691,
#4692,#4693,#4694,#4695,#4696,#4697,#4698,#4699,#4700,#4701,#4702,#4703,
#4704,#4705,#4706,#4707),.UNSPECIFIED.,.F.,.F.,(4,2,2,2,2,2,2,2,2,2,2,2,
2,2,2,2,2,2,2,2,2,2,2,2,2,2,2,2,2,2,2,2,2,2,2,2,2,2,2,2,2,2,2,2,2,2,2,2,
2,2,2,2,4),(9.99879727682728E-7,0.00436993933539999,0.00930450767571873,
0.0232781186975629,0.119377918466192,0.187299406981799,0.207886394023747,
0.22237815710907,0.235689559386357,0.257947168069784,0.359372048241986,
0.401283161189339,0.419114640439829,0.433242327732427,0.441711213734251,
0.450153226218507,0.464218172110431,0.552904388086252,0.622595157241061,
0.646259895410747,0.661311271399694,0.675677751504001,0.693078380025388,
0.74070889535357,0.747818238801191,0.829406013151953,0.865294000745173,
0.877310738981241,0.885294830892401,0.894334447440434,0.911336470246132,
0.93429800849257,1.00217126163191,1.07056664601922,1.09142768771258,1.10582144554958,
1.12082970268635,1.14426680048868,1.21221095508939,1.29382700861573,1.31356895486223,
1.323139470343,1.33107162748903,1.34215323924626,1.37205220396469,1.42682331806895,
1.50680232813109,1.53055993403728,1.54562946155782,1.56015001534653,1.57463875265466,
1.60297343222479,1.65872603366275),.UNSPECIFIED.);
#52=B_SPLINE_CURVE_WITH_KNOTS('',3,(#4709,#4710,#4711,#4712,#4713,#4714,
#4715,#4716,#4717,#4718,#4719,#4720,#4721,#4722,#4723,#4724,#4725,#4726,
#4727,#4728,#4729,#4730,#4731,#4732,#4733,#4734,#4735,#4736,#4737,#4738,
#4739,#4740,#4741,#4742,#4743,#4744,#4745,#4746,#4747,#4748,#4749,#4750,
#4751,#4752,#4753,#4754,#4755,#4756,#4757,#4758,#4759,#4760,#4761,#4762,
#4763,#4764,#4765,#4766,#4767,#4768,#4769,#4770,#4771,#4772,#4773,#4774,
#4775,#4776,#4777,#4778,#4779,#4780,#4781,#4782,#4783,#4784,#4785,#4786,
#4787,#4788,#4789,#4790,#4791,#4792,#4793,#4794,#4795,#4796,#4797,#4798,
#4799,#4800,#4801,#4802,#4803,#4804,#4805,#4806,#4807,#4808,#4809,#4810,
#4811,#4812,#4813,#4814,#4815,#4816,#4817,#4818,#4819,#4820,#4821,#4822,
#4823,#4824,#4825,#4826,#4827,#4828,#4829,#4830,#4831,#4832,#4833,#4834,
#4835,#4836,#4837,#4838,#4839,#4840,#4841,#4842,#4843,#4844,#4845,#4846,
#4847,#4848,#4849,#4850,#4851,#4852,#4853,#4854,#4855,#4856,#4857,#4858,
#4859,#4860,#4861,#4862,#4863,#4864,#4865,#4866,#4867,#4868,#4869,#4870,
#4871,#4872,#4873,#4874,#4875,#4876,#4877,#4878,#4879,#4880,#4881,#4882,
#4883,#4884,#4885,#4886,#4887,#4888,#4889,#4890,#4891,#4892,#4893,#4894,
#4895,#4896,#4897,#4898,#4899,#4900,#4901,#4902,#4903,#4904,#4905,#4906,
#4907,#4908,#4909,#4910,#4911,#4912,#4913,#4914,#4915,#4916,#4917,#4918,
#4919,#4920,#4921,#4922,#4923,#4924,#4925,#4926,#4927,#4928,#4929,#4930,
#4931,#4932,#4933,#4934,#4935,#4936,#4937,#4938,#4939,#4940,#4941,#4942,
#4943,#4944,#4945,#4946,#4947,#4948,#4949,#4950,#4951,#4952,#4953,#4954,
#4955,#4956,#4957,#4958,#4959,#4960,#4961,#4962,#4963,#4964,#4965,#4966,
#4967,#4968,#4969,#4970,#4971,#4972,#4973,#4974,#4975,#4976,#4977,#4978,
#4979,#4980,#4981,#4982,#4983,#4984,#4985,#4986,#4987,#4988,#4989,#4990,
#4991,#4992,#4993,#4994,#4995,#4996,#4997,#4998,#4999,#5000,#5001,#5002,
#5003,#5004,#5005,#5006,#5007,#5008,#5009,#5010,#5011,#5012,#5013,#5014,
#5015,#5016,#5017,#5018,#5019,#5020,#5021,#5022,#5023,#5024,#5025,#5026,
#5027,#5028,#5029,#5030,#5031,#5032,#5033,#5034,#5035,#5036,#5037,#5038,
#5039,#5040,#5041,#5042,#5043,#5044,#5045,#5046,#5047,#5048,#5049,#5050,
#5051,#5052,#5053,#5054,#5055,#5056,#5057,#5058,#5059,#5060,#5061,#5062,
#5063,#5064,#5065,#5066,#5067,#5068,#5069,#5070,#5071,#5072,#5073,#5074,
#5075,#5076,#5077,#5078,#5079,#5080,#5081,#5082,#5083,#5084,#5085,#5086,
#5087,#5088,#5089,#5090,#5091,#5092,#5093,#5094,#5095,#5096,#5097,#5098,
#5099,#5100,#5101,#5102,#5103,#5104,#5105,#5106,#5107,#5108,#5109,#5110,
#5111,#5112,#5113,#5114,#5115,#5116,#5117,#5118,#5119,#5120,#5121,#5122,
#5123,#5124,#5125,#5126,#5127,#5128,#5129,#5130,#5131,#5132,#5133,#5134,
#5135,#5136,#5137,#5138,#5139,#5140,#5141,#5142,#5143,#5144,#5145,#5146,
#5147,#5148,#5149,#5150,#5151,#5152,#5153,#5154,#5155,#5156,#5157,#5158,
#5159,#5160,#5161,#5162,#5163,#5164,#5165,#5166,#5167,#5168,#5169,#5170,
#5171,#5172,#5173,#5174,#5175,#5176,#5177,#5178,#5179,#5180,#5181,#5182,
#5183,#5184,#5185,#5186,#5187,#5188,#5189,#5190,#5191,#5192,#5193,#5194,
#5195,#5196,#5197,#5198,#5199,#5200,#5201,#5202,#5203,#5204,#5205,#5206,
#5207,#5208,#5209,#5210,#5211,#5212,#5213,#5214,#5215,#5216,#5217,#5218,
#5219,#5220,#5221,#5222,#5223,#5224,#5225,#5226,#5227,#5228,#5229,#5230,
#5231,#5232,#5233,#5234,#5235,#5236,#5237,#5238,#5239,#5240,#5241,#5242,
#5243,#5244,#5245,#5246,#5247,#5248,#5249,#5250,#5251,#5252,#5253,#5254,
#5255,#5256,#5257,#5258,#5259,#5260,#5261,#5262,#5263,#5264,#5265,#5266,
#5267,#5268,#5269,#5270,#5271,#5272,#5273,#5274,#5275,#5276,#5277,#5278,
#5279,#5280,#5281,#5282,#5283,#5284,#5285,#5286,#5287,#5288,#5289,#5290,
#5291,#5292,#5293,#5294,#5295,#5296,#5297,#5298,#5299,#5300,#5301,#5302,
#5303,#5304,#5305,#5306,#5307,#5308,#5309,#5310,#5311,#5312,#5313,#5314,
#5315,#5316,#5317,#5318,#5319,#5320,#5321,#5322,#5323,#5324,#5325,#5326,
#5327,#5328,#5329,#5330,#5331,#5332,#5333,#5334,#5335,#5336,#5337,#5338,
#5339,#5340,#5341,#5342,#5343,#5344,#5345,#5346,#5347,#5348,#5349,#5350,
#5351,#5352,#5353,#5354,#5355,#5356,#5357,#5358,#5359,#5360,#5361,#5362,
#5363,#5364,#5365,#5366,#5367,#5368,#5369,#5370,#5371,#5372,#5373,#5374,
#5375,#5376,#5377,#5378,#5379,#5380,#5381,#5382,#5383,#5384,#5385,#5386,
#5387,#5388,#5389,#5390,#5391,#5392,#5393,#5394,#5395,#5396,#5397,#5398,
#5399,#5400,#5401,#5402,#5403,#5404,#5405,#5406,#5407,#5408,#5409,#5410,
#5411,#5412,#5413,#5414,#5415,#5416,#5417,#5418,#5419,#5420,#5421,#5422,
#5423,#5424,#5425,#5426,#5427,#5428,#5429,#5430,#5431,#5432,#5433,#5434,
#5435,#5436,#5437,#5438,#5439,#5440,#5441,#5442,#5443,#5444,#5445,#5446,
#5447,#5448,#5449,#5450,#5451,#5452,#5453,#5454,#5455,#5456,#5457,#5458,
#5459,#5460,#5461,#5462,#5463,#5464,#5465,#5466,#5467,#5468,#5469,#5470,
#5471,#5472,#5473,#5474,#5475,#5476,#5477,#5478,#5479,#5480,#5481,#5482,
#5483,#5484,#5485,#5486,#5487,#5488,#5489,#5490,#5491,#5492,#5493,#5494,
#5495,#5496,#5497,#5498,#5499,#5500,#5501,#5502,#5503,#5504,#5505,#5506,
#5507,#5508,#5509,#5510,#5511,#5512,#5513,#5514,#5515,#5516,#5517,#5518,
#5519,#5520,#5521,#5522,#5523,#5524,#5525,#5526,#5527,#5528,#5529,#5530,
#5531,#5532,#5533,#5534,#5535,#5536,#5537,#5538,#5539,#5540,#5541,#5542,
#5543,#5544,#5545,#5546,#5547,#5548,#5549,#5550,#5551,#5552,#5553,#5554,
#5555,#5556,#5557,#5558,#5559,#5560,#5561,#5562,#5563,#5564,#5565,#5566,
#5567,#5568,#5569,#5570,#5571,#5572,#5573,#5574,#5575,#5576,#5577,#5578,
#5579,#5580,#5581,#5582,#5583,#5584,#5585,#5586,#5587,#5588,#5589,#5590,
#5591,#5592,#5593,#5594,#5595,#5596,#5597,#5598,#5599,#5600,#5601,#5602,
#5603,#5604,#5605,#5606,#5607,#5608,#5609,#5610,#5611,#5612,#5613,#5614,
#5615,#5616,#5617,#5618,#5619,#5620,#5621,#5622,#5623,#5624,#5625,#5626,
#5627,#5628,#5629,#5630,#5631,#5632,#5633,#5634,#5635,#5636,#5637,#5638,
#5639,#5640,#5641,#5642,#5643,#5644,#5645,#5646,#5647,#5648,#5649,#5650,
#5651,#5652,#5653,#5654,#5655,#5656,#5657,#5658,#5659,#5660,#5661,#5662,
#5663,#5664,#5665,#5666,#5667,#5668,#5669,#5670,#5671,#5672,#5673,#5674,
#5675,#5676,#5677,#5678,#5679,#5680,#5681,#5682),.UNSPECIFIED.,.F.,.F.,
(4,2,2,2,2,2,2,2,2,2,2,2,2,2,2,2,2,2,2,2,2,2,2,2,2,2,2,2,2,2,2,2,2,2,2,
2,2,2,2,2,2,2,2,2,2,2,2,2,2,2,2,2,2,2,2,2,2,2,2,2,2,2,2,2,2,2,2,2,2,2,2,
2,2,2,2,2,2,2,2,2,2,2,2,2,2,2,2,2,2,2,2,2,2,2,2,2,2,2,2,2,2,2,2,2,2,2,2,
2,2,2,2,2,2,2,2,2,2,2,2,2,2,2,2,2,2,2,2,2,2,2,2,2,2,2,2,2,2,2,2,2,2,2,2,
2,2,2,2,2,2,2,2,2,2,2,2,2,2,2,2,2,2,2,2,2,2,2,2,2,2,2,2,2,2,2,2,2,2,2,2,
2,2,2,2,2,2,2,2,2,2,2,2,2,2,2,2,2,2,2,2,2,2,2,2,2,2,2,2,2,2,2,2,2,2,2,2,
2,2,2,2,2,2,2,2,2,2,2,2,2,2,2,2,2,2,2,2,2,2,2,2,2,2,2,2,2,2,2,2,2,2,2,2,
2,2,2,2,2,2,2,2,2,2,2,2,2,2,2,2,2,2,2,2,2,2,2,2,2,2,2,2,2,2,2,2,2,2,2,2,
2,2,2,2,2,2,2,2,2,2,2,2,2,2,2,2,2,2,2,2,2,2,2,2,2,2,2,2,2,2,2,2,2,2,2,2,
2,2,2,2,2,2,2,2,2,2,2,2,2,2,2,2,2,2,2,2,2,2,2,2,2,2,2,2,2,2,2,2,2,2,2,2,
2,2,2,2,2,2,2,2,2,2,2,2,2,2,2,2,2,2,2,2,2,2,2,2,2,2,2,2,2,2,2,2,2,2,2,2,
2,2,2,2,2,2,2,2,2,2,2,2,2,2,2,2,2,2,2,2,2,2,2,2,2,2,2,2,2,2,2,2,2,2,2,2,
2,2,2,2,2,2,2,2,2,2,2,2,2,2,2,2,2,2,2,2,2,2,2,2,2,2,2,2,2,2,2,2,2,2,2,2,
2,2,2,2,2,2,2,2,2,2,2,2,2,2,2,2,2,2,2,4),(1.00000002108136E-6,0.0920320768460294,
0.105791178499046,0.114804026048014,0.123329924748599,0.131931043817077,
0.14638562907269,0.232578417165474,0.28438723753904,0.309363160398427,0.330769122542572,
0.345532027292763,0.360692866582828,0.384277330482632,0.474401388399205,
0.544140294420886,0.557721484875976,0.566131084443193,0.574870371798278,
0.589993167308149,0.666822871785053,0.751346063061944,0.772883199761285,
0.787668988982504,0.802799503433006,0.82622335959753,0.916122621306811,
0.986104565276693,0.999776226266464,1.00820369088176,1.01692087015486,1.03193678896853,
1.11077448806792,1.19266157845727,1.21451411373174,1.22935566906109,1.24441670034255,
1.26746976815498,1.3629786161987,1.40772546359689,1.42627149670419,1.44084101738458,
1.44945170065636,1.45693978500075,1.46993413589092,1.5208866930096,1.59803140952069,
1.62847545781196,1.65321785350452,1.66859896448457,1.68306316089641,1.70354279208372,
1.76370043267435,1.83853217163289,1.87355502453281,1.88528682410058,1.89337719844937,
1.90279855039825,1.92137349031985,2.00451933923152,2.07231035611005,2.09583486256811,
2.1109839971459,2.12558633980357,2.1469124723451,2.2551750910938,2.29382276086972,
2.31086222520719,2.32453942373632,2.33296776619807,2.3416865479459,2.35671191905226,
2.4342958920872,2.51746183318117,2.53911598544276,2.55392232786999,2.56902877618414,
2.59232594312801,2.68393558709304,2.75132852656792,2.76532075037208,2.77381234059741,
2.7824565435935,2.79712108195906,2.87972886809015,2.95948169724559,2.98065182162066,
2.99537443727829,3.00879315578979,3.03100496724195,3.13306691670452,3.17431122636109,
3.1920057668421,3.20607249380101,3.21457925293449,3.22320780106852,3.23779670515758,
3.32069970571826,3.37385710482648,3.39916585697233,3.42077714325506,3.4355764158203,
3.45069479323629,3.47405384897554,3.56398161153842,3.63339166802222,3.64701397449362,
3.65543151247414,3.66416792810924,3.6792792762234,3.75558051591979,3.8394499970095,
3.86112403340324,3.87593436888952,3.89103927478015,3.91432669824682,4.00550908834783,
4.07216791249791,4.08658500967286,4.09516367387538,4.10267622507752,4.11581150514606,
4.17073678929119,4.24430289013711,4.2740772887658,4.29841722284116,4.31372136674887,
4.3282305205596,4.34570170518071,4.39290269595991,4.40030170895424,4.48116455455852,
4.5173391503566,4.52918008389439,4.53728619971034,4.54666182040705,4.56499909184731,
4.64805951292028,4.71563719730701,4.73911721368252,4.75425800834176,4.76887038340301,
4.79025218247968,4.89747332478381,4.93623112077399,4.95328913768223,4.96697437402165,
4.97540416596463,4.98412760690242,4.99917755293287,5.07573499363042,5.15902165440941,
5.18071698962266,5.19553106503686,5.20886421729602,5.23054447212305,5.33568423456093,
5.3752754651295,5.39254557444514,5.40635716433626,5.41481213535899,5.42350543125253,
5.43840929306402,5.51886042595615,5.57280666782259,5.59830232135674,5.62002747804107,
5.63484703368842,5.64817639468949,5.66983152996194,5.77502755943224,5.81454000116948,
5.83178838644679,5.84558651930278,5.85403883862482,5.8627366684122,5.8776624873085,
5.95666545251474,6.03734357380216,6.05910080097019,6.0739261656247,6.0872513130682,
6.10887904208874,6.21414466360584,6.25357211797777,6.27079713217928,6.28458079696949,
6.29303022771122,6.30173277721251,6.3166816540305,6.39520075008881,6.47617455179993,
6.49794050159708,6.51276754523389,6.52609207836683,6.54771510596862,6.65289902515401,
6.69230671604551,6.7095249882918,6.72330411368137,6.73175263876045,6.74045748037734,
6.75541765647417,6.83269790816303,6.91506786525413,6.93669473748836,6.95149741881346,
6.96484442322452,6.98660793814488,7.09073677154618,7.13054706002948,7.14786596476375,
7.16170461874337,7.17016504639342,7.17885655542612,7.19375222054728,7.27412772674847,
7.32783713044887,7.35325978753809,7.3749363879915,7.38974802569185,7.40308800366123,
7.42480620818469,7.52912865190574,7.56879971962478,7.58608164378511,7.59989775455007,
7.60835370886597,7.61705194421172,7.63198021472561,7.70947713312162,7.79109727139994,
7.81287864867086,7.82770891056355,7.84279799585047,7.8659986416782,7.95695455216552,
8.02227557073417,8.03701286327463,8.04565737512463,8.05313525003804,8.06606723529323,
8.11629606971681,8.1703897842804,8.2314636105383,8.25208592374105,8.26657490218685,
8.28192709826651,8.30651984108285,8.33673621456706,8.41313507878803,8.46340042952756,
8.47630835560996,8.48377343149668,8.49243984102689,8.50721376006921,8.57346308083869,
8.663287741915,8.68652975206114,8.70162690684289,8.71645293321563,8.73820776948699,
8.81940317615051,8.89699536918868,8.91188946356282,8.92056634502869,8.92904445860348,
8.942908098291,9.01742983334485,9.09988402491454,9.12346107185483,9.13862119854969,
9.15340027598784,9.17488528827596,9.20000444755022,9.25258235964052,9.33493881425363,
9.3493872381986,9.35797198995079,9.36653473855433,9.38080924229823,9.39885444955834,
9.44158077886736,9.53887917121939,9.56148314092091,9.57646263473418,9.59139444867032,
9.61373705643303,9.6402303717988,9.6983563636245,9.76999480536434,9.7854367093128,
9.79422598647924,9.80261930143327,9.81605914264594,9.88534000677538,9.97427066719309,
9.99752285825724,10.0126223942111,10.0274498557011,10.0492089774777,10.1307842775649,
10.2076081419855,10.2225040410713,10.2311812955379,10.2396624355411,10.2535403168502,
10.3202939571542,10.4109716363662,10.4341282112716,10.4492101404516,10.464053132524,
10.4858985238725,10.5115948909216,10.5664744730818,10.6439859388359,10.6588665133605,
10.6675405921672,10.6760254878035,10.6899216953857,10.7551448230806,10.8474226317494,
10.870467484778,10.8855287794942,10.9003900559675,10.9223373320042,11.0052072147683,
11.0798101007053,11.0948533562418,11.1035609437436,11.1120192936216,11.1257842693633,
11.1922600852461,11.2832662333048,11.3063823644359,11.3214571052183,11.3363083249557,
11.3581975807933,11.3839663189995,11.4391627008849,11.5159518307666,11.5308252758935,
11.5394978862549,11.5479862787644,11.5618992447287,11.627686331526,11.7190364495081,
11.7421204395381,11.757189339583,11.7720464957737,11.7939681373266,11.8197898906298,
11.8752138058109,11.9514727135788,11.9663753331856,11.9750539339998,11.983538310556,
11.9974314557824,12.0627453351534,12.1545684794324,12.177609969019,12.1926711109045,
12.2075358773804,12.2294992884392,12.2553891681782,12.3111031995902,12.3867156708484,
12.4016575310323,12.4103441881824,12.4188228534862,12.4326878073587,12.498215879255,
12.5897345431602,12.6127848268209,12.6278477250469,12.642712039989,12.6646719409768,
12.7423450651776,12.8220229952912,12.8368411854974,12.8455023867562,12.8540039459477,
12.8679809476122,12.8855293776748,12.9262844283342,13.026744447331,13.0488173487864,
13.0622168623265,13.0769807462645,13.0983658028388,13.1815802594821,13.256507476317,
13.2715165827562,13.2802171141125,13.2886866587064,13.3025059505203,13.3710311990965,
13.4590611364581,13.4822715908535,13.4973646664674,13.5122064069155,13.5340360250525,
13.5597147795185,13.6146152870792,13.6913618964936,13.706197667596,13.7148625009201,
13.7233632098411,13.7373356541983,13.7548781134659,13.7956234552357,13.8958591068913,
13.917931256318,13.9313310506596,13.946096992711,13.9674910811376,14.049883955314,
14.1255545290894,14.1404576596312,14.1491363908313,14.157626380495,14.1715459515656,
14.237872709132,14.3278951679898,14.3509907144429,14.3660627868517,14.380924235539,
14.4028624872165,14.4841823409988,14.5595868486234,14.5745011409184,14.5831821930332,
14.5916714173085,14.605586905834,14.6718604501958,14.7618363787521,14.7849238469922,
14.7999946371343,14.8148584454959,14.8368084676108,14.9186909174435,14.9932012525345,
15.0082158916987,15.0169176017899,15.0253907911241,15.0392269165894,15.1064347076145,
15.1954230206258,15.2185499467699,15.2336282678038,15.248487024993,15.270407095201,
15.3497689121979,15.42707994922,15.4419076008333,15.4505708585959,15.4590778059635,
15.4730795872283,15.4906749327656,15.5316626072221,15.630887023919,15.6530346175128,
15.6664475684741,15.6812056217657,15.7025468269974,15.7845079198187,15.8603098184253,
15.8751697958264,15.883839737829,15.8923421054042,15.9063211539525,15.9238789566302,
15.9647218533929,16.0641369475671,16.0862431731808,16.0996496688279,16.1144153479092,
16.1357993005673,16.2185178486903,16.2362883589495,16.2370890981067,16.2694797802158,
16.3001355390355,16.3116161461242,16.3195415918199,16.3271134999791,16.3426010203213),
 .UNSPECIFIED.);
#53=B_SPLINE_CURVE_WITH_KNOTS('',3,(#5683,#5684,#5685,#5686,#5687,#5688,
#5689,#5690,#5691,#5692,#5693,#5694,#5695,#5696,#5697,#5698,#5699,#5700,
#5701,#5702,#5703,#5704,#5705,#5706,#5707,#5708,#5709,#5710,#5711,#5712,
#5713,#5714,#5715,#5716,#5717,#5718,#5719,#5720,#5721,#5722,#5723,#5724,
#5725,#5726,#5727,#5728,#5729,#5730,#5731,#5732,#5733,#5734,#5735,#5736,
#5737,#5738,#5739,#5740,#5741,#5742,#5743,#5744,#5745,#5746,#5747,#5748,
#5749,#5750,#5751,#5752,#5753,#5754,#5755,#5756,#5757,#5758,#5759,#5760,
#5761,#5762,#5763,#5764,#5765,#5766,#5767,#5768,#5769,#5770,#5771,#5772,
#5773,#5774,#5775,#5776,#5777,#5778,#5779,#5780,#5781,#5782,#5783,#5784,
#5785,#5786,#5787,#5788,#5789,#5790,#5791,#5792,#5793,#5794,#5795,#5796,
#5797,#5798,#5799,#5800,#5801,#5802,#5803,#5804,#5805,#5806,#5807,#5808,
#5809,#5810,#5811,#5812,#5813,#5814,#5815,#5816,#5817,#5818,#5819,#5820,
#5821,#5822),.UNSPECIFIED.,.F.,.F.,(4,2,2,2,2,2,2,2,2,2,2,2,2,2,2,2,2,2,
2,2,2,2,2,2,2,2,2,2,2,2,2,2,2,2,2,2,2,2,2,2,2,2,2,2,2,2,2,2,2,2,2,2,2,2,
2,2,2,2,2,2,2,2,2,2,2,2,2,2,2,4),(9.99999999015588E-7,0.0728849355451806,
0.128668973137173,0.154528613035391,0.176457744483513,0.191306504484422,
0.20636418008284,0.229442274588465,0.318060904364123,0.384810313866162,
0.398694416014711,0.407158506013355,0.415853924899081,0.430798225141965,
0.505553472424425,0.588122763804208,0.609394826535114,0.624129208498984,
0.637537530031458,0.659722368676277,0.757943445457638,0.799046707270199,
0.816639146830902,0.830624444265199,0.839108816333469,0.847781445929224,
0.862615149716053,0.938532767288219,1.01963411653603,1.04107682341682,1.05584064585908,
1.07100978047112,1.09468510107849,1.1655197145468,1.24790657908465,1.26214814934634,
1.27068444394614,1.2793007261298,1.29386121772714,1.31242167181402,1.35755010183329,
1.44803491512282,1.47098371231518,1.48601785100663,1.50088995535728,1.52294747558843,
1.54901419582993,1.60569914504859,1.6778891122291,1.69293342681413,1.70163479883776,
1.7100983491735,1.72391719052795,1.78839984605904,1.87948458959238,1.90238155243627,
1.91740625443355,1.93228773657632,1.95439684064966,1.98054800045112,2.0376015479615,
2.10885363258084,2.12403554039747,2.13276507088926,2.14120718178271,2.15491933498377,
2.22226449014238,2.3023879925907,2.31857462958209,2.33107073235755),
 .UNSPECIFIED.);
#54=B_SPLINE_CURVE_WITH_KNOTS('',3,(#5824,#5825,#5826,#5827,#5828,#5829,
#5830,#5831,#5832,#5833,#5834,#5835,#5836,#5837,#5838,#5839,#5840,#5841,
#5842,#5843,#5844,#5845,#5846,#5847),.UNSPECIFIED.,.F.,.F.,(4,2,2,2,2,2,
2,2,2,2,2,4),(0.00104568419195053,0.0043734043872274,0.00930215716214032,
0.0232833005410719,0.0826985007828042,0.139638858996801,0.186003339474419,
0.203173202002713,0.217484475416372,0.230712812212708,0.245686372674008,
0.279167292670536),.UNSPECIFIED.);
#55=B_SPLINE_CURVE_WITH_KNOTS('',3,(#5848,#5849,#5850,#5851,#5852,#5853,
#5854,#5855,#5856,#5857,#5858,#5859,#5860,#5861,#5862,#5863,#5864,#5865,
#5866,#5867,#5868,#5869,#5870,#5871,#5872,#5873,#5874,#5875,#5876,#5877,
#5878,#5879,#5880,#5881,#5882,#5883,#5884,#5885,#5886,#5887,#5888,#5889,
#5890,#5891,#5892,#5893,#5894,#5895,#5896,#5897,#5898,#5899,#5900,#5901,
#5902,#5903,#5904,#5905,#5906,#5907,#5908,#5909,#5910,#5911,#5912,#5913,
#5914,#5915,#5916,#5917,#5918,#5919,#5920,#5921,#5922,#5923,#5924,#5925,
#5926,#5927,#5928,#5929,#5930,#5931,#5932,#5933,#5934,#5935,#5936,#5937,
#5938,#5939,#5940,#5941,#5942,#5943,#5944,#5945,#5946,#5947,#5948,#5949,
#5950,#5951,#5952,#5953,#5954,#5955,#5956,#5957,#5958,#5959,#5960,#5961,
#5962,#5963,#5964,#5965,#5966,#5967,#5968,#5969,#5970,#5971,#5972,#5973,
#5974,#5975,#5976,#5977,#5978,#5979,#5980,#5981,#5982,#5983,#5984,#5985,
#5986,#5987,#5988,#5989,#5990,#5991,#5992,#5993,#5994,#5995,#5996,#5997,
#5998,#5999,#6000,#6001,#6002,#6003,#6004,#6005,#6006,#6007,#6008,#6009,
#6010,#6011,#6012,#6013,#6014,#6015,#6016,#6017,#6018,#6019,#6020,#6021,
#6022,#6023,#6024,#6025,#6026,#6027,#6028,#6029,#6030,#6031,#6032,#6033,
#6034,#6035,#6036,#6037,#6038,#6039,#6040,#6041,#6042,#6043,#6044,#6045,
#6046,#6047,#6048,#6049,#6050,#6051,#6052,#6053,#6054,#6055,#6056,#6057,
#6058,#6059,#6060,#6061,#6062,#6063,#6064,#6065,#6066,#6067,#6068,#6069,
#6070,#6071,#6072,#6073,#6074,#6075,#6076,#6077,#6078,#6079,#6080,#6081,
#6082,#6083,#6084,#6085,#6086,#6087,#6088,#6089,#6090,#6091,#6092,#6093,
#6094,#6095,#6096,#6097,#6098,#6099,#6100,#6101,#6102,#6103,#6104,#6105,
#6106,#6107,#6108,#6109,#6110,#6111,#6112,#6113,#6114,#6115,#6116,#6117,
#6118,#6119,#6120,#6121,#6122,#6123,#6124,#6125,#6126,#6127,#6128,#6129,
#6130,#6131,#6132,#6133,#6134,#6135,#6136,#6137,#6138,#6139,#6140,#6141,
#6142,#6143,#6144,#6145,#6146,#6147,#6148,#6149,#6150,#6151,#6152,#6153,
#6154,#6155,#6156,#6157,#6158,#6159,#6160,#6161,#6162,#6163,#6164,#6165,
#6166,#6167,#6168,#6169,#6170,#6171,#6172,#6173,#6174,#6175,#6176,#6177,
#6178,#6179,#6180,#6181,#6182,#6183,#6184,#6185,#6186,#6187,#6188,#6189,
#6190,#6191,#6192,#6193,#6194,#6195,#6196,#6197,#6198,#6199,#6200,#6201,
#6202,#6203,#6204,#6205,#6206,#6207,#6208,#6209,#6210,#6211,#6212,#6213,
#6214,#6215,#6216,#6217,#6218,#6219,#6220,#6221,#6222,#6223,#6224,#6225,
#6226,#6227,#6228,#6229,#6230,#6231,#6232,#6233,#6234,#6235,#6236,#6237,
#6238,#6239,#6240,#6241,#6242,#6243,#6244,#6245,#6246,#6247,#6248,#6249,
#6250,#6251,#6252,#6253,#6254,#6255,#6256,#6257,#6258,#6259,#6260,#6261,
#6262,#6263,#6264,#6265,#6266,#6267,#6268,#6269,#6270,#6271,#6272,#6273,
#6274,#6275,#6276,#6277,#6278,#6279,#6280,#6281,#6282,#6283,#6284,#6285,
#6286,#6287,#6288,#6289,#6290,#6291,#6292,#6293,#6294,#6295,#6296,#6297,
#6298,#6299,#6300,#6301,#6302,#6303,#6304,#6305,#6306,#6307,#6308,#6309,
#6310,#6311,#6312,#6313,#6314,#6315,#6316,#6317,#6318,#6319,#6320,#6321,
#6322,#6323,#6324,#6325,#6326,#6327,#6328,#6329,#6330,#6331,#6332,#6333,
#6334,#6335,#6336,#6337,#6338,#6339,#6340,#6341,#6342,#6343,#6344,#6345,
#6346,#6347,#6348,#6349,#6350,#6351,#6352,#6353,#6354,#6355,#6356,#6357,
#6358,#6359,#6360,#6361,#6362,#6363,#6364,#6365,#6366,#6367,#6368,#6369,
#6370,#6371,#6372,#6373,#6374,#6375,#6376,#6377,#6378,#6379,#6380,#6381,
#6382,#6383,#6384,#6385,#6386,#6387,#6388,#6389,#6390,#6391,#6392,#6393,
#6394,#6395,#6396,#6397,#6398,#6399,#6400,#6401,#6402,#6403,#6404,#6405,
#6406,#6407,#6408,#6409,#6410,#6411,#6412,#6413,#6414,#6415,#6416,#6417,
#6418,#6419,#6420,#6421,#6422,#6423,#6424,#6425,#6426,#6427,#6428,#6429,
#6430,#6431,#6432,#6433,#6434,#6435,#6436,#6437,#6438,#6439,#6440,#6441,
#6442,#6443,#6444,#6445,#6446,#6447,#6448,#6449,#6450,#6451,#6452,#6453,
#6454,#6455,#6456,#6457,#6458,#6459,#6460,#6461,#6462,#6463,#6464,#6465,
#6466,#6467,#6468,#6469,#6470,#6471,#6472,#6473,#6474,#6475,#6476,#6477,
#6478,#6479,#6480,#6481,#6482,#6483,#6484,#6485,#6486,#6487,#6488,#6489,
#6490,#6491,#6492,#6493,#6494,#6495,#6496,#6497,#6498,#6499,#6500,#6501,
#6502,#6503,#6504,#6505,#6506,#6507,#6508,#6509,#6510,#6511,#6512,#6513,
#6514,#6515,#6516,#6517,#6518,#6519,#6520,#6521,#6522,#6523,#6524,#6525,
#6526,#6527,#6528,#6529,#6530,#6531,#6532,#6533,#6534,#6535,#6536,#6537,
#6538,#6539,#6540,#6541,#6542,#6543,#6544,#6545,#6546,#6547,#6548,#6549,
#6550,#6551,#6552,#6553,#6554,#6555,#6556,#6557,#6558,#6559,#6560,#6561,
#6562,#6563,#6564,#6565,#6566,#6567,#6568,#6569,#6570,#6571,#6572,#6573,
#6574,#6575,#6576,#6577,#6578,#6579,#6580,#6581,#6582,#6583,#6584,#6585,
#6586,#6587,#6588,#6589,#6590,#6591,#6592,#6593,#6594,#6595,#6596,#6597,
#6598,#6599,#6600,#6601,#6602,#6603,#6604,#6605,#6606,#6607,#6608,#6609,
#6610,#6611,#6612,#6613,#6614,#6615,#6616,#6617,#6618,#6619,#6620,#6621,
#6622,#6623,#6624,#6625,#6626,#6627,#6628,#6629,#6630,#6631,#6632,#6633,
#6634,#6635,#6636,#6637,#6638,#6639,#6640,#6641,#6642,#6643,#6644,#6645,
#6646,#6647,#6648,#6649,#6650,#6651,#6652,#6653,#6654,#6655,#6656,#6657,
#6658,#6659,#6660,#6661,#6662,#6663,#6664,#6665,#6666,#6667,#6668,#6669,
#6670,#6671,#6672,#6673,#6674,#6675,#6676,#6677,#6678,#6679,#6680,#6681,
#6682,#6683,#6684,#6685,#6686,#6687,#6688,#6689,#6690,#6691,#6692,#6693,
#6694,#6695,#6696,#6697,#6698,#6699,#6700,#6701,#6702,#6703,#6704,#6705,
#6706,#6707,#6708,#6709,#6710,#6711,#6712,#6713,#6714,#6715,#6716,#6717,
#6718,#6719,#6720,#6721,#6722,#6723,#6724,#6725,#6726,#6727,#6728,#6729,
#6730,#6731,#6732,#6733,#6734,#6735,#6736,#6737,#6738,#6739,#6740,#6741,
#6742,#6743,#6744,#6745,#6746,#6747,#6748,#6749,#6750,#6751,#6752,#6753,
#6754,#6755,#6756,#6757,#6758,#6759,#6760,#6761,#6762,#6763,#6764,#6765,
#6766,#6767,#6768,#6769,#6770,#6771,#6772,#6773,#6774,#6775,#6776,#6777,
#6778,#6779,#6780,#6781,#6782,#6783,#6784,#6785,#6786,#6787,#6788,#6789,
#6790,#6791,#6792,#6793,#6794,#6795,#6796,#6797,#6798,#6799,#6800,#6801,
#6802,#6803,#6804,#6805,#6806,#6807,#6808,#6809,#6810,#6811,#6812,#6813,
#6814,#6815,#6816,#6817,#6818,#6819,#6820,#6821,#6822,#6823,#6824,#6825,
#6826,#6827,#6828,#6829,#6830,#6831,#6832,#6833,#6834,#6835),
 .UNSPECIFIED.,.F.,.F.,(4,2,2,2,2,2,2,2,2,2,2,2,2,2,2,2,2,2,2,2,2,2,2,2,
2,2,2,2,2,2,2,2,2,2,2,2,2,2,2,2,2,2,2,2,2,2,2,2,2,2,2,2,2,2,2,2,2,2,2,2,
2,2,2,2,2,2,2,2,2,2,2,2,2,2,2,2,2,2,2,2,2,2,2,2,2,2,2,2,2,2,2,2,2,2,2,2,
2,2,2,2,2,2,2,2,2,2,2,2,2,2,2,2,2,2,2,2,2,2,2,2,2,2,2,2,2,2,2,2,2,2,2,2,
2,2,2,2,2,2,2,2,2,2,2,2,2,2,2,2,2,2,2,2,2,2,2,2,2,2,2,2,2,2,2,2,2,2,2,2,
2,2,2,2,2,2,2,2,2,2,2,2,2,2,2,2,2,2,2,2,2,2,2,2,2,2,2,2,2,2,2,2,2,2,2,2,
2,2,2,2,2,2,2,2,2,2,2,2,2,2,2,2,2,2,2,2,2,2,2,2,2,2,2,2,2,2,2,2,2,2,2,2,
2,2,2,2,2,2,2,2,2,2,2,2,2,2,2,2,2,2,2,2,2,2,2,2,2,2,2,2,2,2,2,2,2,2,2,2,
2,2,2,2,2,2,2,2,2,2,2,2,2,2,2,2,2,2,2,2,2,2,2,2,2,2,2,2,2,2,2,2,2,2,2,2,
2,2,2,2,2,2,2,2,2,2,2,2,2,2,2,2,2,2,2,2,2,2,2,2,2,2,2,2,2,2,2,2,2,2,2,2,
2,2,2,2,2,2,2,2,2,2,2,2,2,2,2,2,2,2,2,2,2,2,2,2,2,2,2,2,2,2,2,2,2,2,2,2,
2,2,2,2,2,2,2,2,2,2,2,2,2,2,2,2,2,2,2,2,2,2,2,2,2,2,2,2,2,2,2,2,2,2,2,2,
2,2,2,2,2,2,2,2,2,2,2,2,2,2,2,2,2,2,2,2,2,2,2,2,2,2,2,2,2,2,2,2,2,2,2,2,
2,2,2,2,2,2,2,2,2,2,2,2,2,2,2,2,2,2,2,2,2,2,2,2,2,2,2,2,2,2,2,2,2,2,2,2,
2,4),(9.99999999512498E-7,0.113299197522473,0.130479158968164,0.144196443257364,
0.152574418340506,0.161139608748672,0.175831222225898,0.252207493961818,
0.332412926042494,0.35388859494428,0.368528575101925,0.38344125010653,0.406413424791226,
0.494107310132211,0.561844852581662,0.5755509602852,0.583926808846745,0.592493827753151,
0.607193389210481,0.68343687836561,0.738024848611695,0.7635076870265,0.785148944181569,
0.799818496784175,0.814695095935275,0.837472041173448,0.928901803112148,
0.99338802146274,1.00712186128028,1.01550356344227,1.02406317815318,1.03872567954978,
1.1177533855203,1.17071867024513,1.19579618960008,1.21718448669582,1.23180955089551,
1.24498978913589,1.26647102836933,1.36896293924446,1.40826884851959,1.42537954340528,
1.43905746820235,1.44742798866966,1.45600033718583,1.4707233829072,1.54768641016392,
1.62764467458638,1.64912359327043,1.66376479903487,1.67867584466303,1.7016348763583,
1.79036485846275,1.85746863145033,1.87118970545841,1.87956916551083,1.88813025415727,
1.90279777724144,1.98185600333771,2.03495106330331,2.0600687600664,2.08148402565448,
2.09611423502322,2.11103915868965,2.13407096220957,2.22142787727583,2.28989544584592,
2.30361364455555,2.31199270363526,2.32055370381098,2.33521971501456,2.41415794533193,
2.46740679061361,2.49256724226925,2.51401022494364,2.52864552823128,2.54181655720804,
2.56323645771273,2.66650619981873,2.70564724006218,2.72272194319736,2.73638027356006,
2.74474735191504,2.75332210312262,2.76805356728248,2.84492115769028,2.92529555388967,
2.9468054589323,2.96145277406575,2.97635607555985,2.99926933822438,3.08955504150373,
3.15579476545812,3.1694153132755,3.17777486865896,3.18635803598316,3.20112940097615,
3.27713812423915,3.35834744994672,3.37989626740979,3.39455062796628,3.40944504677694,
3.43230958843712,3.52358052614874,3.58984538491807,3.60306885746848,3.61134924641307,
3.62003609857676,3.63531177014887,3.70646582184933,3.79143494438246,3.81313317071382,
3.82781428652473,3.84267660045991,3.86536754419947,3.9590120491578,4.00296034192401,
4.02916886675752,4.03976175840937,4.04766095472853,4.05763217097078,4.07985732815629,
4.15732221091925,4.22243010393063,4.24539705493437,4.26031098756086,4.27477852147129,
4.29609147703722,4.40055233476884,4.43940861002573,4.45641819370961,4.47004002549698,
4.47840028986743,4.48698059504014,4.50173524940836,4.57835405739768,4.65971673979585,
4.68111340177752,4.6957413489648,4.71066815733156,4.73370261285318,4.82251173424193,
4.89047027406204,4.90411262801674,4.91247720439303,4.92105161604113,4.93577678967586,
5.01395152559367,5.09370630794575,5.11521185835593,5.12985916587276,5.14476135956922,
5.16766314393453,5.2591231569666,5.32454460682837,5.33833906561622,5.3467348749324,
5.35527215314431,5.36981664886124,5.45069310151102,5.50341446760047,5.52846380807217,
5.54984286243694,5.56446807157479,5.57939814262227,5.60244742266047,5.6914246919076,
5.75960287914296,5.77316765238025,5.78151681977421,5.79010879992813,5.80491716838393,
5.88118207491431,5.9632619054016,5.98463154800823,5.99925523907303,6.01418701019577,
6.03724428463981,6.12629065048354,6.19445738765457,6.20805267424055,6.21640816112495,
6.22499167830933,6.23975809498546,6.31768703219053,6.37214753511572,6.39764640693984,
6.41930926485632,6.43398515111932,6.44885268837475,6.47156460040903,6.56590381315915,
6.6098705392586,6.62814324763734,6.64251451974655,6.65103055952605,6.65944311924922,
6.6733811518987,6.76075255424255,6.82927163215359,6.8527111133825,6.86771533200407,
6.88211793952956,6.90304377967407,7.01074724776971,7.04857734803519,7.06533256790266,
7.07880543367895,7.08713654691889,7.0957494209533,7.11065615851354,7.18612952186791,
7.26931544236102,7.29064433231382,7.30526141313871,7.32020144058102,7.34329876088978,
7.43220866205368,7.50113001780326,7.51457224733348,7.52289733834025,7.5315172622449,
7.54645735514978,7.62179423610776,7.7057127847057,7.72680596670936,7.74138213558239,
7.75637759702435,7.77976817889654,7.86273230116281,7.93593414700724,7.95000308814621,
7.9584567583103,7.96692819121045,7.9811494304132,8.06633971953824,8.13647308488168,
8.16012977565895,8.17517583937614,8.18955105069706,8.21031016271377,8.28278117115538,
8.3457388461988,8.36782304003622,8.38434220967435,8.39329635993546,8.40141567721869,
8.41381604294383,8.45812082881825,8.53275404967149,8.582084635798,8.59959747257623,
8.61398872035658,8.62900939047123,8.65253094999602,8.7215934664267,8.80871047718173,
8.82277523942597,8.83122836974592,8.83969913457672,8.85391545836487,8.87193301317956,
8.91483803150112,9.01182434419255,9.03434521582381,9.04917849605165,9.06388335160455,
9.08570215915174,9.11144402201298,9.16679368236,9.24409004894934,9.2589224689341,
9.26753493382855,9.27586185908344,9.28937046215684,9.30619452998971,9.34430862304544,
9.45198456276323,9.47301815103892,9.48743960529949,9.50241435113626,9.52569128197964,
9.59284532368262,9.67516739116102,9.69356740431646,9.70288608334334,9.71087579657626,
9.7224386764469,9.75672998175112,9.8290558386456,9.89043751771913,9.91091625959174,
9.92524596016559,9.9403672707519,9.96441520113492,9.99381237691799,10.0660689264055,
10.1174837491335,10.1328831670169,10.1416123354683,10.1498542317238,10.162925602105,
10.2211732227948,10.3254435463276,10.3470307403698,10.3602308047282,10.3748310157768,
10.3960597294325,10.4208586409123,10.4724866183815,10.5571004576403,10.5714076855126,
10.5799118008317,10.5883297325899,10.6022877167837,10.6198626351218,10.660914447535,
10.762251927434,10.7842799837731,10.7975519002464,10.8120815611807,10.8328998655253,
10.9071277319676,10.9936986381323,11.0087264641776,11.0173797604637,11.025673128293,
11.0390096997598,11.0555445282764,11.0925327074249,11.1971545660967,11.2207166504803,
11.2357459808831,11.2502966085157,11.271237606909,11.349251001993,11.4332023507467,
11.4475134333741,11.4560186598504,11.4644343230359,11.478379769552,11.495931414959,
11.5368730530868,11.6387095166535,11.6607021858417,11.6739685339715,11.6885028282817,
11.7093473161476,11.7840776075911,11.8722257099332,11.8862380524939,11.8946811942429,
11.903157352092,11.9173946977818,11.9354403635851,11.9783991752685,12.0761473625759,
12.0986884706511,12.113526418439,12.1282247662544,12.150003485553,12.1756717804024,
12.2306260168344,12.3093487619829,12.3242111516817,12.3328308533719,12.3411478883592,
12.3546027960921,12.4237224087722,12.5136674418922,12.5368484023191,12.551806230141,
12.5664066680605,12.5876337796132,12.6124241207036,12.6639609319781,12.7493111837654,
12.7636348882227,12.7721431719612,12.7805540717873,12.794474215418,12.8628299337756,
12.9527514416324,12.9759445711943,12.9909048468884,13.0055031635189,13.0267176887205,
13.0514869622556,13.1029328362869,13.188564217603,13.2028831985549,13.211390637921,
13.2198016616493,13.2337217807717,13.3020034510864,13.3921279097601,13.4153226649976,
13.4302834004484,13.4448810719518,13.4660914602421,13.5506160462937,13.6268130031114,
13.6418366147286,13.6504900186723,13.6587799441727,13.672095600113,13.742887305455,
13.8316548321253,13.8549220200729,13.8698966385005,13.8844839722173,13.9056343129953,
13.9955864621688,14.0648938488284,14.0809001332343,14.0897541393663,14.0979175646666,
14.1105627299273,14.1585045608261,14.2328420011701,14.280411269437,14.2977944766371,
14.312156962418,14.3272188529595,14.3509438494747,14.4212728416156,14.5080864702677,
14.5223401857814,14.530834655696,14.5392564176233,14.5532261156739,14.5708112932653,
14.6118311861557,14.7144081217343,14.7364179016795,14.7496880894442,14.7642178543404,
14.7850305694588,14.8581371048031,14.940801512933,14.9595504248498,14.9689374767609,
14.9769069781946,14.9883140327655,15.0210456916331,15.0862922317297,15.1573872140119,
15.1782501507042,15.1926442315715,15.2076558242465,15.2311136725907,15.2993411131614,
15.3837246865154,15.4010284479071,15.4101405066537,15.4181889764089,15.4301538117283,
15.4685358325449,15.5627290614797,15.6037785570217,15.6221354350932,15.6363506790366,
15.6522044900518,15.6800726747471,15.7375376741601,15.8159986986021,15.8386602753437,
15.8487703524585,15.8566574322866,15.8668664118751,15.8905090586725,15.9276188863064,
16.0333891940436,16.0569867676878,16.0720251243171,16.086567581508,16.1074538630277,
16.1821822148483,16.2689737220831,16.2844060045587,16.2931443587254,16.3013731864136,
16.3143685864258,16.3694910405623,16.4743549105295,16.4981364218632,16.5132099637218,
16.5277294326195,16.5484800769849,16.6197673282058,16.7115894047105,16.7259519135118,
16.7309818004288,16.7354219006355),.UNSPECIFIED.);
#56=B_SPLINE_CURVE_WITH_KNOTS('',3,(#7128,#7129,#7130,#7131,#7132,#7133,
#7134,#7135,#7136,#7137,#7138,#7139,#7140,#7141,#7142,#7143,#7144,#7145,
#7146,#7147,#7148,#7149,#7150,#7151,#7152,#7153,#7154,#7155,#7156,#7157,
#7158,#7159,#7160,#7161,#7162,#7163,#7164,#7165,#7166,#7167,#7168,#7169,
#7170,#7171,#7172,#7173,#7174,#7175,#7176,#7177,#7178,#7179,#7180,#7181,
#7182,#7183,#7184,#7185,#7186,#7187,#7188,#7189,#7190,#7191,#7192,#7193,
#7194,#7195,#7196,#7197,#7198,#7199,#7200,#7201,#7202,#7203,#7204,#7205,
#7206,#7207,#7208,#7209,#7210,#7211,#7212,#7213,#7214,#7215,#7216,#7217,
#7218,#7219,#7220,#7221,#7222,#7223,#7224,#7225,#7226,#7227,#7228,#7229,
#7230,#7231,#7232,#7233,#7234,#7235,#7236,#7237),.UNSPECIFIED.,.F.,.F.,
(4,2,2,2,2,2,2,2,2,2,2,2,2,2,2,2,2,2,2,2,2,2,2,2,2,2,2,2,2,2,2,2,2,2,2,
2,2,2,2,2,2,2,2,2,2,2,2,2,2,2,2,2,2,2,4),(0.159154133002707,0.161184210526316,
0.17516447368421,0.189144736842105,0.203125,0.217105263157895,0.231085526315789,
0.245065789473684,0.259046052631579,0.273026315789474,0.287006578947368,
0.300986842105263,0.314967105263158,0.328947368421053,0.342927631578947,
0.356907894736842,0.370888157894737,0.384868421052632,0.398848684210526,
0.412828947368421,0.426809210526316,0.440789473684211,0.454769736842105,
0.46875,0.482730263157895,0.496710526315789,0.510690789473684,0.524671052631579,
0.538651315789474,0.552631578947368,0.566611842105263,0.580592105263158,
0.594572368421053,0.608552631578947,0.622532894736842,0.636513157894737,
0.650493421052632,0.664473684210526,0.678453947368421,0.692434210526316,
0.706414473684211,0.720394736842105,0.734375,0.748355263157895,0.762335526315789,
0.776315789473684,0.790296052631579,0.804276315789474,0.818256578947368,
0.832236842105263,0.846217105263158,0.860197368421053,0.874177631578947,
0.888157894736842,0.891311881624718),.UNSPECIFIED.);
#57=B_SPLINE_CURVE_WITH_KNOTS('',3,(#7530,#7531,#7532,#7533,#7534,#7535,
#7536,#7537,#7538,#7539,#7540,#7541,#7542,#7543,#7544,#7545,#7546,#7547,
#7548,#7549,#7550,#7551,#7552,#7553,#7554,#7555,#7556,#7557,#7558,#7559,
#7560,#7561,#7562,#7563,#7564,#7565,#7566,#7567,#7568,#7569,#7570,#7571,
#7572,#7573,#7574,#7575,#7576,#7577,#7578,#7579,#7580,#7581,#7582,#7583,
#7584,#7585,#7586,#7587,#7588,#7589,#7590,#7591,#7592,#7593,#7594,#7595,
#7596,#7597,#7598,#7599,#7600,#7601,#7602,#7603,#7604,#7605,#7606,#7607,
#7608,#7609,#7610,#7611,#7612,#7613,#7614,#7615,#7616,#7617,#7618,#7619,
#7620,#7621,#7622,#7623,#7624,#7625,#7626,#7627,#7628,#7629,#7630,#7631,
#7632,#7633,#7634,#7635,#7636,#7637,#7638,#7639),.UNSPECIFIED.,.F.,.F.,
(4,2,2,2,2,2,2,2,2,2,2,2,2,2,2,2,2,2,2,2,2,2,2,2,2,2,2,2,2,2,2,2,2,2,2,
2,2,2,2,2,2,2,2,2,2,2,2,2,2,2,2,2,2,2,4),(0.14570644412073,0.147203947368421,
0.161184210526316,0.17516447368421,0.189144736842105,0.203125,0.217105263157895,
0.231085526315789,0.245065789473684,0.259046052631579,0.273026315789474,
0.287006578947368,0.300986842105263,0.314967105263158,0.328947368421053,
0.342927631578947,0.356907894736842,0.370888157894737,0.384868421052632,
0.398848684210526,0.412828947368421,0.426809210526316,0.440789473684211,
0.454769736842105,0.46875,0.482730263157895,0.496710526315789,0.510690789473684,
0.524671052631579,0.538651315789474,0.552631578947368,0.566611842105263,
0.580592105263158,0.594572368421053,0.608552631578947,0.622532894736842,
0.636513157894737,0.650493421052632,0.664473684210526,0.678453947368421,
0.692434210526316,0.706414473684211,0.720394736842105,0.734375,0.748355263157895,
0.762335526315789,0.776315789473684,0.790296052631579,0.804276315789474,
0.818256578947368,0.832236842105263,0.846217105263158,0.860197368421053,
0.874177631578947,0.87866577876856),.UNSPECIFIED.);
#58=B_SPLINE_CURVE_WITH_KNOTS('',3,(#8087,#8088,#8089,#8090,#8091,#8092,
#8093,#8094,#8095,#8096,#8097,#8098,#8099,#8100,#8101,#8102,#8103,#8104,
#8105),.UNSPECIFIED.,.F.,.F.,(4,2,2,2,3,2,2,2,4),(-0.694457610539052,-0.675612055457697,
-0.544386657345494,-0.272193328672747,0.,0.272193328672746,0.544386657345493,
0.675612055457696,0.694457610539051),.UNSPECIFIED.);
#59=B_SPLINE_CURVE_WITH_KNOTS('',3,(#8109,#8110,#8111,#8112,#8113,#8114,
#8115,#8116,#8117,#8118,#8119,#8120,#8121,#8122,#8123,#8124,#8125,#8126),
 .UNSPECIFIED.,.F.,.F.,(4,2,2,2,2,2,2,2,4),(-5.94573869010403,-5.92689313502267,
-5.79566773691047,-5.52347440823772,-5.25128107956497,-4.97908775089223,
-4.70689442221948,-4.57566902410728,-4.55682346902592),.UNSPECIFIED.);
#60=B_SPLINE_CURVE_WITH_KNOTS('',3,(#8130,#8131,#8132,#8133,#8134,#8135,
#8136,#8137,#8138,#8139,#8140,#8141,#8142,#8143,#8144,#8145,#8146,#8147),
 .UNSPECIFIED.,.F.,.F.,(4,2,2,2,2,2,2,2,4),(-5.94573869010402,-5.92689313502267,
-5.79566773691047,-5.52347440823772,-5.25128107956497,-4.97908775089223,
-4.70689442221948,-4.57566902410728,-4.55682346902592),.UNSPECIFIED.);
#61=B_SPLINE_CURVE_WITH_KNOTS('',3,(#8151,#8152,#8153,#8154,#8155,#8156,
#8157,#8158,#8159,#8160,#8161,#8162,#8163,#8164,#8165,#8166,#8167,#8168,
#8169),.UNSPECIFIED.,.F.,.F.,(4,2,2,2,3,2,2,2,4),(-0.694457610539052,-0.675612055457696,
-0.544386657345493,-0.272193328672747,0.,0.272193328672747,0.544386657345493,
0.675612055457696,0.694457610539051),.UNSPECIFIED.);
#62=B_SPLINE_CURVE_WITH_KNOTS('',3,(#8191,#8192,#8193,#8194,#8195,#8196,
#8197,#8198,#8199,#8200,#8201,#8202,#8203,#8204,#8205,#8206,#8207,#8208,
#8209,#8210,#8211,#8212,#8213,#8214,#8215,#8216,#8217,#8218,#8219,#8220,
#8221,#8222,#8223,#8224),.UNSPECIFIED.,.T.,.F.,(4,2,2,2,2,2,2,2,2,2,2,2,
2,2,2,2,4),(0.,0.0407008981787097,0.0814017963574195,0.122102466592944,
0.162803136828469,0.203503807063994,0.244204477299519,0.284905375478229,
0.325606273656939,0.366307171835648,0.407008070014358,0.447708740249883,
0.488409410485408,0.529110080720933,0.569810750956458,0.610511649135167,
0.651212547313877),.UNSPECIFIED.);
#63=B_SPLINE_CURVE_WITH_KNOTS('',3,(#8226,#8227,#8228,#8229,#8230,#8231,
#8232,#8233,#8234,#8235,#8236,#8237,#8238,#8239,#8240,#8241,#8242,#8243,
#8244,#8245,#8246,#8247,#8248,#8249,#8250,#8251,#8252,#8253,#8254,#8255,
#8256,#8257,#8258,#8259),.UNSPECIFIED.,.T.,.F.,(4,2,2,2,2,2,2,2,2,2,2,2,
2,2,2,2,4),(0.,0.0407008981787099,0.0814017963574199,0.122102466592945,
0.162803136828469,0.203503807063994,0.244204477299518,0.284905375478227,
0.325606273656937,0.366307171835647,0.407008070014356,0.447708740249881,
0.488409410485405,0.52911008072093,0.569810750956454,0.610511649135164,
0.651212547313874),.UNSPECIFIED.);
#64=B_SPLINE_CURVE_WITH_KNOTS('',3,(#8261,#8262,#8263,#8264,#8265,#8266,
#8267,#8268,#8269,#8270,#8271,#8272,#8273,#8274,#8275,#8276,#8277,#8278,
#8279,#8280,#8281,#8282,#8283,#8284,#8285,#8286,#8287,#8288,#8289,#8290,
#8291,#8292,#8293,#8294),.UNSPECIFIED.,.T.,.F.,(4,2,2,2,2,2,2,2,2,2,2,2,
2,2,2,2,4),(0.,0.0407008981787096,0.0814017963574192,0.122102466592944,
0.16280313682847,0.203503807063995,0.24420447729952,0.284905375478229,0.325606273656939,
0.366307171835649,0.407008070014358,0.447708740249883,0.488409410485408,
0.529110080720933,0.569810750956458,0.610511649135168,0.651212547313877),
 .UNSPECIFIED.);
#65=B_SPLINE_CURVE_WITH_KNOTS('',3,(#8317,#8318,#8319,#8320,#8321,#8322,
#8323,#8324,#8325,#8326,#8327,#8328,#8329,#8330,#8331,#8332,#8333,#8334,
#8335,#8336,#8337,#8338,#8339,#8340,#8341,#8342,#8343,#8344,#8345,#8346,
#8347,#8348,#8349,#8350),.UNSPECIFIED.,.T.,.F.,(4,2,2,2,2,2,2,2,2,2,2,2,
2,2,2,2,4),(0.,0.0406778395184436,0.0813556790368872,0.122033484436247,
0.162711289835607,0.203389095234967,0.244066900634327,0.284744740152771,
0.325422579671215,0.366100419189659,0.406778258708103,0.447456064107463,
0.488133869506822,0.528811674906183,0.569489480305543,0.610167319823986,
0.65084515934243),.UNSPECIFIED.);
#66=B_SPLINE_CURVE_WITH_KNOTS('',3,(#8353,#8354,#8355,#8356,#8357,#8358,
#8359,#8360,#8361,#8362,#8363,#8364,#8365,#8366,#8367,#8368,#8369,#8370,
#8371,#8372,#8373,#8374,#8375,#8376,#8377,#8378,#8379,#8380,#8381,#8382,
#8383,#8384,#8385,#8386),.UNSPECIFIED.,.T.,.F.,(4,2,2,2,2,2,2,2,2,2,2,2,
2,2,2,2,4),(0.,0.0406778395184436,0.0813556790368872,0.122033484436247,
0.162711289835607,0.203389095234967,0.244066900634327,0.284744740152771,
0.325422579671215,0.366100419189659,0.406778258708103,0.447456064107462,
0.488133869506822,0.528811674906182,0.569489480305542,0.610167319823986,
0.65084515934243),.UNSPECIFIED.);
#67=B_SPLINE_CURVE_WITH_KNOTS('',3,(#8389,#8390,#8391,#8392,#8393,#8394,
#8395,#8396,#8397,#8398,#8399,#8400,#8401,#8402,#8403,#8404,#8405,#8406,
#8407,#8408,#8409,#8410,#8411,#8412,#8413,#8414,#8415,#8416,#8417,#8418,
#8419,#8420,#8421,#8422),.UNSPECIFIED.,.T.,.F.,(4,2,2,2,2,2,2,2,2,2,2,2,
2,2,2,2,4),(0.,0.0406778395184438,0.0813556790368876,0.122033484436248,
0.162711289835608,0.203389095234968,0.244066900634328,0.284744740152772,
0.325422579671216,0.366100419189659,0.406778258708103,0.447456064107463,
0.488133869506823,0.528811674906184,0.569489480305544,0.610167319823987,
0.650845159342431),.UNSPECIFIED.);
#68=B_SPLINE_CURVE_WITH_KNOTS('',3,(#8435,#8436,#8437,#8438,#8439,#8440,
#8441,#8442,#8443,#8444,#8445,#8446,#8447,#8448,#8449),.UNSPECIFIED.,.F.,
 .F.,(4,2,2,3,2,2,4),(-0.765587742285499,-0.605565954819162,-0.302782977409581,
0.,0.302782977409581,0.605565954819162,0.7655877422855),.UNSPECIFIED.);
#69=B_SPLINE_CURVE_WITH_KNOTS('',3,(#8452,#8453,#8454,#8455,#8456,#8457,
#8458,#8459,#8460,#8461,#8462,#8463,#8464,#8465),.UNSPECIFIED.,.F.,.F.,
(4,2,2,2,2,2,4),(-4.12004101834566,-3.96001923087932,-3.65723625346974,
-3.35445327606016,-3.05167029865058,-2.74888732124099,-2.58886553377466),
 .UNSPECIFIED.);
#70=B_SPLINE_CURVE_WITH_KNOTS('',3,(#8468,#8469,#8470,#8471,#8472,#8473,
#8474,#8475,#8476,#8477,#8478,#8479,#8480,#8481),.UNSPECIFIED.,.F.,.F.,
(4,2,2,2,2,2,4),(-4.12004101834566,-3.96001923087932,-3.65723625346974,
-3.35445327606016,-3.05167029865058,-2.748887321241,-2.58886553377466),
 .UNSPECIFIED.);
#71=B_SPLINE_CURVE_WITH_KNOTS('',3,(#8485,#8486,#8487,#8488,#8489,#8490,
#8491,#8492,#8493,#8494,#8495,#8496,#8497,#8498,#8499),.UNSPECIFIED.,.F.,
 .F.,(4,2,2,3,2,2,4),(-0.765587742285499,-0.605565954819162,-0.302782977409581,
0.,0.302782977409581,0.605565954819162,0.765587742285501),.UNSPECIFIED.);
#72=ITEM_DEFINED_TRANSFORMATION($,$,#2665,#2736);
#73=ITEM_DEFINED_TRANSFORMATION($,$,#2735,#3024);
#74=ITEM_DEFINED_TRANSFORMATION($,$,#2737,#3025);
#75=ITEM_DEFINED_TRANSFORMATION($,$,#2793,#3026);
#76=ITEM_DEFINED_TRANSFORMATION($,$,#2812,#3027);
#77=ITEM_DEFINED_TRANSFORMATION($,$,#2812,#3028);
#78=ITEM_DEFINED_TRANSFORMATION($,$,#2816,#3029);
#79=ITEM_DEFINED_TRANSFORMATION($,$,#2816,#3030);
#80=ITEM_DEFINED_TRANSFORMATION($,$,#2820,#3031);
#81=ITEM_DEFINED_TRANSFORMATION($,$,#2820,#3032);
#82=ITEM_DEFINED_TRANSFORMATION($,$,#2793,#3033);
#83=ITEM_DEFINED_TRANSFORMATION($,$,#2843,#3034);
#84=ITEM_DEFINED_TRANSFORMATION($,$,#2854,#3035);
#85=ITEM_DEFINED_TRANSFORMATION($,$,#2872,#3036);
#86=ITEM_DEFINED_TRANSFORMATION($,$,#2905,#3037);
#87=(
REPRESENTATION_RELATIONSHIP($,$,#8674,#8675)
REPRESENTATION_RELATIONSHIP_WITH_TRANSFORMATION(#72)
SHAPE_REPRESENTATION_RELATIONSHIP()
);
#88=(
REPRESENTATION_RELATIONSHIP($,$,#8675,#8685)
REPRESENTATION_RELATIONSHIP_WITH_TRANSFORMATION(#73)
SHAPE_REPRESENTATION_RELATIONSHIP()
);
#89=(
REPRESENTATION_RELATIONSHIP($,$,#8676,#8685)
REPRESENTATION_RELATIONSHIP_WITH_TRANSFORMATION(#74)
SHAPE_REPRESENTATION_RELATIONSHIP()
);
#90=(
REPRESENTATION_RELATIONSHIP($,$,#8677,#8685)
REPRESENTATION_RELATIONSHIP_WITH_TRANSFORMATION(#75)
SHAPE_REPRESENTATION_RELATIONSHIP()
);
#91=(
REPRESENTATION_RELATIONSHIP($,$,#8678,#8685)
REPRESENTATION_RELATIONSHIP_WITH_TRANSFORMATION(#76)
SHAPE_REPRESENTATION_RELATIONSHIP()
);
#92=(
REPRESENTATION_RELATIONSHIP($,$,#8678,#8685)
REPRESENTATION_RELATIONSHIP_WITH_TRANSFORMATION(#77)
SHAPE_REPRESENTATION_RELATIONSHIP()
);
#93=(
REPRESENTATION_RELATIONSHIP($,$,#8679,#8685)
REPRESENTATION_RELATIONSHIP_WITH_TRANSFORMATION(#78)
SHAPE_REPRESENTATION_RELATIONSHIP()
);
#94=(
REPRESENTATION_RELATIONSHIP($,$,#8679,#8685)
REPRESENTATION_RELATIONSHIP_WITH_TRANSFORMATION(#79)
SHAPE_REPRESENTATION_RELATIONSHIP()
);
#95=(
REPRESENTATION_RELATIONSHIP($,$,#8680,#8685)
REPRESENTATION_RELATIONSHIP_WITH_TRANSFORMATION(#80)
SHAPE_REPRESENTATION_RELATIONSHIP()
);
#96=(
REPRESENTATION_RELATIONSHIP($,$,#8680,#8685)
REPRESENTATION_RELATIONSHIP_WITH_TRANSFORMATION(#81)
SHAPE_REPRESENTATION_RELATIONSHIP()
);
#97=(
REPRESENTATION_RELATIONSHIP($,$,#8677,#8685)
REPRESENTATION_RELATIONSHIP_WITH_TRANSFORMATION(#82)
SHAPE_REPRESENTATION_RELATIONSHIP()
);
#98=(
REPRESENTATION_RELATIONSHIP($,$,#8681,#8685)
REPRESENTATION_RELATIONSHIP_WITH_TRANSFORMATION(#83)
SHAPE_REPRESENTATION_RELATIONSHIP()
);
#99=(
REPRESENTATION_RELATIONSHIP($,$,#8682,#8685)
REPRESENTATION_RELATIONSHIP_WITH_TRANSFORMATION(#84)
SHAPE_REPRESENTATION_RELATIONSHIP()
);
#100=(
REPRESENTATION_RELATIONSHIP($,$,#8683,#8685)
REPRESENTATION_RELATIONSHIP_WITH_TRANSFORMATION(#85)
SHAPE_REPRESENTATION_RELATIONSHIP()
);
#101=(
REPRESENTATION_RELATIONSHIP($,$,#8684,#8685)
REPRESENTATION_RELATIONSHIP_WITH_TRANSFORMATION(#86)
SHAPE_REPRESENTATION_RELATIONSHIP()
);
#102=CONTEXT_DEPENDENT_SHAPE_REPRESENTATION(#87,#8649);
#103=CONTEXT_DEPENDENT_SHAPE_REPRESENTATION(#88,#8660);
#104=CONTEXT_DEPENDENT_SHAPE_REPRESENTATION(#89,#8661);
#105=CONTEXT_DEPENDENT_SHAPE_REPRESENTATION(#90,#8662);
#106=CONTEXT_DEPENDENT_SHAPE_REPRESENTATION(#91,#8663);
#107=CONTEXT_DEPENDENT_SHAPE_REPRESENTATION(#92,#8664);
#108=CONTEXT_DEPENDENT_SHAPE_REPRESENTATION(#93,#8665);
#109=CONTEXT_DEPENDENT_SHAPE_REPRESENTATION(#94,#8666);
#110=CONTEXT_DEPENDENT_SHAPE_REPRESENTATION(#95,#8667);
#111=CONTEXT_DEPENDENT_SHAPE_REPRESENTATION(#96,#8668);
#112=CONTEXT_DEPENDENT_SHAPE_REPRESENTATION(#97,#8669);
#113=CONTEXT_DEPENDENT_SHAPE_REPRESENTATION(#98,#8670);
#114=CONTEXT_DEPENDENT_SHAPE_REPRESENTATION(#99,#8671);
#115=CONTEXT_DEPENDENT_SHAPE_REPRESENTATION(#100,#8672);
#116=CONTEXT_DEPENDENT_SHAPE_REPRESENTATION(#101,#8673);
#117=NEXT_ASSEMBLY_USAGE_OCCURRENCE('275-150:1','275-150:1','275-150:1',
#8688,#8687,'275-150:1');
#118=NEXT_ASSEMBLY_USAGE_OCCURRENCE('4780-0966:1','4780-0966:1',
'4780-0966:1',#8698,#8688,'4780-0966:1');
#119=NEXT_ASSEMBLY_USAGE_OCCURRENCE('4780-0965:1','4780-0965:1',
'4780-0965:1',#8698,#8689,'4780-0965:1');
#120=NEXT_ASSEMBLY_USAGE_OCCURRENCE('4780-0963:1','4780-0963:1',
'4780-0963:1',#8698,#8690,'4780-0963:1');
#121=NEXT_ASSEMBLY_USAGE_OCCURRENCE('H-2202:1','H-2202:1','H-2202:1',#8698,
#8691,'H-2202:1');
#122=NEXT_ASSEMBLY_USAGE_OCCURRENCE('H-2202:2','H-2202:2','H-2202:2',#8698,
#8691,'H-2202:2');
#123=NEXT_ASSEMBLY_USAGE_OCCURRENCE('H-2208:1','H-2208:1','H-2208:1',#8698,
#8692,'H-2208:1');
#124=NEXT_ASSEMBLY_USAGE_OCCURRENCE('H-2208:2','H-2208:2','H-2208:2',#8698,
#8692,'H-2208:2');
#125=NEXT_ASSEMBLY_USAGE_OCCURRENCE('4780-0962:1','4780-0962:1',
'4780-0962:1',#8698,#8693,'4780-0962:1');
#126=NEXT_ASSEMBLY_USAGE_OCCURRENCE('4780-0962:2','4780-0962:2',
'4780-0962:2',#8698,#8693,'4780-0962:2');
#127=NEXT_ASSEMBLY_USAGE_OCCURRENCE('4780-0963:2','4780-0963:2',
'4780-0963:2',#8698,#8690,'4780-0963:2');
#128=NEXT_ASSEMBLY_USAGE_OCCURRENCE('4780-0961:1','4780-0961:1',
'4780-0961:1',#8698,#8694,'4780-0961:1');
#129=NEXT_ASSEMBLY_USAGE_OCCURRENCE('4780-0967:1','4780-0967:1',
'4780-0967:1',#8698,#8695,'4780-0967:1');
#130=NEXT_ASSEMBLY_USAGE_OCCURRENCE('1990-0094:1','1990-0094:1',
'1990-0094:1',#8698,#8696,'1990-0094:1');
#131=NEXT_ASSEMBLY_USAGE_OCCURRENCE('4780-0174:1','4780-0174:1',
'4780-0174:1',#8698,#8697,'4780-0174:1');
#132=SHAPE_REPRESENTATION_RELATIONSHIP('SRR','None',#8674,#142);
#133=SHAPE_REPRESENTATION_RELATIONSHIP('SRR','None',#8676,#143);
#134=SHAPE_REPRESENTATION_RELATIONSHIP('SRR','None',#8677,#144);
#135=SHAPE_REPRESENTATION_RELATIONSHIP('SRR','None',#8678,#145);
#136=SHAPE_REPRESENTATION_RELATIONSHIP('SRR','None',#8679,#146);
#137=SHAPE_REPRESENTATION_RELATIONSHIP('SRR','None',#8680,#147);
#138=SHAPE_REPRESENTATION_RELATIONSHIP('SRR','None',#8681,#148);
#139=SHAPE_REPRESENTATION_RELATIONSHIP('SRR','None',#8682,#149);
#140=SHAPE_REPRESENTATION_RELATIONSHIP('SRR','None',#8683,#150);
#141=SHAPE_REPRESENTATION_RELATIONSHIP('SRR','None',#8684,#151);
#142=ADVANCED_BREP_SHAPE_REPRESENTATION($,(#164),#8613);
#143=ADVANCED_BREP_SHAPE_REPRESENTATION($,(#165),#8615);
#144=ADVANCED_BREP_SHAPE_REPRESENTATION($,(#166),#8616);
#145=ADVANCED_BREP_SHAPE_REPRESENTATION($,(#167),#8617);
#146=ADVANCED_BREP_SHAPE_REPRESENTATION($,(#168),#8618);
#147=ADVANCED_BREP_SHAPE_REPRESENTATION($,(#169),#8619);
#148=ADVANCED_BREP_SHAPE_REPRESENTATION($,(#170),#8620);
#149=ADVANCED_BREP_SHAPE_REPRESENTATION($,(#171),#8621);
#150=ADVANCED_BREP_SHAPE_REPRESENTATION($,(#172),#8622);
#151=ADVANCED_BREP_SHAPE_REPRESENTATION($,(#173),#8623);
#152=STYLED_ITEM('',(#8739),#164);
#153=STYLED_ITEM('',(#8740),#165);
#154=STYLED_ITEM('',(#8741),#166);
#155=STYLED_ITEM('',(#8742),#167);
#156=STYLED_ITEM('',(#8743),#168);
#157=STYLED_ITEM('',(#8744),#169);
#158=STYLED_ITEM('',(#8745),#170);
#159=STYLED_ITEM('',(#8746),#171);
#160=STYLED_ITEM('',(#8747),#172);
#161=STYLED_ITEM('',(#8749),#2596);
#162=STYLED_ITEM('',(#8749),#2609);
#163=STYLED_ITEM('',(#8748),#173);
#164=MANIFOLD_SOLID_BREP('Solid1',#2655);
#165=MANIFOLD_SOLID_BREP('Solid1',#2656);
#166=MANIFOLD_SOLID_BREP('Solid1',#2657);
#167=MANIFOLD_SOLID_BREP('Solid1',#2658);
#168=MANIFOLD_SOLID_BREP('Solid1',#2659);
#169=MANIFOLD_SOLID_BREP('Solid1',#2660);
#170=MANIFOLD_SOLID_BREP('Solid1',#2661);
#171=MANIFOLD_SOLID_BREP('Solid1',#2662);
#172=MANIFOLD_SOLID_BREP('NONE',#2663);
#173=MANIFOLD_SOLID_BREP('Solid1',#2664);
#174=PLANE('',#2682);
#175=PLANE('',#2683);
#176=PLANE('',#2684);
#177=PLANE('',#2686);
#178=PLANE('',#2696);
#179=PLANE('',#2697);
#180=PLANE('',#2698);
#181=PLANE('',#2705);
#182=PLANE('',#2718);
#183=PLANE('',#2729);
#184=PLANE('',#2732);
#185=PLANE('',#2743);
#186=PLANE('',#2747);
#187=PLANE('',#2753);
#188=PLANE('',#2757);
#189=PLANE('',#2762);
#190=PLANE('',#2771);
#191=PLANE('',#2775);
#192=PLANE('',#2777);
#193=PLANE('',#2784);
#194=PLANE('',#2791);
#195=PLANE('',#2792);
#196=PLANE('',#2799);
#197=PLANE('',#2804);
#198=PLANE('',#2810);
#199=PLANE('',#2811);
#200=PLANE('',#2824);
#201=PLANE('',#2834);
#202=PLANE('',#2839);
#203=PLANE('',#2852);
#204=PLANE('',#2853);
#205=PLANE('',#2860);
#206=PLANE('',#2866);
#207=PLANE('',#2870);
#208=PLANE('',#2871);
#209=PLANE('',#2886);
#210=PLANE('',#2887);
#211=PLANE('',#2898);
#212=PLANE('',#2899);
#213=PLANE('',#2900);
#214=PLANE('',#2901);
#215=PLANE('',#2902);
#216=PLANE('',#2903);
#217=PLANE('',#2904);
#218=PLANE('',#2906);
#219=PLANE('',#2907);
#220=PLANE('',#2908);
#221=PLANE('',#2909);
#222=PLANE('',#2913);
#223=PLANE('',#2914);
#224=PLANE('',#2915);
#225=PLANE('',#2916);
#226=PLANE('',#2922);
#227=PLANE('',#2931);
#228=PLANE('',#2933);
#229=PLANE('',#2936);
#230=PLANE('',#2938);
#231=PLANE('',#2949);
#232=PLANE('',#2950);
#233=PLANE('',#2955);
#234=PLANE('',#2957);
#235=PLANE('',#2974);
#236=PLANE('',#2984);
#237=PLANE('',#2987);
#238=PLANE('',#2990);
#239=PLANE('',#2991);
#240=PLANE('',#2994);
#241=PLANE('',#2999);
#242=PLANE('',#3009);
#243=PLANE('',#3010);
#244=PLANE('',#3015);
#245=PLANE('',#3020);
#246=PLANE('',#3021);
#247=PLANE('',#3022);
#248=CONICAL_SURFACE('',#2677,0.888,70.);
#249=CONICAL_SURFACE('',#2691,1.355,45.0000000000001);
#250=CONICAL_SURFACE('',#2700,1.355,45.0000000000001);
#251=CONICAL_SURFACE('',#2713,1.355,45.0000000000001);
#252=CONICAL_SURFACE('',#2738,0.715,45.);
#253=CONICAL_SURFACE('',#2749,0.167765599702506,1.7899);
#254=CONICAL_SURFACE('',#2759,0.4525,45.);
#255=CONICAL_SURFACE('',#2766,0.4525,45.);
#256=CONICAL_SURFACE('',#2773,0.4525,45.0000000000001);
#257=CONICAL_SURFACE('',#2786,0.1875,59.);
#258=CONICAL_SURFACE('',#2794,0.42,45.);
#259=CONICAL_SURFACE('',#2821,0.131,45.0000000000001);
#260=CONICAL_SURFACE('',#2828,0.425,45.0000000000001);
#261=CONICAL_SURFACE('',#2832,0.425,45.0000000000001);
#262=CONICAL_SURFACE('',#2836,0.3025,45.);
#263=CONICAL_SURFACE('',#2842,0.131,45.0000000000001);
#264=CONICAL_SURFACE('',#2855,0.11475,45.);
#265=CONICAL_SURFACE('',#2861,0.11475,45.0000000000007);
#266=CONICAL_SURFACE('',#2873,0.108253175473055,0.78539816339745);
#267=CONICAL_SURFACE('',#2875,0.168443738783765,0.785398163397447);
#268=CONICAL_SURFACE('',#2880,0.178443738783765,0.78539816339745);
#269=CONICAL_SURFACE('',#2882,0.178443738783765,0.78539816339745);
#270=CONICAL_SURFACE('',#2885,0.2025,0.026179938779915);
#271=CONICAL_SURFACE('',#2893,0.108253175473055,0.78539816339745);
#272=CONICAL_SURFACE('',#2894,0.108253175473055,0.78539816339745);
#273=CONICAL_SURFACE('',#2895,0.108253175473055,0.78539816339745);
#274=CONICAL_SURFACE('',#2896,0.108253175473055,0.78539816339745);
#275=CONICAL_SURFACE('',#2897,0.108253175473055,0.78539816339745);
#276=CONICAL_SURFACE('',#2919,0.3855,45.0000000000011);
#277=CONICAL_SURFACE('',#2926,0.3855,45.0000000000006);
#278=CONICAL_SURFACE('',#3004,0.5875,45.);
#279=CONICAL_SURFACE('',#3018,0.81,45.0000000000001);
#280=LINE('',#3884,#366);
#281=LINE('',#3888,#367);
#282=LINE('',#3892,#368);
#283=LINE('',#3896,#369);
#284=LINE('',#3905,#370);
#285=LINE('',#3909,#371);
#286=LINE('',#3911,#372);
#287=LINE('',#3913,#373);
#288=LINE('',#3914,#374);
#289=LINE('',#3917,#375);
#290=LINE('',#3919,#376);
#291=LINE('',#3921,#377);
#292=LINE('',#3922,#378);
#293=LINE('',#3928,#379);
#294=LINE('',#3938,#380);
#295=LINE('',#3943,#381);
#296=LINE('',#3947,#382);
#297=LINE('',#3949,#383);
#298=LINE('',#3951,#384);
#299=LINE('',#3952,#385);
#300=LINE('',#3955,#386);
#301=LINE('',#3956,#387);
#302=LINE('',#4084,#388);
#303=LINE('',#4087,#389);
#304=LINE('',#4127,#390);
#305=LINE('',#4128,#391);
#306=LINE('',#7966,#392);
#307=LINE('',#7968,#393);
#308=LINE('',#7970,#394);
#309=LINE('',#7972,#395);
#310=LINE('',#7974,#396);
#311=LINE('',#7975,#397);
#312=LINE('',#7977,#398);
#313=LINE('',#7978,#399);
#314=LINE('',#7980,#400);
#315=LINE('',#7982,#401);
#316=LINE('',#7984,#402);
#317=LINE('',#7986,#403);
#318=LINE('',#7992,#404);
#319=LINE('',#7994,#405);
#320=LINE('',#7996,#406);
#321=LINE('',#7997,#407);
#322=LINE('',#8001,#408);
#323=LINE('',#8003,#409);
#324=LINE('',#8005,#410);
#325=LINE('',#8006,#411);
#326=LINE('',#8009,#412);
#327=LINE('',#8011,#413);
#328=LINE('',#8013,#414);
#329=LINE('',#8014,#415);
#330=LINE('',#8018,#416);
#331=LINE('',#8021,#417);
#332=LINE('',#8022,#418);
#333=LINE('',#8032,#419);
#334=LINE('',#8033,#420);
#335=LINE('',#8034,#421);
#336=LINE('',#8041,#422);
#337=LINE('',#8067,#423);
#338=LINE('',#8069,#424);
#339=LINE('',#8070,#425);
#340=LINE('',#8074,#426);
#341=LINE('',#8078,#427);
#342=LINE('',#8080,#428);
#343=LINE('',#8502,#429);
#344=LINE('',#8503,#430);
#345=LINE('',#8505,#431);
#346=LINE('',#8507,#432);
#347=LINE('',#8509,#433);
#348=LINE('',#8511,#434);
#349=LINE('',#8513,#435);
#350=LINE('',#8524,#436);
#351=LINE('',#8528,#437);
#352=LINE('',#8532,#438);
#353=LINE('',#8535,#439);
#354=LINE('',#8550,#440);
#355=LINE('',#8553,#441);
#356=LINE('',#8556,#442);
#357=LINE('',#8557,#443);
#358=LINE('',#8560,#444);
#359=LINE('',#8564,#445);
#360=LINE('',#8568,#446);
#361=LINE('',#8571,#447);
#362=LINE('',#8572,#448);
#363=LINE('',#8574,#449);
#364=LINE('',#8576,#450);
#365=LINE('',#8578,#451);
#366=VECTOR('',#3054,0.038946480514984);
#367=VECTOR('',#3057,0.038946480514984);
#368=VECTOR('',#3060,0.038946480514984);
#369=VECTOR('',#3063,0.038946480514984);
#370=VECTOR('',#3074,0.06);
#371=VECTOR('',#3079,0.16370935533095);
#372=VECTOR('',#3080,0.04);
#373=VECTOR('',#3081,0.0282877390863686);
#374=VECTOR('',#3082,0.394138689785379);
#375=VECTOR('',#3085,0.394138689785379);
#376=VECTOR('',#3086,0.0282877390863686);
#377=VECTOR('',#3087,0.04);
#378=VECTOR('',#3088,0.16370935533095);
#379=VECTOR('',#3097,0.394138689785379);
#380=VECTOR('',#3108,0.0282877390863686);
#381=VECTOR('',#3113,0.06);
#382=VECTOR('',#3118,0.16370935533095);
#383=VECTOR('',#3119,0.04);
#384=VECTOR('',#3120,0.0282877390863686);
#385=VECTOR('',#3121,0.394138689785379);
#386=VECTOR('',#3124,0.04);
#387=VECTOR('',#3125,0.16370935533095);
#388=VECTOR('',#3226,0.00742430891708);
#389=VECTOR('',#3229,0.00742430891708016);
#390=VECTOR('',#3240,0.00742430891708);
#391=VECTOR('',#3241,0.00742430891708016);
#392=VECTOR('',#3532,0.108253175473055);
#393=VECTOR('',#3533,0.108253175473055);
#394=VECTOR('',#3534,0.108253175473055);
#395=VECTOR('',#3535,0.108253175473055);
#396=VECTOR('',#3536,0.108253175473055);
#397=VECTOR('',#3537,0.108253175473055);
#398=VECTOR('',#3540,0.09);
#399=VECTOR('',#3541,0.09);
#400=VECTOR('',#3544,0.09);
#401=VECTOR('',#3547,0.09);
#402=VECTOR('',#3550,0.09);
#403=VECTOR('',#3553,0.09);
#404=VECTOR('',#3560,0.00130540728933306);
#405=VECTOR('',#3561,0.293731165302672);
#406=VECTOR('',#3562,0.0015557238268608);
#407=VECTOR('',#3563,0.2917003120789);
#408=VECTOR('',#3566,0.00155574350768646);
#409=VECTOR('',#3567,0.000113608192364813);
#410=VECTOR('',#3568,0.00100000000000039);
#411=VECTOR('',#3569,0.00130538747633804);
#412=VECTOR('',#3572,0.00155574350768609);
#413=VECTOR('',#3573,0.00130538747633872);
#414=VECTOR('',#3574,0.00100000000000039);
#415=VECTOR('',#3575,0.00011360819236616);
#416=VECTOR('',#3580,7.82535921815966E-6);
#417=VECTOR('',#3583,7.82535921815889E-6);
#418=VECTOR('',#3584,0.291700312078899);
#419=VECTOR('',#3589,0.00130540728933306);
#420=VECTOR('',#3590,0.00155572382686222);
#421=VECTOR('',#3591,0.293731165302671);
#422=VECTOR('',#3600,0.331403392838376);
#423=VECTOR('',#3633,0.280335143832082);
#424=VECTOR('',#3634,0.000999999999999869);
#425=VECTOR('',#3635,0.281174212639381);
#426=VECTOR('',#3640,0.281174212639381);
#427=VECTOR('',#3645,0.000999999999999869);
#428=VECTOR('',#3648,0.280335143832083);
#429=VECTOR('',#3741,0.331403392838376);
#430=VECTOR('',#3742,0.331403392838376);
#431=VECTOR('',#3745,0.331403392838375);
#432=VECTOR('',#3748,0.331403392838376);
#433=VECTOR('',#3751,0.331403392838376);
#434=VECTOR('',#3754,0.331403392838376);
#435=VECTOR('',#3757,0.331403392838376);
#436=VECTOR('',#3770,2.13);
#437=VECTOR('',#3773,2.13);
#438=VECTOR('',#3776,2.13);
#439=VECTOR('',#3779,2.13);
#440=VECTOR('',#3798,0.25);
#441=VECTOR('',#3801,0.25);
#442=VECTOR('',#3804,2.13);
#443=VECTOR('',#3805,0.25);
#444=VECTOR('',#3808,2.13);
#445=VECTOR('',#3811,2.13);
#446=VECTOR('',#3814,2.13);
#447=VECTOR('',#3819,0.25);
#448=VECTOR('',#3820,0.25);
#449=VECTOR('',#3823,0.25);
#450=VECTOR('',#3826,0.25);
#451=VECTOR('',#3829,0.25);
#452=TOROIDAL_SURFACE('',#2669,0.931,0.02);
#453=TOROIDAL_SURFACE('',#2722,1.375,0.03);
#454=TOROIDAL_SURFACE('',#2754,0.63,0.03);
#455=TOROIDAL_SURFACE('',#2813,0.1865,0.0695000000000001);
#456=TOROIDAL_SURFACE('',#2817,0.374,0.0695);
#457=TOROIDAL_SURFACE('',#2992,1.055,0.18);
#458=FACE_BOUND('',#790,.T.);
#459=FACE_BOUND('',#792,.T.);
#460=FACE_BOUND('',#794,.T.);
#461=FACE_BOUND('',#796,.T.);
#462=FACE_BOUND('',#802,.T.);
#463=FACE_BOUND('',#803,.T.);
#464=FACE_BOUND('',#804,.T.);
#465=FACE_BOUND('',#811,.T.);
#466=FACE_BOUND('',#813,.T.);
#467=FACE_BOUND('',#815,.T.);
#468=FACE_BOUND('',#816,.T.);
#469=FACE_BOUND('',#817,.T.);
#470=FACE_BOUND('',#818,.T.);
#471=FACE_BOUND('',#819,.T.);
#472=FACE_BOUND('',#820,.T.);
#473=FACE_BOUND('',#821,.T.);
#474=FACE_BOUND('',#824,.T.);
#475=FACE_BOUND('',#826,.T.);
#476=FACE_BOUND('',#827,.T.);
#477=FACE_BOUND('',#828,.T.);
#478=FACE_BOUND('',#830,.T.);
#479=FACE_BOUND('',#832,.T.);
#480=FACE_BOUND('',#834,.T.);
#481=FACE_BOUND('',#836,.T.);
#482=FACE_BOUND('',#838,.T.);
#483=FACE_BOUND('',#840,.T.);
#484=FACE_BOUND('',#842,.T.);
#485=FACE_BOUND('',#844,.T.);
#486=FACE_BOUND('',#846,.T.);
#487=FACE_BOUND('',#848,.T.);
#488=FACE_BOUND('',#850,.T.);
#489=FACE_BOUND('',#852,.T.);
#490=FACE_BOUND('',#854,.T.);
#491=FACE_BOUND('',#855,.T.);
#492=FACE_BOUND('',#857,.T.);
#493=FACE_BOUND('',#861,.T.);
#494=FACE_BOUND('',#865,.T.);
#495=FACE_BOUND('',#867,.T.);
#496=FACE_BOUND('',#869,.T.);
#497=FACE_BOUND('',#871,.T.);
#498=FACE_BOUND('',#873,.T.);
#499=FACE_BOUND('',#875,.T.);
#500=FACE_BOUND('',#877,.T.);
#501=FACE_BOUND('',#879,.T.);
#502=FACE_BOUND('',#881,.T.);
#503=FACE_BOUND('',#883,.T.);
#504=FACE_BOUND('',#885,.T.);
#505=FACE_BOUND('',#887,.T.);
#506=FACE_BOUND('',#889,.T.);
#507=FACE_BOUND('',#890,.T.);
#508=FACE_BOUND('',#892,.T.);
#509=FACE_BOUND('',#894,.T.);
#510=FACE_BOUND('',#896,.T.);
#511=FACE_BOUND('',#898,.T.);
#512=FACE_BOUND('',#900,.T.);
#513=FACE_BOUND('',#902,.T.);
#514=FACE_BOUND('',#904,.T.);
#515=FACE_BOUND('',#906,.T.);
#516=FACE_BOUND('',#908,.T.);
#517=FACE_BOUND('',#910,.T.);
#518=FACE_BOUND('',#912,.T.);
#519=FACE_BOUND('',#914,.T.);
#520=FACE_BOUND('',#916,.T.);
#521=FACE_BOUND('',#918,.T.);
#522=FACE_BOUND('',#920,.T.);
#523=FACE_BOUND('',#922,.T.);
#524=FACE_BOUND('',#926,.T.);
#525=FACE_BOUND('',#928,.T.);
#526=FACE_BOUND('',#930,.T.);
#527=FACE_BOUND('',#932,.T.);
#528=FACE_BOUND('',#934,.T.);
#529=FACE_BOUND('',#936,.T.);
#530=FACE_BOUND('',#938,.T.);
#531=FACE_BOUND('',#940,.T.);
#532=FACE_BOUND('',#942,.T.);
#533=FACE_BOUND('',#944,.T.);
#534=FACE_BOUND('',#946,.T.);
#535=FACE_BOUND('',#948,.T.);
#536=FACE_BOUND('',#950,.T.);
#537=FACE_BOUND('',#952,.T.);
#538=FACE_BOUND('',#953,.T.);
#539=FACE_BOUND('',#954,.T.);
#540=FACE_BOUND('',#956,.T.);
#541=FACE_BOUND('',#957,.T.);
#542=FACE_BOUND('',#958,.T.);
#543=FACE_BOUND('',#960,.T.);
#544=FACE_BOUND('',#962,.T.);
#545=FACE_BOUND('',#964,.T.);
#546=FACE_BOUND('',#966,.T.);
#547=FACE_BOUND('',#969,.T.);
#548=FACE_BOUND('',#971,.T.);
#549=FACE_BOUND('',#974,.T.);
#550=FACE_BOUND('',#976,.T.);
#551=FACE_BOUND('',#978,.T.);
#552=FACE_BOUND('',#981,.T.);
#553=FACE_BOUND('',#983,.T.);
#554=FACE_BOUND('',#985,.T.);
#555=FACE_BOUND('',#987,.T.);
#556=FACE_BOUND('',#994,.T.);
#557=FACE_BOUND('',#1017,.T.);
#558=FACE_BOUND('',#1019,.T.);
#559=FACE_BOUND('',#1021,.T.);
#560=FACE_BOUND('',#1023,.T.);
#561=FACE_BOUND('',#1025,.T.);
#562=FACE_BOUND('',#1027,.T.);
#563=FACE_BOUND('',#1033,.T.);
#564=FACE_BOUND('',#1034,.T.);
#565=FACE_BOUND('',#1035,.T.);
#566=FACE_BOUND('',#1037,.T.);
#567=FACE_BOUND('',#1039,.T.);
#568=FACE_BOUND('',#1041,.T.);
#569=FACE_BOUND('',#1043,.T.);
#570=FACE_BOUND('',#1045,.T.);
#571=FACE_BOUND('',#1047,.T.);
#572=FACE_BOUND('',#1049,.T.);
#573=FACE_BOUND('',#1050,.T.);
#574=FACE_BOUND('',#1051,.T.);
#575=FACE_BOUND('',#1052,.T.);
#576=FACE_BOUND('',#1054,.T.);
#577=FACE_BOUND('',#1056,.T.);
#578=FACE_BOUND('',#1058,.T.);
#579=FACE_BOUND('',#1060,.T.);
#580=FACE_BOUND('',#1062,.T.);
#581=FACE_BOUND('',#1064,.T.);
#582=FACE_BOUND('',#1066,.T.);
#583=FACE_BOUND('',#1068,.T.);
#584=FACE_BOUND('',#1070,.T.);
#585=FACE_BOUND('',#1072,.T.);
#586=FACE_BOUND('',#1073,.T.);
#587=FACE_BOUND('',#1074,.T.);
#588=FACE_BOUND('',#1084,.T.);
#589=FACE_BOUND('',#1086,.T.);
#590=FACE_BOUND('',#1087,.T.);
#591=FACE_BOUND('',#1088,.T.);
#592=FACE_BOUND('',#1089,.T.);
#593=FACE_BOUND('',#1090,.T.);
#594=FACE_BOUND('',#1092,.T.);
#595=FACE_BOUND('',#1094,.T.);
#596=FACE_BOUND('',#1096,.T.);
#597=FACE_BOUND('',#1098,.T.);
#598=FACE_BOUND('',#1099,.T.);
#599=FACE_BOUND('',#1100,.T.);
#600=FACE_BOUND('',#1101,.T.);
#601=FACE_BOUND('',#1105,.T.);
#602=FACE_BOUND('',#1106,.T.);
#603=FACE_BOUND('',#1107,.T.);
#604=FACE_BOUND('',#1108,.T.);
#605=FACE_BOUND('',#1109,.T.);
#606=FACE_BOUND('',#1115,.T.);
#607=FACE_BOUND('',#1117,.T.);
#608=FACE_OUTER_BOUND('',#789,.T.);
#609=FACE_OUTER_BOUND('',#791,.T.);
#610=FACE_OUTER_BOUND('',#793,.T.);
#611=FACE_OUTER_BOUND('',#795,.T.);
#612=FACE_OUTER_BOUND('',#797,.T.);
#613=FACE_OUTER_BOUND('',#798,.T.);
#614=FACE_OUTER_BOUND('',#799,.T.);
#615=FACE_OUTER_BOUND('',#800,.T.);
#616=FACE_OUTER_BOUND('',#801,.T.);
#617=FACE_OUTER_BOUND('',#805,.T.);
#618=FACE_OUTER_BOUND('',#806,.T.);
#619=FACE_OUTER_BOUND('',#807,.T.);
#620=FACE_OUTER_BOUND('',#808,.T.);
#621=FACE_OUTER_BOUND('',#809,.T.);
#622=FACE_OUTER_BOUND('',#810,.T.);
#623=FACE_OUTER_BOUND('',#812,.T.);
#624=FACE_OUTER_BOUND('',#814,.T.);
#625=FACE_OUTER_BOUND('',#822,.T.);
#626=FACE_OUTER_BOUND('',#823,.T.);
#627=FACE_OUTER_BOUND('',#825,.T.);
#628=FACE_OUTER_BOUND('',#829,.T.);
#629=FACE_OUTER_BOUND('',#831,.T.);
#630=FACE_OUTER_BOUND('',#833,.T.);
#631=FACE_OUTER_BOUND('',#835,.T.);
#632=FACE_OUTER_BOUND('',#837,.T.);
#633=FACE_OUTER_BOUND('',#839,.T.);
#634=FACE_OUTER_BOUND('',#841,.T.);
#635=FACE_OUTER_BOUND('',#843,.T.);
#636=FACE_OUTER_BOUND('',#845,.T.);
#637=FACE_OUTER_BOUND('',#847,.T.);
#638=FACE_OUTER_BOUND('',#849,.T.);
#639=FACE_OUTER_BOUND('',#851,.T.);
#640=FACE_OUTER_BOUND('',#853,.T.);
#641=FACE_OUTER_BOUND('',#856,.T.);
#642=FACE_OUTER_BOUND('',#858,.T.);
#643=FACE_OUTER_BOUND('',#859,.T.);
#644=FACE_OUTER_BOUND('',#860,.T.);
#645=FACE_OUTER_BOUND('',#862,.T.);
#646=FACE_OUTER_BOUND('',#863,.T.);
#647=FACE_OUTER_BOUND('',#864,.T.);
#648=FACE_OUTER_BOUND('',#866,.T.);
#649=FACE_OUTER_BOUND('',#868,.T.);
#650=FACE_OUTER_BOUND('',#870,.T.);
#651=FACE_OUTER_BOUND('',#872,.T.);
#652=FACE_OUTER_BOUND('',#874,.T.);
#653=FACE_OUTER_BOUND('',#876,.T.);
#654=FACE_OUTER_BOUND('',#878,.T.);
#655=FACE_OUTER_BOUND('',#880,.T.);
#656=FACE_OUTER_BOUND('',#882,.T.);
#657=FACE_OUTER_BOUND('',#884,.T.);
#658=FACE_OUTER_BOUND('',#886,.T.);
#659=FACE_OUTER_BOUND('',#888,.T.);
#660=FACE_OUTER_BOUND('',#891,.T.);
#661=FACE_OUTER_BOUND('',#893,.T.);
#662=FACE_OUTER_BOUND('',#895,.T.);
#663=FACE_OUTER_BOUND('',#897,.T.);
#664=FACE_OUTER_BOUND('',#899,.T.);
#665=FACE_OUTER_BOUND('',#901,.T.);
#666=FACE_OUTER_BOUND('',#903,.T.);
#667=FACE_OUTER_BOUND('',#905,.T.);
#668=FACE_OUTER_BOUND('',#907,.T.);
#669=FACE_OUTER_BOUND('',#909,.T.);
#670=FACE_OUTER_BOUND('',#911,.T.);
#671=FACE_OUTER_BOUND('',#913,.T.);
#672=FACE_OUTER_BOUND('',#915,.T.);
#673=FACE_OUTER_BOUND('',#917,.T.);
#674=FACE_OUTER_BOUND('',#919,.T.);
#675=FACE_OUTER_BOUND('',#921,.T.);
#676=FACE_OUTER_BOUND('',#923,.T.);
#677=FACE_OUTER_BOUND('',#924,.T.);
#678=FACE_OUTER_BOUND('',#925,.T.);
#679=FACE_OUTER_BOUND('',#927,.T.);
#680=FACE_OUTER_BOUND('',#929,.T.);
#681=FACE_OUTER_BOUND('',#931,.T.);
#682=FACE_OUTER_BOUND('',#933,.T.);
#683=FACE_OUTER_BOUND('',#935,.T.);
#684=FACE_OUTER_BOUND('',#937,.T.);
#685=FACE_OUTER_BOUND('',#939,.T.);
#686=FACE_OUTER_BOUND('',#941,.T.);
#687=FACE_OUTER_BOUND('',#943,.T.);
#688=FACE_OUTER_BOUND('',#945,.T.);
#689=FACE_OUTER_BOUND('',#947,.T.);
#690=FACE_OUTER_BOUND('',#949,.T.);
#691=FACE_OUTER_BOUND('',#951,.T.);
#692=FACE_OUTER_BOUND('',#955,.T.);
#693=FACE_OUTER_BOUND('',#959,.T.);
#694=FACE_OUTER_BOUND('',#961,.T.);
#695=FACE_OUTER_BOUND('',#963,.T.);
#696=FACE_OUTER_BOUND('',#965,.T.);
#697=FACE_OUTER_BOUND('',#967,.T.);
#698=FACE_OUTER_BOUND('',#968,.T.);
#699=FACE_OUTER_BOUND('',#970,.T.);
#700=FACE_OUTER_BOUND('',#972,.T.);
#701=FACE_OUTER_BOUND('',#973,.T.);
#702=FACE_OUTER_BOUND('',#975,.T.);
#703=FACE_OUTER_BOUND('',#977,.T.);
#704=FACE_OUTER_BOUND('',#979,.T.);
#705=FACE_OUTER_BOUND('',#980,.T.);
#706=FACE_OUTER_BOUND('',#982,.T.);
#707=FACE_OUTER_BOUND('',#984,.T.);
#708=FACE_OUTER_BOUND('',#986,.T.);
#709=FACE_OUTER_BOUND('',#988,.T.);
#710=FACE_OUTER_BOUND('',#989,.T.);
#711=FACE_OUTER_BOUND('',#990,.T.);
#712=FACE_OUTER_BOUND('',#991,.T.);
#713=FACE_OUTER_BOUND('',#992,.T.);
#714=FACE_OUTER_BOUND('',#993,.T.);
#715=FACE_OUTER_BOUND('',#995,.T.);
#716=FACE_OUTER_BOUND('',#996,.T.);
#717=FACE_OUTER_BOUND('',#997,.T.);
#718=FACE_OUTER_BOUND('',#998,.T.);
#719=FACE_OUTER_BOUND('',#999,.T.);
#720=FACE_OUTER_BOUND('',#1000,.T.);
#721=FACE_OUTER_BOUND('',#1001,.T.);
#722=FACE_OUTER_BOUND('',#1002,.T.);
#723=FACE_OUTER_BOUND('',#1003,.T.);
#724=FACE_OUTER_BOUND('',#1004,.T.);
#725=FACE_OUTER_BOUND('',#1005,.T.);
#726=FACE_OUTER_BOUND('',#1006,.T.);
#727=FACE_OUTER_BOUND('',#1007,.T.);
#728=FACE_OUTER_BOUND('',#1008,.T.);
#729=FACE_OUTER_BOUND('',#1009,.T.);
#730=FACE_OUTER_BOUND('',#1010,.T.);
#731=FACE_OUTER_BOUND('',#1011,.T.);
#732=FACE_OUTER_BOUND('',#1012,.T.);
#733=FACE_OUTER_BOUND('',#1013,.T.);
#734=FACE_OUTER_BOUND('',#1014,.T.);
#735=FACE_OUTER_BOUND('',#1015,.T.);
#736=FACE_OUTER_BOUND('',#1016,.T.);
#737=FACE_OUTER_BOUND('',#1018,.T.);
#738=FACE_OUTER_BOUND('',#1020,.T.);
#739=FACE_OUTER_BOUND('',#1022,.T.);
#740=FACE_OUTER_BOUND('',#1024,.T.);
#741=FACE_OUTER_BOUND('',#1026,.T.);
#742=FACE_OUTER_BOUND('',#1028,.T.);
#743=FACE_OUTER_BOUND('',#1029,.T.);
#744=FACE_OUTER_BOUND('',#1030,.T.);
#745=FACE_OUTER_BOUND('',#1031,.T.);
#746=FACE_OUTER_BOUND('',#1032,.T.);
#747=FACE_OUTER_BOUND('',#1036,.T.);
#748=FACE_OUTER_BOUND('',#1038,.T.);
#749=FACE_OUTER_BOUND('',#1040,.T.);
#750=FACE_OUTER_BOUND('',#1042,.T.);
#751=FACE_OUTER_BOUND('',#1044,.T.);
#752=FACE_OUTER_BOUND('',#1046,.T.);
#753=FACE_OUTER_BOUND('',#1048,.T.);
#754=FACE_OUTER_BOUND('',#1053,.T.);
#755=FACE_OUTER_BOUND('',#1055,.T.);
#756=FACE_OUTER_BOUND('',#1057,.T.);
#757=FACE_OUTER_BOUND('',#1059,.T.);
#758=FACE_OUTER_BOUND('',#1061,.T.);
#759=FACE_OUTER_BOUND('',#1063,.T.);
#760=FACE_OUTER_BOUND('',#1065,.T.);
#761=FACE_OUTER_BOUND('',#1067,.T.);
#762=FACE_OUTER_BOUND('',#1069,.T.);
#763=FACE_OUTER_BOUND('',#1071,.T.);
#764=FACE_OUTER_BOUND('',#1075,.T.);
#765=FACE_OUTER_BOUND('',#1076,.T.);
#766=FACE_OUTER_BOUND('',#1077,.T.);
#767=FACE_OUTER_BOUND('',#1078,.T.);
#768=FACE_OUTER_BOUND('',#1079,.T.);
#769=FACE_OUTER_BOUND('',#1080,.T.);
#770=FACE_OUTER_BOUND('',#1081,.T.);
#771=FACE_OUTER_BOUND('',#1082,.T.);
#772=FACE_OUTER_BOUND('',#1083,.T.);
#773=FACE_OUTER_BOUND('',#1085,.T.);
#774=FACE_OUTER_BOUND('',#1091,.T.);
#775=FACE_OUTER_BOUND('',#1093,.T.);
#776=FACE_OUTER_BOUND('',#1095,.T.);
#777=FACE_OUTER_BOUND('',#1097,.T.);
#778=FACE_OUTER_BOUND('',#1102,.T.);
#779=FACE_OUTER_BOUND('',#1103,.T.);
#780=FACE_OUTER_BOUND('',#1104,.T.);
#781=FACE_OUTER_BOUND('',#1110,.T.);
#782=FACE_OUTER_BOUND('',#1111,.T.);
#783=FACE_OUTER_BOUND('',#1112,.T.);
#784=FACE_OUTER_BOUND('',#1113,.T.);
#785=FACE_OUTER_BOUND('',#1114,.T.);
#786=FACE_OUTER_BOUND('',#1116,.T.);
#787=FACE_OUTER_BOUND('',#1118,.T.);
#788=FACE_OUTER_BOUND('',#1119,.T.);
#789=EDGE_LOOP('',(#1811));
#790=EDGE_LOOP('',(#1812));
#791=EDGE_LOOP('',(#1813));
#792=EDGE_LOOP('',(#1814));
#793=EDGE_LOOP('',(#1815,#1816,#1817,#1818,#1819,#1820,#1821,#1822));
#794=EDGE_LOOP('',(#1823));
#795=EDGE_LOOP('',(#1824));
#796=EDGE_LOOP('',(#1825));
#797=EDGE_LOOP('',(#1826,#1827,#1828,#1829));
#798=EDGE_LOOP('',(#1830,#1831,#1832,#1833,#1834,#1835));
#799=EDGE_LOOP('',(#1836,#1837,#1838,#1839,#1840,#1841));
#800=EDGE_LOOP('',(#1842,#1843,#1844,#1845));
#801=EDGE_LOOP('',(#1846,#1847,#1848,#1849));
#802=EDGE_LOOP('',(#1850));
#803=EDGE_LOOP('',(#1851));
#804=EDGE_LOOP('',(#1852));
#805=EDGE_LOOP('',(#1853,#1854,#1855,#1856));
#806=EDGE_LOOP('',(#1857,#1858,#1859,#1860));
#807=EDGE_LOOP('',(#1861,#1862,#1863,#1864,#1865,#1866));
#808=EDGE_LOOP('',(#1867,#1868,#1869,#1870,#1871,#1872));
#809=EDGE_LOOP('',(#1873,#1874,#1875,#1876));
#810=EDGE_LOOP('',(#1877));
#811=EDGE_LOOP('',(#1878));
#812=EDGE_LOOP('',(#1879));
#813=EDGE_LOOP('',(#1880));
#814=EDGE_LOOP('',(#1881));
#815=EDGE_LOOP('',(#1882));
#816=EDGE_LOOP('',(#1883));
#817=EDGE_LOOP('',(#1884));
#818=EDGE_LOOP('',(#1885));
#819=EDGE_LOOP('',(#1886));
#820=EDGE_LOOP('',(#1887));
#821=EDGE_LOOP('',(#1888));
#822=EDGE_LOOP('',(#1889,#1890,#1891,#1892));
#823=EDGE_LOOP('',(#1893,#1894,#1895,#1896,#1897,#1898,#1899,#1900));
#824=EDGE_LOOP('',(#1901));
#825=EDGE_LOOP('',(#1902,#1903,#1904,#1905));
#826=EDGE_LOOP('',(#1906));
#827=EDGE_LOOP('',(#1907));
#828=EDGE_LOOP('',(#1908));
#829=EDGE_LOOP('',(#1909));
#830=EDGE_LOOP('',(#1910));
#831=EDGE_LOOP('',(#1911));
#832=EDGE_LOOP('',(#1912));
#833=EDGE_LOOP('',(#1913));
#834=EDGE_LOOP('',(#1914));
#835=EDGE_LOOP('',(#1915));
#836=EDGE_LOOP('',(#1916));
#837=EDGE_LOOP('',(#1917));
#838=EDGE_LOOP('',(#1918));
#839=EDGE_LOOP('',(#1919));
#840=EDGE_LOOP('',(#1920));
#841=EDGE_LOOP('',(#1921));
#842=EDGE_LOOP('',(#1922));
#843=EDGE_LOOP('',(#1923));
#844=EDGE_LOOP('',(#1924));
#845=EDGE_LOOP('',(#1925));
#846=EDGE_LOOP('',(#1926));
#847=EDGE_LOOP('',(#1927));
#848=EDGE_LOOP('',(#1928));
#849=EDGE_LOOP('',(#1929));
#850=EDGE_LOOP('',(#1930));
#851=EDGE_LOOP('',(#1931));
#852=EDGE_LOOP('',(#1932));
#853=EDGE_LOOP('',(#1933));
#854=EDGE_LOOP('',(#1934));
#855=EDGE_LOOP('',(#1935));
#856=EDGE_LOOP('',(#1936));
#857=EDGE_LOOP('',(#1937));
#858=EDGE_LOOP('',(#1938,#1939));
#859=EDGE_LOOP('',(#1940,#1941,#1942,#1943));
#860=EDGE_LOOP('',(#1944,#1945,#1946,#1947));
#861=EDGE_LOOP('',(#1948));
#862=EDGE_LOOP('',(#1949,#1950));
#863=EDGE_LOOP('',(#1951,#1952,#1953,#1954));
#864=EDGE_LOOP('',(#1955));
#865=EDGE_LOOP('',(#1956));
#866=EDGE_LOOP('',(#1957));
#867=EDGE_LOOP('',(#1958));
#868=EDGE_LOOP('',(#1959));
#869=EDGE_LOOP('',(#1960));
#870=EDGE_LOOP('',(#1961));
#871=EDGE_LOOP('',(#1962));
#872=EDGE_LOOP('',(#1963));
#873=EDGE_LOOP('',(#1964));
#874=EDGE_LOOP('',(#1965));
#875=EDGE_LOOP('',(#1966));
#876=EDGE_LOOP('',(#1967));
#877=EDGE_LOOP('',(#1968));
#878=EDGE_LOOP('',(#1969));
#879=EDGE_LOOP('',(#1970));
#880=EDGE_LOOP('',(#1971));
#881=EDGE_LOOP('',(#1972));
#882=EDGE_LOOP('',(#1973));
#883=EDGE_LOOP('',(#1974));
#884=EDGE_LOOP('',(#1975));
#885=EDGE_LOOP('',(#1976));
#886=EDGE_LOOP('',(#1977));
#887=EDGE_LOOP('',(#1978));
#888=EDGE_LOOP('',(#1979));
#889=EDGE_LOOP('',(#1980,#1981,#1982,#1983,#1984,#1985,#1986,#1987));
#890=EDGE_LOOP('',(#1988));
#891=EDGE_LOOP('',(#1989));
#892=EDGE_LOOP('',(#1990));
#893=EDGE_LOOP('',(#1991));
#894=EDGE_LOOP('',(#1992));
#895=EDGE_LOOP('',(#1993));
#896=EDGE_LOOP('',(#1994));
#897=EDGE_LOOP('',(#1995));
#898=EDGE_LOOP('',(#1996));
#899=EDGE_LOOP('',(#1997));
#900=EDGE_LOOP('',(#1998));
#901=EDGE_LOOP('',(#1999));
#902=EDGE_LOOP('',(#2000));
#903=EDGE_LOOP('',(#2001));
#904=EDGE_LOOP('',(#2002));
#905=EDGE_LOOP('',(#2003));
#906=EDGE_LOOP('',(#2004));
#907=EDGE_LOOP('',(#2005));
#908=EDGE_LOOP('',(#2006));
#909=EDGE_LOOP('',(#2007));
#910=EDGE_LOOP('',(#2008));
#911=EDGE_LOOP('',(#2009));
#912=EDGE_LOOP('',(#2010));
#913=EDGE_LOOP('',(#2011));
#914=EDGE_LOOP('',(#2012));
#915=EDGE_LOOP('',(#2013));
#916=EDGE_LOOP('',(#2014));
#917=EDGE_LOOP('',(#2015));
#918=EDGE_LOOP('',(#2016));
#919=EDGE_LOOP('',(#2017));
#920=EDGE_LOOP('',(#2018));
#921=EDGE_LOOP('',(#2019));
#922=EDGE_LOOP('',(#2020));
#923=EDGE_LOOP('',(#2021,#2023,#2022,#2024));
#924=EDGE_LOOP('',(#2025,#2027,#2026,#2028));
#925=EDGE_LOOP('',(#2029));
#926=EDGE_LOOP('',(#2030));
#927=EDGE_LOOP('',(#2031));
#928=EDGE_LOOP('',(#2032));
#929=EDGE_LOOP('',(#2033));
#930=EDGE_LOOP('',(#2034));
#931=EDGE_LOOP('',(#2035));
#932=EDGE_LOOP('',(#2036));
#933=EDGE_LOOP('',(#2037));
#934=EDGE_LOOP('',(#2038));
#935=EDGE_LOOP('',(#2039));
#936=EDGE_LOOP('',(#2040));
#937=EDGE_LOOP('',(#2041));
#938=EDGE_LOOP('',(#2042));
#939=EDGE_LOOP('',(#2043));
#940=EDGE_LOOP('',(#2044));
#941=EDGE_LOOP('',(#2045));
#942=EDGE_LOOP('',(#2046));
#943=EDGE_LOOP('',(#2047));
#944=EDGE_LOOP('',(#2048));
#945=EDGE_LOOP('',(#2049));
#946=EDGE_LOOP('',(#2050));
#947=EDGE_LOOP('',(#2051));
#948=EDGE_LOOP('',(#2052));
#949=EDGE_LOOP('',(#2053));
#950=EDGE_LOOP('',(#2054));
#951=EDGE_LOOP('',(#2055));
#952=EDGE_LOOP('',(#2056));
#953=EDGE_LOOP('',(#2057));
#954=EDGE_LOOP('',(#2058));
#955=EDGE_LOOP('',(#2059));
#956=EDGE_LOOP('',(#2060));
#957=EDGE_LOOP('',(#2061));
#958=EDGE_LOOP('',(#2062));
#959=EDGE_LOOP('',(#2063));
#960=EDGE_LOOP('',(#2064));
#961=EDGE_LOOP('',(#2065));
#962=EDGE_LOOP('',(#2066));
#963=EDGE_LOOP('',(#2067));
#964=EDGE_LOOP('',(#2068));
#965=EDGE_LOOP('',(#2069));
#966=EDGE_LOOP('',(#2070));
#967=EDGE_LOOP('',(#2071));
#968=EDGE_LOOP('',(#2072));
#969=EDGE_LOOP('',(#2073));
#970=EDGE_LOOP('',(#2074));
#971=EDGE_LOOP('',(#2075));
#972=EDGE_LOOP('',(#2076));
#973=EDGE_LOOP('',(#2077));
#974=EDGE_LOOP('',(#2078));
#975=EDGE_LOOP('',(#2079));
#976=EDGE_LOOP('',(#2080));
#977=EDGE_LOOP('',(#2081));
#978=EDGE_LOOP('',(#2082));
#979=EDGE_LOOP('',(#2083,#2084));
#980=EDGE_LOOP('',(#2085));
#981=EDGE_LOOP('',(#2086));
#982=EDGE_LOOP('',(#2087));
#983=EDGE_LOOP('',(#2088));
#984=EDGE_LOOP('',(#2089));
#985=EDGE_LOOP('',(#2090,#2091,#2092,#2093,#2094,#2095));
#986=EDGE_LOOP('',(#2096));
#987=EDGE_LOOP('',(#2097,#2098,#2099,#2100));
#988=EDGE_LOOP('',(#2101,#2102,#2103,#2104,#2105,#2106,#2107));
#989=EDGE_LOOP('',(#2108,#2109,#2110,#2111,#2112));
#990=EDGE_LOOP('',(#2113,#2114,#2115,#2116,#2117,#2118,#2119,#2120));
#991=EDGE_LOOP('',(#2121,#2122,#2123,#2124));
#992=EDGE_LOOP('',(#2125));
#993=EDGE_LOOP('',(#2126));
#994=EDGE_LOOP('',(#2127,#2128,#2129,#2130,#2131,#2132));
#995=EDGE_LOOP('',(#2133,#2134));
#996=EDGE_LOOP('',(#2135,#2136));
#997=EDGE_LOOP('',(#2137,#2138));
#998=EDGE_LOOP('',(#2139,#2140));
#999=EDGE_LOOP('',(#2141,#2142));
#1000=EDGE_LOOP('',(#2143,#2144,#2145,#2146,#2147,#2148));
#1001=EDGE_LOOP('',(#2149,#2150,#2151,#2152));
#1002=EDGE_LOOP('',(#2153,#2154,#2155,#2156));
#1003=EDGE_LOOP('',(#2157,#2158,#2159,#2160));
#1004=EDGE_LOOP('',(#2161,#2162,#2163,#2164));
#1005=EDGE_LOOP('',(#2165,#2166,#2167,#2168));
#1006=EDGE_LOOP('',(#2169,#2170,#2171,#2172));
#1007=EDGE_LOOP('',(#2173,#2174,#2175,#2176));
#1008=EDGE_LOOP('',(#2177,#2178,#2179,#2180));
#1009=EDGE_LOOP('',(#2181,#2182,#2183,#2184));
#1010=EDGE_LOOP('',(#2185,#2186,#2187,#2188,#2189,#2190,#2191,#2192));
#1011=EDGE_LOOP('',(#2193,#2194,#2195,#2196));
#1012=EDGE_LOOP('',(#2197,#2198,#2199,#2200));
#1013=EDGE_LOOP('',(#2201,#2202,#2203));
#1014=EDGE_LOOP('',(#2204,#2205,#2206));
#1015=EDGE_LOOP('',(#2207,#2208,#2209,#2210));
#1016=EDGE_LOOP('',(#2211));
#1017=EDGE_LOOP('',(#2212));
#1018=EDGE_LOOP('',(#2213));
#1019=EDGE_LOOP('',(#2214));
#1020=EDGE_LOOP('',(#2215));
#1021=EDGE_LOOP('',(#2216));
#1022=EDGE_LOOP('',(#2217));
#1023=EDGE_LOOP('',(#2218));
#1024=EDGE_LOOP('',(#2219));
#1025=EDGE_LOOP('',(#2220));
#1026=EDGE_LOOP('',(#2221));
#1027=EDGE_LOOP('',(#2222));
#1028=EDGE_LOOP('',(#2223,#2224,#2225,#2226));
#1029=EDGE_LOOP('',(#2227,#2228,#2229,#2230));
#1030=EDGE_LOOP('',(#2231,#2232,#2233,#2234));
#1031=EDGE_LOOP('',(#2235,#2236,#2237,#2238));
#1032=EDGE_LOOP('',(#2239));
#1033=EDGE_LOOP('',(#2240));
#1034=EDGE_LOOP('',(#2241,#2242,#2243,#2244,#2245,#2246,#2247,#2248));
#1035=EDGE_LOOP('',(#2249,#2250,#2251,#2252));
#1036=EDGE_LOOP('',(#2253));
#1037=EDGE_LOOP('',(#2254));
#1038=EDGE_LOOP('',(#2255));
#1039=EDGE_LOOP('',(#2256));
#1040=EDGE_LOOP('',(#2257));
#1041=EDGE_LOOP('',(#2258));
#1042=EDGE_LOOP('',(#2259));
#1043=EDGE_LOOP('',(#2260));
#1044=EDGE_LOOP('',(#2261));
#1045=EDGE_LOOP('',(#2262));
#1046=EDGE_LOOP('',(#2263));
#1047=EDGE_LOOP('',(#2264));
#1048=EDGE_LOOP('',(#2265));
#1049=EDGE_LOOP('',(#2266));
#1050=EDGE_LOOP('',(#2267));
#1051=EDGE_LOOP('',(#2268));
#1052=EDGE_LOOP('',(#2269));
#1053=EDGE_LOOP('',(#2270));
#1054=EDGE_LOOP('',(#2271));
#1055=EDGE_LOOP('',(#2272));
#1056=EDGE_LOOP('',(#2273));
#1057=EDGE_LOOP('',(#2274));
#1058=EDGE_LOOP('',(#2275));
#1059=EDGE_LOOP('',(#2276));
#1060=EDGE_LOOP('',(#2277));
#1061=EDGE_LOOP('',(#2278));
#1062=EDGE_LOOP('',(#2279));
#1063=EDGE_LOOP('',(#2280));
#1064=EDGE_LOOP('',(#2281));
#1065=EDGE_LOOP('',(#2282));
#1066=EDGE_LOOP('',(#2283));
#1067=EDGE_LOOP('',(#2284));
#1068=EDGE_LOOP('',(#2285));
#1069=EDGE_LOOP('',(#2286));
#1070=EDGE_LOOP('',(#2287));
#1071=EDGE_LOOP('',(#2288));
#1072=EDGE_LOOP('',(#2289,#2290,#2291,#2292,#2293,#2294,#2295,#2296));
#1073=EDGE_LOOP('',(#2297,#2298,#2299,#2300));
#1074=EDGE_LOOP('',(#2301));
#1075=EDGE_LOOP('',(#2302,#2303,#2304,#2305));
#1076=EDGE_LOOP('',(#2306,#2307,#2308,#2309));
#1077=EDGE_LOOP('',(#2310,#2311,#2312,#2313));
#1078=EDGE_LOOP('',(#2314,#2315,#2316,#2317));
#1079=EDGE_LOOP('',(#2318,#2319,#2320,#2321));
#1080=EDGE_LOOP('',(#2322,#2323,#2324,#2325));
#1081=EDGE_LOOP('',(#2326,#2327,#2328,#2329));
#1082=EDGE_LOOP('',(#2330,#2331,#2332,#2333));
#1083=EDGE_LOOP('',(#2334));
#1084=EDGE_LOOP('',(#2335));
#1085=EDGE_LOOP('',(#2336,#2337,#2338,#2339,#2340,#2341,#2342,#2343));
#1086=EDGE_LOOP('',(#2344));
#1087=EDGE_LOOP('',(#2345));
#1088=EDGE_LOOP('',(#2346));
#1089=EDGE_LOOP('',(#2347));
#1090=EDGE_LOOP('',(#2348));
#1091=EDGE_LOOP('',(#2349));
#1092=EDGE_LOOP('',(#2350));
#1093=EDGE_LOOP('',(#2351));
#1094=EDGE_LOOP('',(#2352));
#1095=EDGE_LOOP('',(#2353));
#1096=EDGE_LOOP('',(#2354));
#1097=EDGE_LOOP('',(#2355));
#1098=EDGE_LOOP('',(#2356));
#1099=EDGE_LOOP('',(#2357));
#1100=EDGE_LOOP('',(#2358));
#1101=EDGE_LOOP('',(#2359));
#1102=EDGE_LOOP('',(#2360,#2361,#2362,#2363));
#1103=EDGE_LOOP('',(#2364,#2365,#2366,#2367));
#1104=EDGE_LOOP('',(#2368,#2369,#2370,#2371,#2372,#2373,#2374,#2375));
#1105=EDGE_LOOP('',(#2376));
#1106=EDGE_LOOP('',(#2377));
#1107=EDGE_LOOP('',(#2378));
#1108=EDGE_LOOP('',(#2379));
#1109=EDGE_LOOP('',(#2380));
#1110=EDGE_LOOP('',(#2381,#2382,#2383,#2384));
#1111=EDGE_LOOP('',(#2385,#2386,#2387,#2388));
#1112=EDGE_LOOP('',(#2389,#2390,#2391,#2392));
#1113=EDGE_LOOP('',(#2393,#2394,#2395,#2396));
#1114=EDGE_LOOP('',(#2397));
#1115=EDGE_LOOP('',(#2398));
#1116=EDGE_LOOP('',(#2399));
#1117=EDGE_LOOP('',(#2400));
#1118=EDGE_LOOP('',(#2401,#2402,#2403,#2404));
#1119=EDGE_LOOP('',(#2405,#2406,#2407,#2408));
#1120=CIRCLE('',#2667,0.691);
#1121=CIRCLE('',#2668,0.691);
#1122=CIRCLE('',#2670,0.951);
#1123=CIRCLE('',#2671,0.924159597133487);
#1124=CIRCLE('',#2673,0.937684139813345);
#1125=CIRCLE('',#2674,0.951);
#1126=CIRCLE('',#2675,0.937684139813344);
#1127=CIRCLE('',#2676,0.951);
#1128=CIRCLE('',#2678,0.825);
#1129=CIRCLE('',#2680,1.5);
#1130=CIRCLE('',#2681,1.5);
#1131=CIRCLE('',#2685,1.365);
#1132=CIRCLE('',#2687,1.345);
#1133=CIRCLE('',#2688,0.1325);
#1134=CIRCLE('',#2689,0.1325);
#1135=CIRCLE('',#2690,0.1325);
#1136=CIRCLE('',#2692,1.365);
#1137=CIRCLE('',#2694,1.5);
#1138=CIRCLE('',#2695,1.5);
#1139=CIRCLE('',#2699,1.365);
#1140=CIRCLE('',#2701,1.365);
#1141=CIRCLE('',#2702,1.345);
#1142=CIRCLE('',#2704,1.365);
#1143=CIRCLE('',#2706,0.75);
#1144=CIRCLE('',#2707,0.1325);
#1145=CIRCLE('',#2708,0.1325);
#1146=CIRCLE('',#2709,0.1325);
#1147=CIRCLE('',#2710,0.1325);
#1148=CIRCLE('',#2711,0.1325);
#1149=CIRCLE('',#2712,0.1325);
#1150=CIRCLE('',#2714,1.345);
#1151=CIRCLE('',#2715,1.365);
#1152=CIRCLE('',#2717,1.365);
#1153=CIRCLE('',#2719,0.1325);
#1154=CIRCLE('',#2720,0.1325);
#1155=CIRCLE('',#2721,0.1325);
#1156=CIRCLE('',#2730,0.825);
#1157=CIRCLE('',#2733,0.75);
#1158=CIRCLE('',#2739,0.745);
#1159=CIRCLE('',#2740,0.685);
#1160=CIRCLE('',#2742,0.745);
#1161=CIRCLE('',#2744,0.473);
#1162=CIRCLE('',#2746,0.1565);
#1163=CIRCLE('',#2748,0.1635);
#1164=CIRCLE('',#2750,0.1635);
#1165=CIRCLE('',#2752,0.1565);
#1166=CIRCLE('',#2755,0.66);
#1167=CIRCLE('',#2756,0.6);
#1168=CIRCLE('',#2758,0.1285);
#1169=CIRCLE('',#2760,0.4675);
#1170=CIRCLE('',#2761,0.4375);
#1171=CIRCLE('',#2763,0.475);
#1172=CIRCLE('',#2765,0.4375);
#1173=CIRCLE('',#2767,0.4675);
#1174=CIRCLE('',#2768,0.4375);
#1175=CIRCLE('',#2770,0.4375);
#1176=CIRCLE('',#2772,0.475);
#1177=CIRCLE('',#2774,0.4675);
#1178=CIRCLE('',#2776,0.505);
#1179=CIRCLE('',#2778,0.505);
#1180=CIRCLE('',#2779,0.473);
#1181=CIRCLE('',#2783,0.1285);
#1182=CIRCLE('',#2785,0.375);
#1183=CIRCLE('',#2789,0.69);
#1184=CIRCLE('',#2790,0.69);
#1185=CIRCLE('',#2795,0.43);
#1186=CIRCLE('',#2796,0.41);
#1187=CIRCLE('',#2798,0.43);
#1188=CIRCLE('',#2800,0.126);
#1189=CIRCLE('',#2802,0.25);
#1190=CIRCLE('',#2803,0.25);
#1191=CIRCLE('',#2805,0.126);
#1192=CIRCLE('',#2808,0.3125);
#1193=CIRCLE('',#2809,0.3125);
#1194=CIRCLE('',#2814,0.0695000000000001);
#1195=CIRCLE('',#2815,0.256);
#1196=CIRCLE('',#2818,0.0695);
#1197=CIRCLE('',#2819,0.4435);
#1198=CIRCLE('',#2822,0.126);
#1199=CIRCLE('',#2823,0.136);
#1200=CIRCLE('',#2825,0.42);
#1201=CIRCLE('',#2827,0.126);
#1202=CIRCLE('',#2829,0.43);
#1203=CIRCLE('',#2831,0.43);
#1204=CIRCLE('',#2833,0.42);
#1205=CIRCLE('',#2835,0.3075);
#1206=CIRCLE('',#2837,0.3075);
#1207=CIRCLE('',#2838,0.2975);
#1208=CIRCLE('',#2840,0.136);
#1209=CIRCLE('',#2847,0.31);
#1210=CIRCLE('',#2848,0.31);
#1211=CIRCLE('',#2850,0.375);
#1212=CIRCLE('',#2851,0.375);
#1213=CIRCLE('',#2856,0.12475);
#1214=CIRCLE('',#2857,0.10475);
#1215=CIRCLE('',#2859,0.12475);
#1216=CIRCLE('',#2862,0.12475);
#1217=CIRCLE('',#2863,0.10475);
#1218=CIRCLE('',#2865,0.12475);
#1219=CIRCLE('',#2868,0.0940000000000707);
#1220=CIRCLE('',#2869,0.0940000000000709);
#1221=CIRCLE('',#2874,0.108253175473055);
#1222=CIRCLE('',#2876,0.168443738783765);
#1223=CIRCLE('',#2877,0.178443738783765);
#1224=CIRCLE('',#2879,0.178443738783765);
#1225=CIRCLE('',#2881,0.208653059556165);
#1226=CIRCLE('',#2883,0.178443738783765);
#1227=CIRCLE('',#2884,0.203146874371);
#1228=CIRCLE('',#2888,0.108253175473055);
#1229=CIRCLE('',#2889,0.108253175473055);
#1230=CIRCLE('',#2890,0.108253175473055);
#1231=CIRCLE('',#2891,0.108253175473055);
#1232=CIRCLE('',#2892,0.108253175473055);
#1233=CIRCLE('',#2920,0.3955);
#1234=CIRCLE('',#2921,0.3755);
#1235=CIRCLE('',#2923,0.65);
#1236=CIRCLE('',#2925,0.3755);
#1237=CIRCLE('',#2927,0.3755);
#1238=CIRCLE('',#2928,0.3955);
#1239=CIRCLE('',#2930,0.3755);
#1240=CIRCLE('',#2932,0.5725);
#1241=CIRCLE('',#2935,0.874000000001572);
#1242=CIRCLE('',#2937,0.875);
#1243=CIRCLE('',#2940,0.875);
#1244=CIRCLE('',#2941,0.875);
#1245=CIRCLE('',#2947,0.3895);
#1246=CIRCLE('',#2948,0.3895);
#1247=CIRCLE('',#2951,0.3755);
#1248=CIRCLE('',#2953,0.3895);
#1249=CIRCLE('',#2954,0.3895);
#1250=CIRCLE('',#2956,0.3755);
#1251=CIRCLE('',#2960,0.065);
#1252=CIRCLE('',#2961,0.065);
#1253=CIRCLE('',#2963,0.065);
#1254=CIRCLE('',#2964,0.065);
#1255=CIRCLE('',#2966,0.065);
#1256=CIRCLE('',#2967,0.065);
#1257=CIRCLE('',#2969,0.065);
#1258=CIRCLE('',#2970,0.065);
#1259=CIRCLE('',#2975,0.7535);
#1260=CIRCLE('',#2976,0.65);
#1261=CIRCLE('',#2978,0.7535);
#1262=CIRCLE('',#2993,1.055);
#1263=CIRCLE('',#2995,0.06);
#1264=CIRCLE('',#2996,0.06);
#1265=CIRCLE('',#2997,0.06);
#1266=CIRCLE('',#2998,0.06);
#1267=CIRCLE('',#3000,0.7);
#1268=CIRCLE('',#3001,0.6025);
#1269=CIRCLE('',#3003,0.7);
#1270=CIRCLE('',#3005,0.6025);
#1271=CIRCLE('',#3008,0.06);
#1272=CIRCLE('',#3011,0.06);
#1273=CIRCLE('',#3012,0.06);
#1274=CIRCLE('',#3013,0.06);
#1275=CIRCLE('',#3019,0.745);
#1276=VERTEX_POINT('',#3872);
#1277=VERTEX_POINT('',#3874);
#1278=VERTEX_POINT('',#3877);
#1279=VERTEX_POINT('',#3879);
#1280=VERTEX_POINT('',#3882);
#1281=VERTEX_POINT('',#3883);
#1282=VERTEX_POINT('',#3885);
#1283=VERTEX_POINT('',#3887);
#1284=VERTEX_POINT('',#3889);
#1285=VERTEX_POINT('',#3891);
#1286=VERTEX_POINT('',#3893);
#1287=VERTEX_POINT('',#3895);
#1288=VERTEX_POINT('',#3899);
#1289=VERTEX_POINT('',#3902);
#1290=VERTEX_POINT('',#3904);
#1291=VERTEX_POINT('',#3908);
#1292=VERTEX_POINT('',#3910);
#1293=VERTEX_POINT('',#3912);
#1294=VERTEX_POINT('',#3916);
#1295=VERTEX_POINT('',#3918);
#1296=VERTEX_POINT('',#3920);
#1297=VERTEX_POINT('',#3926);
#1298=VERTEX_POINT('',#3929);
#1299=VERTEX_POINT('',#3931);
#1300=VERTEX_POINT('',#3933);
#1301=VERTEX_POINT('',#3936);
#1302=VERTEX_POINT('',#3940);
#1303=VERTEX_POINT('',#3942);
#1304=VERTEX_POINT('',#3946);
#1305=VERTEX_POINT('',#3948);
#1306=VERTEX_POINT('',#3950);
#1307=VERTEX_POINT('',#3954);
#1308=VERTEX_POINT('',#3960);
#1309=VERTEX_POINT('',#3962);
#1310=VERTEX_POINT('',#3965);
#1311=VERTEX_POINT('',#3968);
#1312=VERTEX_POINT('',#3970);
#1313=VERTEX_POINT('',#3972);
#1314=VERTEX_POINT('',#3974);
#1315=VERTEX_POINT('',#3976);
#1316=VERTEX_POINT('',#3978);
#1317=VERTEX_POINT('',#3980);
#1318=VERTEX_POINT('',#3986);
#1319=VERTEX_POINT('',#3989);
#1320=VERTEX_POINT('',#3991);
#1321=VERTEX_POINT('',#3993);
#1322=VERTEX_POINT('',#4003);
#1323=VERTEX_POINT('',#4007);
#1324=VERTEX_POINT('',#4014);
#1325=VERTEX_POINT('',#4016);
#1326=VERTEX_POINT('',#4019);
#1327=VERTEX_POINT('',#4021);
#1328=VERTEX_POINT('',#4057);
#1329=VERTEX_POINT('',#4060);
#1330=VERTEX_POINT('',#4061);
#1331=VERTEX_POINT('',#4083);
#1332=VERTEX_POINT('',#4085);
#1333=VERTEX_POINT('',#4089);
#1334=VERTEX_POINT('',#4096);
#1335=VERTEX_POINT('',#4105);
#1336=VERTEX_POINT('',#4106);
#1337=VERTEX_POINT('',#4130);
#1338=VERTEX_POINT('',#4132);
#1339=VERTEX_POINT('',#4135);
#1340=VERTEX_POINT('',#4138);
#1341=VERTEX_POINT('',#4140);
#1342=VERTEX_POINT('',#4143);
#1343=VERTEX_POINT('',#4146);
#1344=VERTEX_POINT('',#4149);
#1345=VERTEX_POINT('',#4151);
#1346=VERTEX_POINT('',#4154);
#1347=VERTEX_POINT('',#4157);
#1348=VERTEX_POINT('',#4160);
#1349=VERTEX_POINT('',#4163);
#1350=VERTEX_POINT('',#4166);
#1351=VERTEX_POINT('',#4168);
#1352=VERTEX_POINT('',#4173);
#1353=VERTEX_POINT('',#4176);
#1354=VERTEX_POINT('',#4181);
#1355=VERTEX_POINT('',#4183);
#1356=VERTEX_POINT('',#4189);
#1357=VERTEX_POINT('',#4191);
#1358=VERTEX_POINT('',#4194);
#1359=VERTEX_POINT('',#4197);
#1360=VERTEX_POINT('',#4200);
#1361=VERTEX_POINT('',#4202);
#1362=VERTEX_POINT('',#4205);
#1363=VERTEX_POINT('',#4209);
#1364=VERTEX_POINT('',#4211);
#1365=VERTEX_POINT('',#4219);
#1366=VERTEX_POINT('',#4224);
#1367=VERTEX_POINT('',#4227);
#1368=VERTEX_POINT('',#4229);
#1369=VERTEX_POINT('',#4232);
#1370=VERTEX_POINT('',#4235);
#1371=VERTEX_POINT('',#4238);
#1372=VERTEX_POINT('',#4241);
#1373=VERTEX_POINT('',#4244);
#1374=VERTEX_POINT('',#4247);
#1375=VERTEX_POINT('',#4250);
#1376=VERTEX_POINT('',#4252);
#1377=VERTEX_POINT('',#4255);
#1378=VERTEX_POINT('',#4261);
#1379=VERTEX_POINT('',#4296);
#1380=VERTEX_POINT('',#4332);
#1381=VERTEX_POINT('',#4367);
#1382=VERTEX_POINT('',#4403);
#1383=VERTEX_POINT('',#4405);
#1384=VERTEX_POINT('',#4408);
#1385=VERTEX_POINT('',#4410);
#1386=VERTEX_POINT('',#4416);
#1387=VERTEX_POINT('',#4418);
#1388=VERTEX_POINT('',#4421);
#1389=VERTEX_POINT('',#4425);
#1390=VERTEX_POINT('',#4427);
#1391=VERTEX_POINT('',#4430);
#1392=VERTEX_POINT('',#4434);
#1393=VERTEX_POINT('',#4436);
#1394=VERTEX_POINT('',#4442);
#1395=VERTEX_POINT('',#4443);
#1396=VERTEX_POINT('',#4449);
#1397=VERTEX_POINT('',#4451);
#1398=VERTEX_POINT('',#4454);
#1399=VERTEX_POINT('',#4457);
#1400=VERTEX_POINT('',#4458);
#1401=VERTEX_POINT('',#4499);
#1402=VERTEX_POINT('',#4506);
#1403=VERTEX_POINT('',#4519);
#1404=VERTEX_POINT('',#4521);
#1405=VERTEX_POINT('',#4533);
#1406=VERTEX_POINT('',#4535);
#1407=VERTEX_POINT('',#4536);
#1408=VERTEX_POINT('',#4575);
#1409=VERTEX_POINT('',#4584);
#1410=VERTEX_POINT('',#4601);
#1411=VERTEX_POINT('',#4708);
#1412=VERTEX_POINT('',#5823);
#1413=VERTEX_POINT('',#7934);
#1414=VERTEX_POINT('',#7936);
#1415=VERTEX_POINT('',#7938);
#1416=VERTEX_POINT('',#7940);
#1417=VERTEX_POINT('',#7964);
#1418=VERTEX_POINT('',#7965);
#1419=VERTEX_POINT('',#7967);
#1420=VERTEX_POINT('',#7969);
#1421=VERTEX_POINT('',#7971);
#1422=VERTEX_POINT('',#7973);
#1423=VERTEX_POINT('',#7990);
#1424=VERTEX_POINT('',#7991);
#1425=VERTEX_POINT('',#7993);
#1426=VERTEX_POINT('',#7995);
#1427=VERTEX_POINT('',#7999);
#1428=VERTEX_POINT('',#8000);
#1429=VERTEX_POINT('',#8002);
#1430=VERTEX_POINT('',#8004);
#1431=VERTEX_POINT('',#8008);
#1432=VERTEX_POINT('',#8010);
#1433=VERTEX_POINT('',#8012);
#1434=VERTEX_POINT('',#8016);
#1435=VERTEX_POINT('',#8020);
#1436=VERTEX_POINT('',#8031);
#1437=VERTEX_POINT('',#8038);
#1438=VERTEX_POINT('',#8040);
#1439=VERTEX_POINT('',#8044);
#1440=VERTEX_POINT('',#8046);
#1441=VERTEX_POINT('',#8049);
#1442=VERTEX_POINT('',#8052);
#1443=VERTEX_POINT('',#8055);
#1444=VERTEX_POINT('',#8057);
#1445=VERTEX_POINT('',#8060);
#1446=VERTEX_POINT('',#8063);
#1447=VERTEX_POINT('',#8066);
#1448=VERTEX_POINT('',#8068);
#1449=VERTEX_POINT('',#8072);
#1450=VERTEX_POINT('',#8076);
#1451=VERTEX_POINT('',#8082);
#1452=VERTEX_POINT('',#8084);
#1453=VERTEX_POINT('',#8086);
#1454=VERTEX_POINT('',#8106);
#1455=VERTEX_POINT('',#8108);
#1456=VERTEX_POINT('',#8128);
#1457=VERTEX_POINT('',#8129);
#1458=VERTEX_POINT('',#8148);
#1459=VERTEX_POINT('',#8150);
#1460=VERTEX_POINT('',#8172);
#1461=VERTEX_POINT('',#8174);
#1462=VERTEX_POINT('',#8178);
#1463=VERTEX_POINT('',#8181);
#1464=VERTEX_POINT('',#8183);
#1465=VERTEX_POINT('',#8186);
#1466=VERTEX_POINT('',#8190);
#1467=VERTEX_POINT('',#8225);
#1468=VERTEX_POINT('',#8260);
#1469=VERTEX_POINT('',#8296);
#1470=VERTEX_POINT('',#8298);
#1471=VERTEX_POINT('',#8301);
#1472=VERTEX_POINT('',#8303);
#1473=VERTEX_POINT('',#8306);
#1474=VERTEX_POINT('',#8308);
#1475=VERTEX_POINT('',#8311);
#1476=VERTEX_POINT('',#8313);
#1477=VERTEX_POINT('',#8316);
#1478=VERTEX_POINT('',#8352);
#1479=VERTEX_POINT('',#8388);
#1480=VERTEX_POINT('',#8424);
#1481=VERTEX_POINT('',#8426);
#1482=VERTEX_POINT('',#8429);
#1483=VERTEX_POINT('',#8432);
#1484=VERTEX_POINT('',#8434);
#1485=VERTEX_POINT('',#8450);
#1486=VERTEX_POINT('',#8466);
#1487=VERTEX_POINT('',#8467);
#1488=VERTEX_POINT('',#8482);
#1489=VERTEX_POINT('',#8484);
#1490=VERTEX_POINT('',#8517);
#1491=VERTEX_POINT('',#8520);
#1492=VERTEX_POINT('',#8521);
#1493=VERTEX_POINT('',#8523);
#1494=VERTEX_POINT('',#8525);
#1495=VERTEX_POINT('',#8527);
#1496=VERTEX_POINT('',#8529);
#1497=VERTEX_POINT('',#8531);
#1498=VERTEX_POINT('',#8533);
#1499=VERTEX_POINT('',#8537);
#1500=VERTEX_POINT('',#8539);
#1501=VERTEX_POINT('',#8542);
#1502=VERTEX_POINT('',#8545);
#1503=VERTEX_POINT('',#8549);
#1504=VERTEX_POINT('',#8551);
#1505=VERTEX_POINT('',#8555);
#1506=VERTEX_POINT('',#8559);
#1507=VERTEX_POINT('',#8561);
#1508=VERTEX_POINT('',#8563);
#1509=VERTEX_POINT('',#8565);
#1510=VERTEX_POINT('',#8567);
#1511=VERTEX_POINT('',#8580);
#1512=EDGE_CURVE('',#1276,#1276,#1120,.T.);
#1513=EDGE_CURVE('',#1277,#1277,#1121,.T.);
#1514=EDGE_CURVE('',#1278,#1278,#1122,.T.);
#1515=EDGE_CURVE('',#1279,#1279,#1123,.T.);
#1516=EDGE_CURVE('',#1280,#1281,#280,.T.);
#1517=EDGE_CURVE('',#1281,#1282,#1124,.T.);
#1518=EDGE_CURVE('',#1282,#1283,#281,.T.);
#1519=EDGE_CURVE('',#1284,#1283,#1125,.T.);
#1520=EDGE_CURVE('',#1284,#1285,#282,.T.);
#1521=EDGE_CURVE('',#1285,#1286,#1126,.T.);
#1522=EDGE_CURVE('',#1286,#1287,#283,.T.);
#1523=EDGE_CURVE('',#1280,#1287,#1127,.T.);
#1524=EDGE_CURVE('',#1288,#1288,#1128,.T.);
#1525=EDGE_CURVE('',#1289,#1281,#1129,.T.);
#1526=EDGE_CURVE('',#1290,#1289,#284,.T.);
#1527=EDGE_CURVE('',#1282,#1290,#1130,.T.);
#1528=EDGE_CURVE('',#1290,#1291,#285,.T.);
#1529=EDGE_CURVE('',#1292,#1291,#286,.T.);
#1530=EDGE_CURVE('',#1293,#1292,#287,.T.);
#1531=EDGE_CURVE('',#1283,#1293,#288,.T.);
#1532=EDGE_CURVE('',#1294,#1280,#289,.T.);
#1533=EDGE_CURVE('',#1295,#1294,#290,.T.);
#1534=EDGE_CURVE('',#1296,#1295,#291,.T.);
#1535=EDGE_CURVE('',#1296,#1289,#292,.T.);
#1536=EDGE_CURVE('',#1291,#1296,#1131,.T.);
#1537=EDGE_CURVE('',#1297,#1293,#1132,.T.);
#1538=EDGE_CURVE('',#1297,#1284,#293,.T.);
#1539=EDGE_CURVE('',#1298,#1298,#1133,.T.);
#1540=EDGE_CURVE('',#1299,#1299,#1134,.T.);
#1541=EDGE_CURVE('',#1300,#1300,#1135,.T.);
#1542=EDGE_CURVE('',#1292,#1301,#1136,.T.);
#1543=EDGE_CURVE('',#1301,#1297,#294,.T.);
#1544=EDGE_CURVE('',#1302,#1285,#1137,.T.);
#1545=EDGE_CURVE('',#1303,#1302,#295,.T.);
#1546=EDGE_CURVE('',#1286,#1303,#1138,.T.);
#1547=EDGE_CURVE('',#1303,#1304,#296,.T.);
#1548=EDGE_CURVE('',#1305,#1304,#297,.T.);
#1549=EDGE_CURVE('',#1306,#1305,#298,.T.);
#1550=EDGE_CURVE('',#1287,#1306,#299,.T.);
#1551=EDGE_CURVE('',#1307,#1301,#300,.T.);
#1552=EDGE_CURVE('',#1307,#1302,#301,.T.);
#1553=EDGE_CURVE('',#1304,#1307,#1139,.T.);
#1554=EDGE_CURVE('',#1308,#1308,#1140,.T.);
#1555=EDGE_CURVE('',#1309,#1309,#1141,.T.);
#1556=EDGE_CURVE('',#1310,#1310,#1142,.T.);
#1557=EDGE_CURVE('',#1311,#1311,#1143,.T.);
#1558=EDGE_CURVE('',#1312,#1312,#1144,.T.);
#1559=EDGE_CURVE('',#1313,#1313,#1145,.T.);
#1560=EDGE_CURVE('',#1314,#1314,#1146,.T.);
#1561=EDGE_CURVE('',#1315,#1315,#1147,.T.);
#1562=EDGE_CURVE('',#1316,#1316,#1148,.T.);
#1563=EDGE_CURVE('',#1317,#1317,#1149,.T.);
#1564=EDGE_CURVE('',#1294,#1306,#1150,.T.);
#1565=EDGE_CURVE('',#1305,#1295,#1151,.T.);
#1566=EDGE_CURVE('',#1318,#1318,#1152,.T.);
#1567=EDGE_CURVE('',#1319,#1319,#1153,.T.);
#1568=EDGE_CURVE('',#1320,#1320,#1154,.T.);
#1569=EDGE_CURVE('',#1321,#1321,#1155,.T.);
#1570=EDGE_CURVE('',#1322,#1322,#1156,.T.);
#1571=EDGE_CURVE('',#1323,#1323,#1157,.T.);
#1572=EDGE_CURVE('',#1324,#1324,#1158,.T.);
#1573=EDGE_CURVE('',#1325,#1325,#1159,.T.);
#1574=EDGE_CURVE('',#1326,#1326,#1160,.T.);
#1575=EDGE_CURVE('',#1327,#1327,#34,.T.);
#1576=EDGE_CURVE('',#1328,#1328,#1161,.T.);
#1577=EDGE_CURVE('',#1329,#1330,#35,.T.);
#1578=EDGE_CURVE('',#1330,#1329,#1162,.T.);
#1579=EDGE_CURVE('',#1331,#1329,#302,.T.);
#1580=EDGE_CURVE('',#1331,#1332,#1163,.T.);
#1581=EDGE_CURVE('',#1330,#1332,#303,.T.);
#1582=EDGE_CURVE('',#1333,#1331,#36,.T.);
#1583=EDGE_CURVE('',#1334,#1333,#1164,.T.);
#1584=EDGE_CURVE('',#1332,#1334,#37,.T.);
#1585=EDGE_CURVE('',#1335,#1336,#38,.T.);
#1586=EDGE_CURVE('',#1336,#1335,#1165,.T.);
#1587=EDGE_CURVE('',#1336,#1333,#304,.T.);
#1588=EDGE_CURVE('',#1334,#1335,#305,.T.);
#1589=EDGE_CURVE('',#1337,#1337,#1166,.T.);
#1590=EDGE_CURVE('',#1338,#1338,#1167,.T.);
#1591=EDGE_CURVE('',#1339,#1339,#1168,.T.);
#1592=EDGE_CURVE('',#1340,#1340,#1169,.T.);
#1593=EDGE_CURVE('',#1341,#1341,#1170,.T.);
#1594=EDGE_CURVE('',#1342,#1342,#1171,.T.);
#1595=EDGE_CURVE('',#1343,#1343,#1172,.T.);
#1596=EDGE_CURVE('',#1344,#1344,#1173,.T.);
#1597=EDGE_CURVE('',#1345,#1345,#1174,.T.);
#1598=EDGE_CURVE('',#1346,#1346,#1175,.T.);
#1599=EDGE_CURVE('',#1347,#1347,#1176,.T.);
#1600=EDGE_CURVE('',#1348,#1348,#1177,.T.);
#1601=EDGE_CURVE('',#1349,#1349,#1178,.T.);
#1602=EDGE_CURVE('',#1350,#1350,#1179,.T.);
#1603=EDGE_CURVE('',#1351,#1351,#1180,.T.);
#1604=EDGE_CURVE('',#1352,#1352,#1181,.T.);
#1605=EDGE_CURVE('',#1353,#1353,#1182,.T.);
#1606=EDGE_CURVE('',#1354,#1354,#1183,.T.);
#1607=EDGE_CURVE('',#1355,#1355,#1184,.T.);
#1608=EDGE_CURVE('',#1356,#1356,#1185,.T.);
#1609=EDGE_CURVE('',#1357,#1357,#1186,.T.);
#1610=EDGE_CURVE('',#1358,#1358,#1187,.T.);
#1611=EDGE_CURVE('',#1359,#1359,#1188,.T.);
#1612=EDGE_CURVE('',#1360,#1360,#1189,.T.);
#1613=EDGE_CURVE('',#1361,#1361,#1190,.T.);
#1614=EDGE_CURVE('',#1362,#1362,#1191,.T.);
#1615=EDGE_CURVE('',#1363,#1363,#1192,.T.);
#1616=EDGE_CURVE('',#1364,#1364,#1193,.T.);
#1617=EDGE_CURVE('',#1365,#1365,#1194,.T.);
#1618=EDGE_CURVE('',#1365,#1365,#1195,.T.);
#1619=EDGE_CURVE('',#1366,#1366,#1196,.T.);
#1620=EDGE_CURVE('',#1366,#1366,#1197,.T.);
#1621=EDGE_CURVE('',#1367,#1367,#1198,.T.);
#1622=EDGE_CURVE('',#1368,#1368,#1199,.T.);
#1623=EDGE_CURVE('',#1369,#1369,#1200,.T.);
#1624=EDGE_CURVE('',#1370,#1370,#1201,.T.);
#1625=EDGE_CURVE('',#1371,#1371,#1202,.T.);
#1626=EDGE_CURVE('',#1372,#1372,#1203,.T.);
#1627=EDGE_CURVE('',#1373,#1373,#1204,.T.);
#1628=EDGE_CURVE('',#1374,#1374,#1205,.T.);
#1629=EDGE_CURVE('',#1375,#1375,#1206,.T.);
#1630=EDGE_CURVE('',#1376,#1376,#1207,.T.);
#1631=EDGE_CURVE('',#1377,#1377,#1208,.T.);
#1632=EDGE_CURVE('',#1378,#1378,#39,.T.);
#1633=EDGE_CURVE('',#1379,#1379,#40,.T.);
#1634=EDGE_CURVE('',#1380,#1380,#41,.T.);
#1635=EDGE_CURVE('',#1381,#1381,#42,.T.);
#1636=EDGE_CURVE('',#1382,#1382,#1209,.T.);
#1637=EDGE_CURVE('',#1383,#1383,#1210,.T.);
#1638=EDGE_CURVE('',#1384,#1384,#1211,.T.);
#1639=EDGE_CURVE('',#1385,#1385,#1212,.T.);
#1640=EDGE_CURVE('',#1386,#1386,#1213,.T.);
#1641=EDGE_CURVE('',#1387,#1387,#1214,.T.);
#1642=EDGE_CURVE('',#1388,#1388,#1215,.T.);
#1643=EDGE_CURVE('',#1389,#1389,#1216,.T.);
#1644=EDGE_CURVE('',#1390,#1390,#1217,.T.);
#1645=EDGE_CURVE('',#1391,#1391,#1218,.T.);
#1646=EDGE_CURVE('',#1392,#1392,#1219,.T.);
#1647=EDGE_CURVE('',#1393,#1393,#1220,.T.);
#1648=EDGE_CURVE('',#1394,#1395,#28,.F.);
#1649=EDGE_CURVE('',#1394,#1395,#1221,.T.);
#1650=EDGE_CURVE('',#1396,#1396,#1222,.T.);
#1651=EDGE_CURVE('',#1397,#1397,#1223,.T.);
#1652=EDGE_CURVE('',#1398,#1398,#1224,.T.);
#1653=EDGE_CURVE('',#1399,#1400,#43,.T.);
#1654=EDGE_CURVE('',#1400,#1401,#44,.T.);
#1655=EDGE_CURVE('',#1401,#1402,#45,.T.);
#1656=EDGE_CURVE('',#1402,#1403,#1225,.T.);
#1657=EDGE_CURVE('',#1403,#1404,#46,.T.);
#1658=EDGE_CURVE('',#1404,#1399,#47,.T.);
#1659=EDGE_CURVE('',#1405,#1405,#1226,.T.);
#1660=EDGE_CURVE('',#1406,#1407,#48,.F.);
#1661=EDGE_CURVE('',#1408,#1406,#49,.T.);
#1662=EDGE_CURVE('',#1409,#1408,#50,.T.);
#1663=EDGE_CURVE('',#1407,#1409,#1227,.T.);
#1664=EDGE_CURVE('',#1410,#1403,#51,.T.);
#1665=EDGE_CURVE('',#1402,#1411,#52,.T.);
#1666=EDGE_CURVE('',#1411,#1407,#53,.T.);
#1667=EDGE_CURVE('',#1409,#1412,#54,.T.);
#1668=EDGE_CURVE('',#1412,#1410,#55,.T.);
#1669=EDGE_CURVE('',#1406,#1401,#56,.T.);
#1670=EDGE_CURVE('',#1408,#1400,#57,.T.);
#1671=EDGE_CURVE('',#1395,#1413,#1228,.T.);
#1672=EDGE_CURVE('',#1414,#1394,#1229,.T.);
#1673=EDGE_CURVE('',#1415,#1414,#1230,.T.);
#1674=EDGE_CURVE('',#1416,#1415,#1231,.T.);
#1675=EDGE_CURVE('',#1413,#1416,#1232,.T.);
#1676=EDGE_CURVE('',#1413,#1416,#29,.T.);
#1677=EDGE_CURVE('',#1416,#1415,#30,.T.);
#1678=EDGE_CURVE('',#1415,#1414,#31,.T.);
#1679=EDGE_CURVE('',#1414,#1394,#32,.T.);
#1680=EDGE_CURVE('',#1395,#1413,#33,.T.);
#1681=EDGE_CURVE('',#1417,#1418,#306,.T.);
#1682=EDGE_CURVE('',#1418,#1419,#307,.T.);
#1683=EDGE_CURVE('',#1419,#1420,#308,.T.);
#1684=EDGE_CURVE('',#1420,#1421,#309,.T.);
#1685=EDGE_CURVE('',#1421,#1422,#310,.T.);
#1686=EDGE_CURVE('',#1422,#1417,#311,.T.);
#1687=EDGE_CURVE('',#1418,#1413,#312,.T.);
#1688=EDGE_CURVE('',#1419,#1416,#313,.T.);
#1689=EDGE_CURVE('',#1420,#1415,#314,.T.);
#1690=EDGE_CURVE('',#1421,#1414,#315,.T.);
#1691=EDGE_CURVE('',#1422,#1394,#316,.T.);
#1692=EDGE_CURVE('',#1417,#1395,#317,.T.);
#1693=EDGE_CURVE('',#1423,#1424,#318,.T.);
#1694=EDGE_CURVE('',#1425,#1423,#319,.T.);
#1695=EDGE_CURVE('',#1425,#1426,#320,.T.);
#1696=EDGE_CURVE('',#1426,#1424,#321,.T.);
#1697=EDGE_CURVE('',#1427,#1428,#322,.T.);
#1698=EDGE_CURVE('',#1429,#1427,#323,.T.);
#1699=EDGE_CURVE('',#1429,#1430,#324,.T.);
#1700=EDGE_CURVE('',#1430,#1428,#325,.T.);
#1701=EDGE_CURVE('',#1425,#1431,#326,.T.);
#1702=EDGE_CURVE('',#1425,#1432,#327,.T.);
#1703=EDGE_CURVE('',#1433,#1432,#328,.T.);
#1704=EDGE_CURVE('',#1431,#1433,#329,.T.);
#1705=EDGE_CURVE('',#1424,#1434,#12,.T.);
#1706=EDGE_CURVE('',#1431,#1426,#330,.T.);
#1707=EDGE_CURVE('',#1433,#1429,#13,.T.);
#1708=EDGE_CURVE('',#1435,#1427,#331,.T.);
#1709=EDGE_CURVE('',#1434,#1435,#332,.T.);
#1710=EDGE_CURVE('',#1432,#1430,#14,.T.);
#1711=EDGE_CURVE('',#1434,#1436,#333,.T.);
#1712=EDGE_CURVE('',#1428,#1435,#334,.T.);
#1713=EDGE_CURVE('',#1436,#1428,#335,.T.);
#1714=EDGE_CURVE('',#1423,#1437,#15,.T.);
#1715=EDGE_CURVE('',#1437,#1438,#336,.T.);
#1716=EDGE_CURVE('',#1425,#1438,#16,.T.);
#1717=EDGE_CURVE('',#1439,#1439,#1233,.T.);
#1718=EDGE_CURVE('',#1440,#1440,#1234,.T.);
#1719=EDGE_CURVE('',#1441,#1441,#1235,.T.);
#1720=EDGE_CURVE('',#1442,#1442,#1236,.T.);
#1721=EDGE_CURVE('',#1443,#1443,#1237,.T.);
#1722=EDGE_CURVE('',#1444,#1444,#1238,.T.);
#1723=EDGE_CURVE('',#1445,#1445,#1239,.T.);
#1724=EDGE_CURVE('',#1446,#1446,#1240,.T.);
#1725=EDGE_CURVE('',#1447,#1425,#337,.T.);
#1726=EDGE_CURVE('',#1448,#1447,#338,.T.);
#1727=EDGE_CURVE('',#1448,#1432,#339,.T.);
#1728=EDGE_CURVE('',#1449,#1448,#1241,.T.);
#1729=EDGE_CURVE('',#1430,#1449,#340,.T.);
#1730=EDGE_CURVE('',#1450,#1447,#1242,.T.);
#1731=EDGE_CURVE('',#1449,#1450,#341,.T.);
#1732=EDGE_CURVE('',#1428,#1450,#342,.T.);
#1733=EDGE_CURVE('',#1451,#1451,#1243,.T.);
#1734=EDGE_CURVE('',#1452,#1452,#1244,.T.);
#1735=EDGE_CURVE('',#1438,#1453,#58,.T.);
#1736=EDGE_CURVE('',#1453,#1454,#17,.T.);
#1737=EDGE_CURVE('',#1454,#1455,#59,.T.);
#1738=EDGE_CURVE('',#1455,#1428,#18,.T.);
#1739=EDGE_CURVE('',#1456,#1457,#60,.T.);
#1740=EDGE_CURVE('',#1457,#1458,#19,.T.);
#1741=EDGE_CURVE('',#1458,#1459,#61,.T.);
#1742=EDGE_CURVE('',#1459,#1456,#20,.T.);
#1743=EDGE_CURVE('',#1460,#1460,#1245,.T.);
#1744=EDGE_CURVE('',#1461,#1461,#1246,.T.);
#1745=EDGE_CURVE('',#1462,#1462,#1247,.T.);
#1746=EDGE_CURVE('',#1463,#1463,#1248,.T.);
#1747=EDGE_CURVE('',#1464,#1464,#1249,.T.);
#1748=EDGE_CURVE('',#1465,#1465,#1250,.T.);
#1749=EDGE_CURVE('',#1466,#1466,#62,.T.);
#1750=EDGE_CURVE('',#1467,#1467,#63,.T.);
#1751=EDGE_CURVE('',#1468,#1468,#64,.T.);
#1752=EDGE_CURVE('',#1469,#1469,#1251,.T.);
#1753=EDGE_CURVE('',#1470,#1470,#1252,.T.);
#1754=EDGE_CURVE('',#1471,#1471,#1253,.T.);
#1755=EDGE_CURVE('',#1472,#1472,#1254,.T.);
#1756=EDGE_CURVE('',#1473,#1473,#1255,.T.);
#1757=EDGE_CURVE('',#1474,#1474,#1256,.T.);
#1758=EDGE_CURVE('',#1475,#1475,#1257,.T.);
#1759=EDGE_CURVE('',#1476,#1476,#1258,.T.);
#1760=EDGE_CURVE('',#1477,#1477,#65,.T.);
#1761=EDGE_CURVE('',#1478,#1478,#66,.T.);
#1762=EDGE_CURVE('',#1479,#1479,#67,.T.);
#1763=EDGE_CURVE('',#1480,#1480,#1259,.T.);
#1764=EDGE_CURVE('',#1481,#1481,#1260,.T.);
#1765=EDGE_CURVE('',#1482,#1482,#1261,.T.);
#1766=EDGE_CURVE('',#1483,#1436,#21,.T.);
#1767=EDGE_CURVE('',#1484,#1483,#68,.T.);
#1768=EDGE_CURVE('',#1485,#1484,#22,.T.);
#1769=EDGE_CURVE('',#1437,#1485,#69,.T.);
#1770=EDGE_CURVE('',#1486,#1487,#70,.T.);
#1771=EDGE_CURVE('',#1488,#1486,#23,.T.);
#1772=EDGE_CURVE('',#1489,#1488,#71,.T.);
#1773=EDGE_CURVE('',#1487,#1489,#24,.T.);
#1774=EDGE_CURVE('',#1486,#1458,#343,.T.);
#1775=EDGE_CURVE('',#1457,#1488,#344,.T.);
#1776=EDGE_CURVE('',#1487,#1459,#345,.T.);
#1777=EDGE_CURVE('',#1456,#1489,#346,.T.);
#1778=EDGE_CURVE('',#1455,#1483,#347,.T.);
#1779=EDGE_CURVE('',#1485,#1453,#348,.T.);
#1780=EDGE_CURVE('',#1454,#1484,#349,.T.);
#1781=EDGE_CURVE('',#1490,#1490,#1262,.T.);
#1782=EDGE_CURVE('',#1491,#1492,#1263,.T.);
#1783=EDGE_CURVE('',#1493,#1491,#350,.T.);
#1784=EDGE_CURVE('',#1494,#1493,#1264,.T.);
#1785=EDGE_CURVE('',#1495,#1494,#351,.T.);
#1786=EDGE_CURVE('',#1496,#1495,#1265,.T.);
#1787=EDGE_CURVE('',#1497,#1496,#352,.T.);
#1788=EDGE_CURVE('',#1498,#1497,#1266,.T.);
#1789=EDGE_CURVE('',#1492,#1498,#353,.T.);
#1790=EDGE_CURVE('',#1499,#1499,#1267,.T.);
#1791=EDGE_CURVE('',#1500,#1500,#1268,.T.);
#1792=EDGE_CURVE('',#1501,#1501,#1269,.T.);
#1793=EDGE_CURVE('',#1502,#1502,#1270,.T.);
#1794=EDGE_CURVE('',#1492,#1503,#354,.T.);
#1795=EDGE_CURVE('',#1503,#1504,#1271,.T.);
#1796=EDGE_CURVE('',#1504,#1491,#355,.T.);
#1797=EDGE_CURVE('',#1504,#1505,#356,.T.);
#1798=EDGE_CURVE('',#1493,#1505,#357,.T.);
#1799=EDGE_CURVE('',#1506,#1503,#358,.T.);
#1800=EDGE_CURVE('',#1507,#1506,#1272,.T.);
#1801=EDGE_CURVE('',#1508,#1507,#359,.T.);
#1802=EDGE_CURVE('',#1509,#1508,#1273,.T.);
#1803=EDGE_CURVE('',#1510,#1509,#360,.T.);
#1804=EDGE_CURVE('',#1505,#1510,#1274,.T.);
#1805=EDGE_CURVE('',#1497,#1507,#361,.T.);
#1806=EDGE_CURVE('',#1506,#1498,#362,.T.);
#1807=EDGE_CURVE('',#1508,#1496,#363,.T.);
#1808=EDGE_CURVE('',#1495,#1509,#364,.T.);
#1809=EDGE_CURVE('',#1510,#1494,#365,.T.);
#1810=EDGE_CURVE('',#1511,#1511,#1275,.T.);
#1811=ORIENTED_EDGE('',*,*,#1512,.F.);
#1812=ORIENTED_EDGE('',*,*,#1513,.F.);
#1813=ORIENTED_EDGE('',*,*,#1514,.T.);
#1814=ORIENTED_EDGE('',*,*,#1515,.T.);
#1815=ORIENTED_EDGE('',*,*,#1516,.T.);
#1816=ORIENTED_EDGE('',*,*,#1517,.T.);
#1817=ORIENTED_EDGE('',*,*,#1518,.T.);
#1818=ORIENTED_EDGE('',*,*,#1519,.F.);
#1819=ORIENTED_EDGE('',*,*,#1520,.T.);
#1820=ORIENTED_EDGE('',*,*,#1521,.T.);
#1821=ORIENTED_EDGE('',*,*,#1522,.T.);
#1822=ORIENTED_EDGE('',*,*,#1523,.F.);
#1823=ORIENTED_EDGE('',*,*,#1514,.F.);
#1824=ORIENTED_EDGE('',*,*,#1524,.F.);
#1825=ORIENTED_EDGE('',*,*,#1515,.F.);
#1826=ORIENTED_EDGE('',*,*,#1517,.F.);
#1827=ORIENTED_EDGE('',*,*,#1525,.F.);
#1828=ORIENTED_EDGE('',*,*,#1526,.F.);
#1829=ORIENTED_EDGE('',*,*,#1527,.F.);
#1830=ORIENTED_EDGE('',*,*,#1518,.F.);
#1831=ORIENTED_EDGE('',*,*,#1527,.T.);
#1832=ORIENTED_EDGE('',*,*,#1528,.T.);
#1833=ORIENTED_EDGE('',*,*,#1529,.F.);
#1834=ORIENTED_EDGE('',*,*,#1530,.F.);
#1835=ORIENTED_EDGE('',*,*,#1531,.F.);
#1836=ORIENTED_EDGE('',*,*,#1516,.F.);
#1837=ORIENTED_EDGE('',*,*,#1532,.F.);
#1838=ORIENTED_EDGE('',*,*,#1533,.F.);
#1839=ORIENTED_EDGE('',*,*,#1534,.F.);
#1840=ORIENTED_EDGE('',*,*,#1535,.T.);
#1841=ORIENTED_EDGE('',*,*,#1525,.T.);
#1842=ORIENTED_EDGE('',*,*,#1536,.F.);
#1843=ORIENTED_EDGE('',*,*,#1528,.F.);
#1844=ORIENTED_EDGE('',*,*,#1526,.T.);
#1845=ORIENTED_EDGE('',*,*,#1535,.F.);
#1846=ORIENTED_EDGE('',*,*,#1531,.T.);
#1847=ORIENTED_EDGE('',*,*,#1537,.F.);
#1848=ORIENTED_EDGE('',*,*,#1538,.T.);
#1849=ORIENTED_EDGE('',*,*,#1519,.T.);
#1850=ORIENTED_EDGE('',*,*,#1539,.T.);
#1851=ORIENTED_EDGE('',*,*,#1540,.T.);
#1852=ORIENTED_EDGE('',*,*,#1541,.T.);
#1853=ORIENTED_EDGE('',*,*,#1530,.T.);
#1854=ORIENTED_EDGE('',*,*,#1542,.T.);
#1855=ORIENTED_EDGE('',*,*,#1543,.T.);
#1856=ORIENTED_EDGE('',*,*,#1537,.T.);
#1857=ORIENTED_EDGE('',*,*,#1521,.F.);
#1858=ORIENTED_EDGE('',*,*,#1544,.F.);
#1859=ORIENTED_EDGE('',*,*,#1545,.F.);
#1860=ORIENTED_EDGE('',*,*,#1546,.F.);
#1861=ORIENTED_EDGE('',*,*,#1522,.F.);
#1862=ORIENTED_EDGE('',*,*,#1546,.T.);
#1863=ORIENTED_EDGE('',*,*,#1547,.T.);
#1864=ORIENTED_EDGE('',*,*,#1548,.F.);
#1865=ORIENTED_EDGE('',*,*,#1549,.F.);
#1866=ORIENTED_EDGE('',*,*,#1550,.F.);
#1867=ORIENTED_EDGE('',*,*,#1520,.F.);
#1868=ORIENTED_EDGE('',*,*,#1538,.F.);
#1869=ORIENTED_EDGE('',*,*,#1543,.F.);
#1870=ORIENTED_EDGE('',*,*,#1551,.F.);
#1871=ORIENTED_EDGE('',*,*,#1552,.T.);
#1872=ORIENTED_EDGE('',*,*,#1544,.T.);
#1873=ORIENTED_EDGE('',*,*,#1553,.F.);
#1874=ORIENTED_EDGE('',*,*,#1547,.F.);
#1875=ORIENTED_EDGE('',*,*,#1545,.T.);
#1876=ORIENTED_EDGE('',*,*,#1552,.F.);
#1877=ORIENTED_EDGE('',*,*,#1554,.T.);
#1878=ORIENTED_EDGE('',*,*,#1555,.T.);
#1879=ORIENTED_EDGE('',*,*,#1556,.T.);
#1880=ORIENTED_EDGE('',*,*,#1554,.F.);
#1881=ORIENTED_EDGE('',*,*,#1555,.F.);
#1882=ORIENTED_EDGE('',*,*,#1557,.T.);
#1883=ORIENTED_EDGE('',*,*,#1558,.T.);
#1884=ORIENTED_EDGE('',*,*,#1559,.T.);
#1885=ORIENTED_EDGE('',*,*,#1560,.T.);
#1886=ORIENTED_EDGE('',*,*,#1561,.T.);
#1887=ORIENTED_EDGE('',*,*,#1562,.T.);
#1888=ORIENTED_EDGE('',*,*,#1563,.T.);
#1889=ORIENTED_EDGE('',*,*,#1533,.T.);
#1890=ORIENTED_EDGE('',*,*,#1564,.T.);
#1891=ORIENTED_EDGE('',*,*,#1549,.T.);
#1892=ORIENTED_EDGE('',*,*,#1565,.T.);
#1893=ORIENTED_EDGE('',*,*,#1534,.T.);
#1894=ORIENTED_EDGE('',*,*,#1565,.F.);
#1895=ORIENTED_EDGE('',*,*,#1548,.T.);
#1896=ORIENTED_EDGE('',*,*,#1553,.T.);
#1897=ORIENTED_EDGE('',*,*,#1551,.T.);
#1898=ORIENTED_EDGE('',*,*,#1542,.F.);
#1899=ORIENTED_EDGE('',*,*,#1529,.T.);
#1900=ORIENTED_EDGE('',*,*,#1536,.T.);
#1901=ORIENTED_EDGE('',*,*,#1566,.T.);
#1902=ORIENTED_EDGE('',*,*,#1532,.T.);
#1903=ORIENTED_EDGE('',*,*,#1523,.T.);
#1904=ORIENTED_EDGE('',*,*,#1550,.T.);
#1905=ORIENTED_EDGE('',*,*,#1564,.F.);
#1906=ORIENTED_EDGE('',*,*,#1567,.T.);
#1907=ORIENTED_EDGE('',*,*,#1568,.T.);
#1908=ORIENTED_EDGE('',*,*,#1569,.T.);
#1909=ORIENTED_EDGE('',*,*,#1566,.F.);
#1910=ORIENTED_EDGE('',*,*,#1556,.F.);
#1911=ORIENTED_EDGE('',*,*,#1563,.F.);
#1912=ORIENTED_EDGE('',*,*,#1541,.F.);
#1913=ORIENTED_EDGE('',*,*,#1562,.F.);
#1914=ORIENTED_EDGE('',*,*,#1569,.F.);
#1915=ORIENTED_EDGE('',*,*,#1561,.F.);
#1916=ORIENTED_EDGE('',*,*,#1568,.F.);
#1917=ORIENTED_EDGE('',*,*,#1560,.F.);
#1918=ORIENTED_EDGE('',*,*,#1567,.F.);
#1919=ORIENTED_EDGE('',*,*,#1559,.F.);
#1920=ORIENTED_EDGE('',*,*,#1540,.F.);
#1921=ORIENTED_EDGE('',*,*,#1558,.F.);
#1922=ORIENTED_EDGE('',*,*,#1539,.F.);
#1923=ORIENTED_EDGE('',*,*,#1570,.T.);
#1924=ORIENTED_EDGE('',*,*,#1513,.T.);
#1925=ORIENTED_EDGE('',*,*,#1524,.T.);
#1926=ORIENTED_EDGE('',*,*,#1570,.F.);
#1927=ORIENTED_EDGE('',*,*,#1571,.T.);
#1928=ORIENTED_EDGE('',*,*,#1512,.T.);
#1929=ORIENTED_EDGE('',*,*,#1557,.F.);
#1930=ORIENTED_EDGE('',*,*,#1571,.F.);
#1931=ORIENTED_EDGE('',*,*,#1572,.T.);
#1932=ORIENTED_EDGE('',*,*,#1573,.T.);
#1933=ORIENTED_EDGE('',*,*,#1574,.T.);
#1934=ORIENTED_EDGE('',*,*,#1575,.T.);
#1935=ORIENTED_EDGE('',*,*,#1572,.F.);
#1936=ORIENTED_EDGE('',*,*,#1573,.F.);
#1937=ORIENTED_EDGE('',*,*,#1576,.T.);
#1938=ORIENTED_EDGE('',*,*,#1577,.F.);
#1939=ORIENTED_EDGE('',*,*,#1578,.F.);
#1940=ORIENTED_EDGE('',*,*,#1579,.F.);
#1941=ORIENTED_EDGE('',*,*,#1580,.T.);
#1942=ORIENTED_EDGE('',*,*,#1581,.F.);
#1943=ORIENTED_EDGE('',*,*,#1578,.T.);
#1944=ORIENTED_EDGE('',*,*,#1582,.F.);
#1945=ORIENTED_EDGE('',*,*,#1583,.F.);
#1946=ORIENTED_EDGE('',*,*,#1584,.F.);
#1947=ORIENTED_EDGE('',*,*,#1580,.F.);
#1948=ORIENTED_EDGE('',*,*,#1575,.F.);
#1949=ORIENTED_EDGE('',*,*,#1585,.F.);
#1950=ORIENTED_EDGE('',*,*,#1586,.F.);
#1951=ORIENTED_EDGE('',*,*,#1587,.F.);
#1952=ORIENTED_EDGE('',*,*,#1586,.T.);
#1953=ORIENTED_EDGE('',*,*,#1588,.F.);
#1954=ORIENTED_EDGE('',*,*,#1583,.T.);
#1955=ORIENTED_EDGE('',*,*,#1589,.F.);
#1956=ORIENTED_EDGE('',*,*,#1590,.F.);
#1957=ORIENTED_EDGE('',*,*,#1590,.T.);
#1958=ORIENTED_EDGE('',*,*,#1591,.T.);
#1959=ORIENTED_EDGE('',*,*,#1592,.T.);
#1960=ORIENTED_EDGE('',*,*,#1593,.T.);
#1961=ORIENTED_EDGE('',*,*,#1594,.F.);
#1962=ORIENTED_EDGE('',*,*,#1592,.F.);
#1963=ORIENTED_EDGE('',*,*,#1595,.T.);
#1964=ORIENTED_EDGE('',*,*,#1593,.F.);
#1965=ORIENTED_EDGE('',*,*,#1596,.T.);
#1966=ORIENTED_EDGE('',*,*,#1597,.T.);
#1967=ORIENTED_EDGE('',*,*,#1598,.F.);
#1968=ORIENTED_EDGE('',*,*,#1597,.F.);
#1969=ORIENTED_EDGE('',*,*,#1599,.T.);
#1970=ORIENTED_EDGE('',*,*,#1596,.F.);
#1971=ORIENTED_EDGE('',*,*,#1598,.T.);
#1972=ORIENTED_EDGE('',*,*,#1600,.T.);
#1973=ORIENTED_EDGE('',*,*,#1601,.F.);
#1974=ORIENTED_EDGE('',*,*,#1600,.F.);
#1975=ORIENTED_EDGE('',*,*,#1602,.T.);
#1976=ORIENTED_EDGE('',*,*,#1603,.F.);
#1977=ORIENTED_EDGE('',*,*,#1602,.F.);
#1978=ORIENTED_EDGE('',*,*,#1601,.T.);
#1979=ORIENTED_EDGE('',*,*,#1594,.T.);
#1980=ORIENTED_EDGE('',*,*,#1584,.T.);
#1981=ORIENTED_EDGE('',*,*,#1588,.T.);
#1982=ORIENTED_EDGE('',*,*,#1585,.T.);
#1983=ORIENTED_EDGE('',*,*,#1587,.T.);
#1984=ORIENTED_EDGE('',*,*,#1582,.T.);
#1985=ORIENTED_EDGE('',*,*,#1579,.T.);
#1986=ORIENTED_EDGE('',*,*,#1577,.T.);
#1987=ORIENTED_EDGE('',*,*,#1581,.T.);
#1988=ORIENTED_EDGE('',*,*,#1599,.F.);
#1989=ORIENTED_EDGE('',*,*,#1604,.F.);
#1990=ORIENTED_EDGE('',*,*,#1591,.F.);
#1991=ORIENTED_EDGE('',*,*,#1595,.F.);
#1992=ORIENTED_EDGE('',*,*,#1605,.F.);
#1993=ORIENTED_EDGE('',*,*,#1604,.T.);
#1994=ORIENTED_EDGE('',*,*,#1605,.T.);
#1995=ORIENTED_EDGE('',*,*,#1603,.T.);
#1996=ORIENTED_EDGE('',*,*,#1576,.F.);
#1997=ORIENTED_EDGE('',*,*,#1606,.T.);
#1998=ORIENTED_EDGE('',*,*,#1607,.F.);
#1999=ORIENTED_EDGE('',*,*,#1574,.F.);
#2000=ORIENTED_EDGE('',*,*,#1606,.F.);
#2001=ORIENTED_EDGE('',*,*,#1607,.T.);
#2002=ORIENTED_EDGE('',*,*,#1589,.T.);
#2003=ORIENTED_EDGE('',*,*,#1608,.T.);
#2004=ORIENTED_EDGE('',*,*,#1609,.T.);
#2005=ORIENTED_EDGE('',*,*,#1610,.T.);
#2006=ORIENTED_EDGE('',*,*,#1608,.F.);
#2007=ORIENTED_EDGE('',*,*,#1609,.F.);
#2008=ORIENTED_EDGE('',*,*,#1611,.T.);
#2009=ORIENTED_EDGE('',*,*,#1612,.T.);
#2010=ORIENTED_EDGE('',*,*,#1613,.F.);
#2011=ORIENTED_EDGE('',*,*,#1612,.F.);
#2012=ORIENTED_EDGE('',*,*,#1614,.F.);
#2013=ORIENTED_EDGE('',*,*,#1614,.T.);
#2014=ORIENTED_EDGE('',*,*,#1611,.F.);
#2015=ORIENTED_EDGE('',*,*,#1615,.T.);
#2016=ORIENTED_EDGE('',*,*,#1616,.F.);
#2017=ORIENTED_EDGE('',*,*,#1610,.F.);
#2018=ORIENTED_EDGE('',*,*,#1615,.F.);
#2019=ORIENTED_EDGE('',*,*,#1616,.T.);
#2020=ORIENTED_EDGE('',*,*,#1613,.T.);
#2021=ORIENTED_EDGE('',*,*,#1617,.T.);
#2022=ORIENTED_EDGE('',*,*,#1617,.F.);
#2023=ORIENTED_EDGE('',*,*,#1618,.T.);
#2024=ORIENTED_EDGE('',*,*,#1618,.F.);
#2025=ORIENTED_EDGE('',*,*,#1619,.T.);
#2026=ORIENTED_EDGE('',*,*,#1619,.F.);
#2027=ORIENTED_EDGE('',*,*,#1620,.T.);
#2028=ORIENTED_EDGE('',*,*,#1620,.F.);
#2029=ORIENTED_EDGE('',*,*,#1621,.T.);
#2030=ORIENTED_EDGE('',*,*,#1622,.T.);
#2031=ORIENTED_EDGE('',*,*,#1623,.F.);
#2032=ORIENTED_EDGE('',*,*,#1622,.F.);
#2033=ORIENTED_EDGE('',*,*,#1624,.F.);
#2034=ORIENTED_EDGE('',*,*,#1621,.F.);
#2035=ORIENTED_EDGE('',*,*,#1625,.T.);
#2036=ORIENTED_EDGE('',*,*,#1623,.T.);
#2037=ORIENTED_EDGE('',*,*,#1626,.F.);
#2038=ORIENTED_EDGE('',*,*,#1625,.F.);
#2039=ORIENTED_EDGE('',*,*,#1627,.T.);
#2040=ORIENTED_EDGE('',*,*,#1626,.T.);
#2041=ORIENTED_EDGE('',*,*,#1627,.F.);
#2042=ORIENTED_EDGE('',*,*,#1628,.F.);
#2043=ORIENTED_EDGE('',*,*,#1629,.T.);
#2044=ORIENTED_EDGE('',*,*,#1630,.T.);
#2045=ORIENTED_EDGE('',*,*,#1630,.F.);
#2046=ORIENTED_EDGE('',*,*,#1631,.F.);
#2047=ORIENTED_EDGE('',*,*,#1628,.T.);
#2048=ORIENTED_EDGE('',*,*,#1629,.F.);
#2049=ORIENTED_EDGE('',*,*,#1624,.T.);
#2050=ORIENTED_EDGE('',*,*,#1631,.T.);
#2051=ORIENTED_EDGE('',*,*,#1632,.F.);
#2052=ORIENTED_EDGE('',*,*,#1633,.F.);
#2053=ORIENTED_EDGE('',*,*,#1634,.F.);
#2054=ORIENTED_EDGE('',*,*,#1635,.F.);
#2055=ORIENTED_EDGE('',*,*,#1636,.F.);
#2056=ORIENTED_EDGE('',*,*,#1634,.T.);
#2057=ORIENTED_EDGE('',*,*,#1633,.T.);
#2058=ORIENTED_EDGE('',*,*,#1637,.F.);
#2059=ORIENTED_EDGE('',*,*,#1638,.F.);
#2060=ORIENTED_EDGE('',*,*,#1635,.T.);
#2061=ORIENTED_EDGE('',*,*,#1632,.T.);
#2062=ORIENTED_EDGE('',*,*,#1639,.F.);
#2063=ORIENTED_EDGE('',*,*,#1639,.T.);
#2064=ORIENTED_EDGE('',*,*,#1637,.T.);
#2065=ORIENTED_EDGE('',*,*,#1638,.T.);
#2066=ORIENTED_EDGE('',*,*,#1636,.T.);
#2067=ORIENTED_EDGE('',*,*,#1640,.T.);
#2068=ORIENTED_EDGE('',*,*,#1641,.T.);
#2069=ORIENTED_EDGE('',*,*,#1642,.T.);
#2070=ORIENTED_EDGE('',*,*,#1640,.F.);
#2071=ORIENTED_EDGE('',*,*,#1641,.F.);
#2072=ORIENTED_EDGE('',*,*,#1643,.T.);
#2073=ORIENTED_EDGE('',*,*,#1644,.T.);
#2074=ORIENTED_EDGE('',*,*,#1645,.T.);
#2075=ORIENTED_EDGE('',*,*,#1643,.F.);
#2076=ORIENTED_EDGE('',*,*,#1644,.F.);
#2077=ORIENTED_EDGE('',*,*,#1646,.T.);
#2078=ORIENTED_EDGE('',*,*,#1647,.F.);
#2079=ORIENTED_EDGE('',*,*,#1642,.F.);
#2080=ORIENTED_EDGE('',*,*,#1646,.F.);
#2081=ORIENTED_EDGE('',*,*,#1645,.F.);
#2082=ORIENTED_EDGE('',*,*,#1647,.T.);
#2083=ORIENTED_EDGE('',*,*,#1648,.F.);
#2084=ORIENTED_EDGE('',*,*,#1649,.T.);
#2085=ORIENTED_EDGE('',*,*,#1650,.F.);
#2086=ORIENTED_EDGE('',*,*,#1651,.F.);
#2087=ORIENTED_EDGE('',*,*,#1652,.T.);
#2088=ORIENTED_EDGE('',*,*,#1651,.T.);
#2089=ORIENTED_EDGE('',*,*,#1652,.F.);
#2090=ORIENTED_EDGE('',*,*,#1653,.T.);
#2091=ORIENTED_EDGE('',*,*,#1654,.T.);
#2092=ORIENTED_EDGE('',*,*,#1655,.T.);
#2093=ORIENTED_EDGE('',*,*,#1656,.T.);
#2094=ORIENTED_EDGE('',*,*,#1657,.T.);
#2095=ORIENTED_EDGE('',*,*,#1658,.T.);
#2096=ORIENTED_EDGE('',*,*,#1659,.T.);
#2097=ORIENTED_EDGE('',*,*,#1660,.F.);
#2098=ORIENTED_EDGE('',*,*,#1661,.F.);
#2099=ORIENTED_EDGE('',*,*,#1662,.F.);
#2100=ORIENTED_EDGE('',*,*,#1663,.F.);
#2101=ORIENTED_EDGE('',*,*,#1664,.T.);
#2102=ORIENTED_EDGE('',*,*,#1656,.F.);
#2103=ORIENTED_EDGE('',*,*,#1665,.T.);
#2104=ORIENTED_EDGE('',*,*,#1666,.T.);
#2105=ORIENTED_EDGE('',*,*,#1663,.T.);
#2106=ORIENTED_EDGE('',*,*,#1667,.T.);
#2107=ORIENTED_EDGE('',*,*,#1668,.T.);
#2108=ORIENTED_EDGE('',*,*,#1655,.F.);
#2109=ORIENTED_EDGE('',*,*,#1669,.F.);
#2110=ORIENTED_EDGE('',*,*,#1660,.T.);
#2111=ORIENTED_EDGE('',*,*,#1666,.F.);
#2112=ORIENTED_EDGE('',*,*,#1665,.F.);
#2113=ORIENTED_EDGE('',*,*,#1653,.F.);
#2114=ORIENTED_EDGE('',*,*,#1658,.F.);
#2115=ORIENTED_EDGE('',*,*,#1657,.F.);
#2116=ORIENTED_EDGE('',*,*,#1664,.F.);
#2117=ORIENTED_EDGE('',*,*,#1668,.F.);
#2118=ORIENTED_EDGE('',*,*,#1667,.F.);
#2119=ORIENTED_EDGE('',*,*,#1662,.T.);
#2120=ORIENTED_EDGE('',*,*,#1670,.T.);
#2121=ORIENTED_EDGE('',*,*,#1654,.F.);
#2122=ORIENTED_EDGE('',*,*,#1670,.F.);
#2123=ORIENTED_EDGE('',*,*,#1661,.T.);
#2124=ORIENTED_EDGE('',*,*,#1669,.T.);
#2125=ORIENTED_EDGE('',*,*,#1659,.F.);
#2126=ORIENTED_EDGE('',*,*,#1650,.T.);
#2127=ORIENTED_EDGE('',*,*,#1671,.F.);
#2128=ORIENTED_EDGE('',*,*,#1649,.F.);
#2129=ORIENTED_EDGE('',*,*,#1672,.F.);
#2130=ORIENTED_EDGE('',*,*,#1673,.F.);
#2131=ORIENTED_EDGE('',*,*,#1674,.F.);
#2132=ORIENTED_EDGE('',*,*,#1675,.F.);
#2133=ORIENTED_EDGE('',*,*,#1675,.T.);
#2134=ORIENTED_EDGE('',*,*,#1676,.F.);
#2135=ORIENTED_EDGE('',*,*,#1674,.T.);
#2136=ORIENTED_EDGE('',*,*,#1677,.F.);
#2137=ORIENTED_EDGE('',*,*,#1673,.T.);
#2138=ORIENTED_EDGE('',*,*,#1678,.F.);
#2139=ORIENTED_EDGE('',*,*,#1672,.T.);
#2140=ORIENTED_EDGE('',*,*,#1679,.F.);
#2141=ORIENTED_EDGE('',*,*,#1671,.T.);
#2142=ORIENTED_EDGE('',*,*,#1680,.F.);
#2143=ORIENTED_EDGE('',*,*,#1681,.T.);
#2144=ORIENTED_EDGE('',*,*,#1682,.T.);
#2145=ORIENTED_EDGE('',*,*,#1683,.T.);
#2146=ORIENTED_EDGE('',*,*,#1684,.T.);
#2147=ORIENTED_EDGE('',*,*,#1685,.T.);
#2148=ORIENTED_EDGE('',*,*,#1686,.T.);
#2149=ORIENTED_EDGE('',*,*,#1687,.T.);
#2150=ORIENTED_EDGE('',*,*,#1676,.T.);
#2151=ORIENTED_EDGE('',*,*,#1688,.F.);
#2152=ORIENTED_EDGE('',*,*,#1682,.F.);
#2153=ORIENTED_EDGE('',*,*,#1688,.T.);
#2154=ORIENTED_EDGE('',*,*,#1677,.T.);
#2155=ORIENTED_EDGE('',*,*,#1689,.F.);
#2156=ORIENTED_EDGE('',*,*,#1683,.F.);
#2157=ORIENTED_EDGE('',*,*,#1689,.T.);
#2158=ORIENTED_EDGE('',*,*,#1678,.T.);
#2159=ORIENTED_EDGE('',*,*,#1690,.F.);
#2160=ORIENTED_EDGE('',*,*,#1684,.F.);
#2161=ORIENTED_EDGE('',*,*,#1690,.T.);
#2162=ORIENTED_EDGE('',*,*,#1679,.T.);
#2163=ORIENTED_EDGE('',*,*,#1691,.F.);
#2164=ORIENTED_EDGE('',*,*,#1685,.F.);
#2165=ORIENTED_EDGE('',*,*,#1691,.T.);
#2166=ORIENTED_EDGE('',*,*,#1648,.T.);
#2167=ORIENTED_EDGE('',*,*,#1692,.F.);
#2168=ORIENTED_EDGE('',*,*,#1686,.F.);
#2169=ORIENTED_EDGE('',*,*,#1692,.T.);
#2170=ORIENTED_EDGE('',*,*,#1680,.T.);
#2171=ORIENTED_EDGE('',*,*,#1687,.F.);
#2172=ORIENTED_EDGE('',*,*,#1681,.F.);
#2173=ORIENTED_EDGE('',*,*,#1693,.F.);
#2174=ORIENTED_EDGE('',*,*,#1694,.F.);
#2175=ORIENTED_EDGE('',*,*,#1695,.T.);
#2176=ORIENTED_EDGE('',*,*,#1696,.T.);
#2177=ORIENTED_EDGE('',*,*,#1697,.F.);
#2178=ORIENTED_EDGE('',*,*,#1698,.F.);
#2179=ORIENTED_EDGE('',*,*,#1699,.T.);
#2180=ORIENTED_EDGE('',*,*,#1700,.T.);
#2181=ORIENTED_EDGE('',*,*,#1701,.F.);
#2182=ORIENTED_EDGE('',*,*,#1702,.T.);
#2183=ORIENTED_EDGE('',*,*,#1703,.F.);
#2184=ORIENTED_EDGE('',*,*,#1704,.F.);
#2185=ORIENTED_EDGE('',*,*,#1705,.F.);
#2186=ORIENTED_EDGE('',*,*,#1696,.F.);
#2187=ORIENTED_EDGE('',*,*,#1706,.F.);
#2188=ORIENTED_EDGE('',*,*,#1704,.T.);
#2189=ORIENTED_EDGE('',*,*,#1707,.T.);
#2190=ORIENTED_EDGE('',*,*,#1698,.T.);
#2191=ORIENTED_EDGE('',*,*,#1708,.F.);
#2192=ORIENTED_EDGE('',*,*,#1709,.F.);
#2193=ORIENTED_EDGE('',*,*,#1707,.F.);
#2194=ORIENTED_EDGE('',*,*,#1703,.T.);
#2195=ORIENTED_EDGE('',*,*,#1710,.T.);
#2196=ORIENTED_EDGE('',*,*,#1699,.F.);
#2197=ORIENTED_EDGE('',*,*,#1711,.F.);
#2198=ORIENTED_EDGE('',*,*,#1709,.T.);
#2199=ORIENTED_EDGE('',*,*,#1712,.F.);
#2200=ORIENTED_EDGE('',*,*,#1713,.F.);
#2201=ORIENTED_EDGE('',*,*,#1701,.T.);
#2202=ORIENTED_EDGE('',*,*,#1706,.T.);
#2203=ORIENTED_EDGE('',*,*,#1695,.F.);
#2204=ORIENTED_EDGE('',*,*,#1708,.T.);
#2205=ORIENTED_EDGE('',*,*,#1697,.T.);
#2206=ORIENTED_EDGE('',*,*,#1712,.T.);
#2207=ORIENTED_EDGE('',*,*,#1694,.T.);
#2208=ORIENTED_EDGE('',*,*,#1714,.T.);
#2209=ORIENTED_EDGE('',*,*,#1715,.T.);
#2210=ORIENTED_EDGE('',*,*,#1716,.F.);
#2211=ORIENTED_EDGE('',*,*,#1717,.T.);
#2212=ORIENTED_EDGE('',*,*,#1718,.T.);
#2213=ORIENTED_EDGE('',*,*,#1719,.T.);
#2214=ORIENTED_EDGE('',*,*,#1717,.F.);
#2215=ORIENTED_EDGE('',*,*,#1720,.T.);
#2216=ORIENTED_EDGE('',*,*,#1718,.F.);
#2217=ORIENTED_EDGE('',*,*,#1721,.T.);
#2218=ORIENTED_EDGE('',*,*,#1722,.T.);
#2219=ORIENTED_EDGE('',*,*,#1723,.T.);
#2220=ORIENTED_EDGE('',*,*,#1721,.F.);
#2221=ORIENTED_EDGE('',*,*,#1724,.F.);
#2222=ORIENTED_EDGE('',*,*,#1722,.F.);
#2223=ORIENTED_EDGE('',*,*,#1702,.F.);
#2224=ORIENTED_EDGE('',*,*,#1725,.F.);
#2225=ORIENTED_EDGE('',*,*,#1726,.F.);
#2226=ORIENTED_EDGE('',*,*,#1727,.T.);
#2227=ORIENTED_EDGE('',*,*,#1710,.F.);
#2228=ORIENTED_EDGE('',*,*,#1727,.F.);
#2229=ORIENTED_EDGE('',*,*,#1728,.F.);
#2230=ORIENTED_EDGE('',*,*,#1729,.F.);
#2231=ORIENTED_EDGE('',*,*,#1728,.T.);
#2232=ORIENTED_EDGE('',*,*,#1726,.T.);
#2233=ORIENTED_EDGE('',*,*,#1730,.F.);
#2234=ORIENTED_EDGE('',*,*,#1731,.F.);
#2235=ORIENTED_EDGE('',*,*,#1700,.F.);
#2236=ORIENTED_EDGE('',*,*,#1729,.T.);
#2237=ORIENTED_EDGE('',*,*,#1731,.T.);
#2238=ORIENTED_EDGE('',*,*,#1732,.F.);
#2239=ORIENTED_EDGE('',*,*,#1733,.F.);
#2240=ORIENTED_EDGE('',*,*,#1734,.F.);
#2241=ORIENTED_EDGE('',*,*,#1732,.T.);
#2242=ORIENTED_EDGE('',*,*,#1730,.T.);
#2243=ORIENTED_EDGE('',*,*,#1725,.T.);
#2244=ORIENTED_EDGE('',*,*,#1716,.T.);
#2245=ORIENTED_EDGE('',*,*,#1735,.T.);
#2246=ORIENTED_EDGE('',*,*,#1736,.T.);
#2247=ORIENTED_EDGE('',*,*,#1737,.T.);
#2248=ORIENTED_EDGE('',*,*,#1738,.T.);
#2249=ORIENTED_EDGE('',*,*,#1739,.T.);
#2250=ORIENTED_EDGE('',*,*,#1740,.T.);
#2251=ORIENTED_EDGE('',*,*,#1741,.T.);
#2252=ORIENTED_EDGE('',*,*,#1742,.T.);
#2253=ORIENTED_EDGE('',*,*,#1743,.T.);
#2254=ORIENTED_EDGE('',*,*,#1744,.F.);
#2255=ORIENTED_EDGE('',*,*,#1743,.F.);
#2256=ORIENTED_EDGE('',*,*,#1720,.F.);
#2257=ORIENTED_EDGE('',*,*,#1744,.T.);
#2258=ORIENTED_EDGE('',*,*,#1745,.F.);
#2259=ORIENTED_EDGE('',*,*,#1746,.T.);
#2260=ORIENTED_EDGE('',*,*,#1747,.F.);
#2261=ORIENTED_EDGE('',*,*,#1746,.F.);
#2262=ORIENTED_EDGE('',*,*,#1748,.F.);
#2263=ORIENTED_EDGE('',*,*,#1747,.T.);
#2264=ORIENTED_EDGE('',*,*,#1723,.F.);
#2265=ORIENTED_EDGE('',*,*,#1748,.T.);
#2266=ORIENTED_EDGE('',*,*,#1749,.T.);
#2267=ORIENTED_EDGE('',*,*,#1750,.T.);
#2268=ORIENTED_EDGE('',*,*,#1751,.T.);
#2269=ORIENTED_EDGE('',*,*,#1745,.T.);
#2270=ORIENTED_EDGE('',*,*,#1752,.F.);
#2271=ORIENTED_EDGE('',*,*,#1753,.F.);
#2272=ORIENTED_EDGE('',*,*,#1754,.F.);
#2273=ORIENTED_EDGE('',*,*,#1755,.F.);
#2274=ORIENTED_EDGE('',*,*,#1756,.F.);
#2275=ORIENTED_EDGE('',*,*,#1757,.F.);
#2276=ORIENTED_EDGE('',*,*,#1758,.F.);
#2277=ORIENTED_EDGE('',*,*,#1759,.F.);
#2278=ORIENTED_EDGE('',*,*,#1751,.F.);
#2279=ORIENTED_EDGE('',*,*,#1760,.F.);
#2280=ORIENTED_EDGE('',*,*,#1750,.F.);
#2281=ORIENTED_EDGE('',*,*,#1761,.F.);
#2282=ORIENTED_EDGE('',*,*,#1749,.F.);
#2283=ORIENTED_EDGE('',*,*,#1762,.F.);
#2284=ORIENTED_EDGE('',*,*,#1763,.T.);
#2285=ORIENTED_EDGE('',*,*,#1764,.F.);
#2286=ORIENTED_EDGE('',*,*,#1765,.F.);
#2287=ORIENTED_EDGE('',*,*,#1763,.F.);
#2288=ORIENTED_EDGE('',*,*,#1764,.T.);
#2289=ORIENTED_EDGE('',*,*,#1711,.T.);
#2290=ORIENTED_EDGE('',*,*,#1766,.F.);
#2291=ORIENTED_EDGE('',*,*,#1767,.F.);
#2292=ORIENTED_EDGE('',*,*,#1768,.F.);
#2293=ORIENTED_EDGE('',*,*,#1769,.F.);
#2294=ORIENTED_EDGE('',*,*,#1714,.F.);
#2295=ORIENTED_EDGE('',*,*,#1693,.T.);
#2296=ORIENTED_EDGE('',*,*,#1705,.T.);
#2297=ORIENTED_EDGE('',*,*,#1770,.F.);
#2298=ORIENTED_EDGE('',*,*,#1771,.F.);
#2299=ORIENTED_EDGE('',*,*,#1772,.F.);
#2300=ORIENTED_EDGE('',*,*,#1773,.F.);
#2301=ORIENTED_EDGE('',*,*,#1719,.F.);
#2302=ORIENTED_EDGE('',*,*,#1771,.T.);
#2303=ORIENTED_EDGE('',*,*,#1774,.T.);
#2304=ORIENTED_EDGE('',*,*,#1740,.F.);
#2305=ORIENTED_EDGE('',*,*,#1775,.T.);
#2306=ORIENTED_EDGE('',*,*,#1770,.T.);
#2307=ORIENTED_EDGE('',*,*,#1776,.T.);
#2308=ORIENTED_EDGE('',*,*,#1741,.F.);
#2309=ORIENTED_EDGE('',*,*,#1774,.F.);
#2310=ORIENTED_EDGE('',*,*,#1772,.T.);
#2311=ORIENTED_EDGE('',*,*,#1775,.F.);
#2312=ORIENTED_EDGE('',*,*,#1739,.F.);
#2313=ORIENTED_EDGE('',*,*,#1777,.T.);
#2314=ORIENTED_EDGE('',*,*,#1713,.T.);
#2315=ORIENTED_EDGE('',*,*,#1738,.F.);
#2316=ORIENTED_EDGE('',*,*,#1778,.T.);
#2317=ORIENTED_EDGE('',*,*,#1766,.T.);
#2318=ORIENTED_EDGE('',*,*,#1769,.T.);
#2319=ORIENTED_EDGE('',*,*,#1779,.T.);
#2320=ORIENTED_EDGE('',*,*,#1735,.F.);
#2321=ORIENTED_EDGE('',*,*,#1715,.F.);
#2322=ORIENTED_EDGE('',*,*,#1767,.T.);
#2323=ORIENTED_EDGE('',*,*,#1778,.F.);
#2324=ORIENTED_EDGE('',*,*,#1737,.F.);
#2325=ORIENTED_EDGE('',*,*,#1780,.T.);
#2326=ORIENTED_EDGE('',*,*,#1773,.T.);
#2327=ORIENTED_EDGE('',*,*,#1777,.F.);
#2328=ORIENTED_EDGE('',*,*,#1742,.F.);
#2329=ORIENTED_EDGE('',*,*,#1776,.F.);
#2330=ORIENTED_EDGE('',*,*,#1768,.T.);
#2331=ORIENTED_EDGE('',*,*,#1780,.F.);
#2332=ORIENTED_EDGE('',*,*,#1736,.F.);
#2333=ORIENTED_EDGE('',*,*,#1779,.F.);
#2334=ORIENTED_EDGE('',*,*,#1733,.T.);
#2335=ORIENTED_EDGE('',*,*,#1781,.T.);
#2336=ORIENTED_EDGE('',*,*,#1782,.F.);
#2337=ORIENTED_EDGE('',*,*,#1783,.F.);
#2338=ORIENTED_EDGE('',*,*,#1784,.F.);
#2339=ORIENTED_EDGE('',*,*,#1785,.F.);
#2340=ORIENTED_EDGE('',*,*,#1786,.F.);
#2341=ORIENTED_EDGE('',*,*,#1787,.F.);
#2342=ORIENTED_EDGE('',*,*,#1788,.F.);
#2343=ORIENTED_EDGE('',*,*,#1789,.F.);
#2344=ORIENTED_EDGE('',*,*,#1752,.T.);
#2345=ORIENTED_EDGE('',*,*,#1754,.T.);
#2346=ORIENTED_EDGE('',*,*,#1756,.T.);
#2347=ORIENTED_EDGE('',*,*,#1758,.T.);
#2348=ORIENTED_EDGE('',*,*,#1781,.F.);
#2349=ORIENTED_EDGE('',*,*,#1790,.T.);
#2350=ORIENTED_EDGE('',*,*,#1791,.F.);
#2351=ORIENTED_EDGE('',*,*,#1792,.F.);
#2352=ORIENTED_EDGE('',*,*,#1790,.F.);
#2353=ORIENTED_EDGE('',*,*,#1724,.T.);
#2354=ORIENTED_EDGE('',*,*,#1793,.T.);
#2355=ORIENTED_EDGE('',*,*,#1791,.T.);
#2356=ORIENTED_EDGE('',*,*,#1760,.T.);
#2357=ORIENTED_EDGE('',*,*,#1761,.T.);
#2358=ORIENTED_EDGE('',*,*,#1762,.T.);
#2359=ORIENTED_EDGE('',*,*,#1793,.F.);
#2360=ORIENTED_EDGE('',*,*,#1782,.T.);
#2361=ORIENTED_EDGE('',*,*,#1794,.T.);
#2362=ORIENTED_EDGE('',*,*,#1795,.T.);
#2363=ORIENTED_EDGE('',*,*,#1796,.T.);
#2364=ORIENTED_EDGE('',*,*,#1796,.F.);
#2365=ORIENTED_EDGE('',*,*,#1797,.T.);
#2366=ORIENTED_EDGE('',*,*,#1798,.F.);
#2367=ORIENTED_EDGE('',*,*,#1783,.T.);
#2368=ORIENTED_EDGE('',*,*,#1795,.F.);
#2369=ORIENTED_EDGE('',*,*,#1799,.F.);
#2370=ORIENTED_EDGE('',*,*,#1800,.F.);
#2371=ORIENTED_EDGE('',*,*,#1801,.F.);
#2372=ORIENTED_EDGE('',*,*,#1802,.F.);
#2373=ORIENTED_EDGE('',*,*,#1803,.F.);
#2374=ORIENTED_EDGE('',*,*,#1804,.F.);
#2375=ORIENTED_EDGE('',*,*,#1797,.F.);
#2376=ORIENTED_EDGE('',*,*,#1753,.T.);
#2377=ORIENTED_EDGE('',*,*,#1755,.T.);
#2378=ORIENTED_EDGE('',*,*,#1757,.T.);
#2379=ORIENTED_EDGE('',*,*,#1759,.T.);
#2380=ORIENTED_EDGE('',*,*,#1765,.T.);
#2381=ORIENTED_EDGE('',*,*,#1788,.T.);
#2382=ORIENTED_EDGE('',*,*,#1805,.T.);
#2383=ORIENTED_EDGE('',*,*,#1800,.T.);
#2384=ORIENTED_EDGE('',*,*,#1806,.T.);
#2385=ORIENTED_EDGE('',*,*,#1805,.F.);
#2386=ORIENTED_EDGE('',*,*,#1787,.T.);
#2387=ORIENTED_EDGE('',*,*,#1807,.F.);
#2388=ORIENTED_EDGE('',*,*,#1801,.T.);
#2389=ORIENTED_EDGE('',*,*,#1786,.T.);
#2390=ORIENTED_EDGE('',*,*,#1808,.T.);
#2391=ORIENTED_EDGE('',*,*,#1802,.T.);
#2392=ORIENTED_EDGE('',*,*,#1807,.T.);
#2393=ORIENTED_EDGE('',*,*,#1784,.T.);
#2394=ORIENTED_EDGE('',*,*,#1798,.T.);
#2395=ORIENTED_EDGE('',*,*,#1804,.T.);
#2396=ORIENTED_EDGE('',*,*,#1809,.T.);
#2397=ORIENTED_EDGE('',*,*,#1810,.T.);
#2398=ORIENTED_EDGE('',*,*,#1734,.T.);
#2399=ORIENTED_EDGE('',*,*,#1810,.F.);
#2400=ORIENTED_EDGE('',*,*,#1792,.T.);
#2401=ORIENTED_EDGE('',*,*,#1808,.F.);
#2402=ORIENTED_EDGE('',*,*,#1785,.T.);
#2403=ORIENTED_EDGE('',*,*,#1809,.F.);
#2404=ORIENTED_EDGE('',*,*,#1803,.T.);
#2405=ORIENTED_EDGE('',*,*,#1794,.F.);
#2406=ORIENTED_EDGE('',*,*,#1789,.T.);
#2407=ORIENTED_EDGE('',*,*,#1806,.F.);
#2408=ORIENTED_EDGE('',*,*,#1799,.T.);
#2409=CYLINDRICAL_SURFACE('',#2666,0.691);
#2410=CYLINDRICAL_SURFACE('',#2672,0.951);
#2411=CYLINDRICAL_SURFACE('',#2679,1.5);
#2412=CYLINDRICAL_SURFACE('',#2693,1.5);
#2413=CYLINDRICAL_SURFACE('',#2703,1.365);
#2414=CYLINDRICAL_SURFACE('',#2716,1.365);
#2415=CYLINDRICAL_SURFACE('',#2723,0.1325);
#2416=CYLINDRICAL_SURFACE('',#2724,0.1325);
#2417=CYLINDRICAL_SURFACE('',#2725,0.1325);
#2418=CYLINDRICAL_SURFACE('',#2726,0.1325);
#2419=CYLINDRICAL_SURFACE('',#2727,0.1325);
#2420=CYLINDRICAL_SURFACE('',#2728,0.1325);
#2421=CYLINDRICAL_SURFACE('',#2731,0.825);
#2422=CYLINDRICAL_SURFACE('',#2734,0.75);
#2423=CYLINDRICAL_SURFACE('',#2741,0.745);
#2424=CYLINDRICAL_SURFACE('',#2745,0.1565);
#2425=CYLINDRICAL_SURFACE('',#2751,0.1565);
#2426=CYLINDRICAL_SURFACE('',#2764,0.4375);
#2427=CYLINDRICAL_SURFACE('',#2769,0.4375);
#2428=CYLINDRICAL_SURFACE('',#2780,0.505);
#2429=CYLINDRICAL_SURFACE('',#2781,0.475);
#2430=CYLINDRICAL_SURFACE('',#2782,0.1285);
#2431=CYLINDRICAL_SURFACE('',#2787,0.473);
#2432=CYLINDRICAL_SURFACE('',#2788,0.69);
#2433=CYLINDRICAL_SURFACE('',#2797,0.43);
#2434=CYLINDRICAL_SURFACE('',#2801,0.25);
#2435=CYLINDRICAL_SURFACE('',#2806,0.126);
#2436=CYLINDRICAL_SURFACE('',#2807,0.3125);
#2437=CYLINDRICAL_SURFACE('',#2826,0.126);
#2438=CYLINDRICAL_SURFACE('',#2830,0.43);
#2439=CYLINDRICAL_SURFACE('',#2841,0.3075);
#2440=CYLINDRICAL_SURFACE('',#2844,0.1875);
#2441=CYLINDRICAL_SURFACE('',#2845,0.1875);
#2442=CYLINDRICAL_SURFACE('',#2846,0.31);
#2443=CYLINDRICAL_SURFACE('',#2849,0.375);
#2444=CYLINDRICAL_SURFACE('',#2858,0.12475);
#2445=CYLINDRICAL_SURFACE('',#2864,0.12475);
#2446=CYLINDRICAL_SURFACE('',#2867,0.0940000000000708);
#2447=CYLINDRICAL_SURFACE('',#2878,0.178443738783765);
#2448=CYLINDRICAL_SURFACE('',#2924,0.3755);
#2449=CYLINDRICAL_SURFACE('',#2929,0.3755);
#2450=CYLINDRICAL_SURFACE('',#2934,0.874);
#2451=CYLINDRICAL_SURFACE('',#2939,0.875);
#2452=CYLINDRICAL_SURFACE('',#2946,0.3895);
#2453=CYLINDRICAL_SURFACE('',#2952,0.3895);
#2454=CYLINDRICAL_SURFACE('',#2958,0.3755);
#2455=CYLINDRICAL_SURFACE('',#2959,0.065);
#2456=CYLINDRICAL_SURFACE('',#2962,0.065);
#2457=CYLINDRICAL_SURFACE('',#2965,0.065);
#2458=CYLINDRICAL_SURFACE('',#2968,0.065);
#2459=CYLINDRICAL_SURFACE('',#2971,0.0425);
#2460=CYLINDRICAL_SURFACE('',#2972,0.0425);
#2461=CYLINDRICAL_SURFACE('',#2973,0.0425);
#2462=CYLINDRICAL_SURFACE('',#2977,0.7535);
#2463=CYLINDRICAL_SURFACE('',#2979,0.65);
#2464=CYLINDRICAL_SURFACE('',#2985,0.312);
#2465=CYLINDRICAL_SURFACE('',#2986,0.312);
#2466=CYLINDRICAL_SURFACE('',#2988,0.312);
#2467=CYLINDRICAL_SURFACE('',#2989,0.312);
#2468=CYLINDRICAL_SURFACE('',#3002,0.7);
#2469=CYLINDRICAL_SURFACE('',#3006,0.6025);
#2470=CYLINDRICAL_SURFACE('',#3007,0.06);
#2471=CYLINDRICAL_SURFACE('',#3014,0.06);
#2472=CYLINDRICAL_SURFACE('',#3016,0.06);
#2473=CYLINDRICAL_SURFACE('',#3017,0.06);
#2474=ADVANCED_FACE('',(#608,#458),#2409,.F.);
#2475=ADVANCED_FACE('',(#609,#459),#452,.F.);
#2476=ADVANCED_FACE('',(#610,#460),#2410,.F.);
#2477=ADVANCED_FACE('',(#611,#461),#248,.T.);
#2478=ADVANCED_FACE('',(#612),#2411,.F.);
#2479=ADVANCED_FACE('',(#613),#174,.T.);
#2480=ADVANCED_FACE('',(#614),#175,.F.);
#2481=ADVANCED_FACE('',(#615),#176,.F.);
#2482=ADVANCED_FACE('',(#616,#462,#463,#464),#177,.F.);
#2483=ADVANCED_FACE('',(#617),#249,.T.);
#2484=ADVANCED_FACE('',(#618),#2412,.F.);
#2485=ADVANCED_FACE('',(#619),#178,.T.);
#2486=ADVANCED_FACE('',(#620),#179,.F.);
#2487=ADVANCED_FACE('',(#621),#180,.F.);
#2488=ADVANCED_FACE('',(#622,#465),#250,.T.);
#2489=ADVANCED_FACE('',(#623,#466),#2413,.T.);
#2490=ADVANCED_FACE('',(#624,#467,#468,#469,#470,#471,#472,#473),#181,.T.);
#2491=ADVANCED_FACE('',(#625),#251,.T.);
#2492=ADVANCED_FACE('',(#626,#474),#2414,.T.);
#2493=ADVANCED_FACE('',(#627,#475,#476,#477),#182,.F.);
#2494=ADVANCED_FACE('',(#628,#478),#453,.F.);
#2495=ADVANCED_FACE('',(#629,#479),#2415,.F.);
#2496=ADVANCED_FACE('',(#630,#480),#2416,.F.);
#2497=ADVANCED_FACE('',(#631,#481),#2417,.F.);
#2498=ADVANCED_FACE('',(#632,#482),#2418,.F.);
#2499=ADVANCED_FACE('',(#633,#483),#2419,.F.);
#2500=ADVANCED_FACE('',(#634,#484),#2420,.F.);
#2501=ADVANCED_FACE('',(#635,#485),#183,.F.);
#2502=ADVANCED_FACE('',(#636,#486),#2421,.F.);
#2503=ADVANCED_FACE('',(#637,#487),#184,.T.);
#2504=ADVANCED_FACE('',(#638,#488),#2422,.F.);
#2505=ADVANCED_FACE('',(#639,#489),#252,.T.);
#2506=ADVANCED_FACE('',(#640,#490,#491),#2423,.T.);
#2507=ADVANCED_FACE('',(#641,#492),#185,.F.);
#2508=ADVANCED_FACE('',(#642),#2424,.F.);
#2509=ADVANCED_FACE('',(#643),#186,.T.);
#2510=ADVANCED_FACE('',(#644,#493),#253,.F.);
#2511=ADVANCED_FACE('',(#645),#2425,.F.);
#2512=ADVANCED_FACE('',(#646),#187,.T.);
#2513=ADVANCED_FACE('',(#647,#494),#454,.F.);
#2514=ADVANCED_FACE('',(#648,#495),#188,.T.);
#2515=ADVANCED_FACE('',(#649,#496),#254,.F.);
#2516=ADVANCED_FACE('',(#650,#497),#189,.F.);
#2517=ADVANCED_FACE('',(#651,#498),#2426,.F.);
#2518=ADVANCED_FACE('',(#652,#499),#255,.F.);
#2519=ADVANCED_FACE('',(#653,#500),#2427,.F.);
#2520=ADVANCED_FACE('',(#654,#501),#190,.F.);
#2521=ADVANCED_FACE('',(#655,#502),#256,.F.);
#2522=ADVANCED_FACE('',(#656,#503),#191,.T.);
#2523=ADVANCED_FACE('',(#657,#504),#192,.F.);
#2524=ADVANCED_FACE('',(#658,#505),#2428,.F.);
#2525=ADVANCED_FACE('',(#659,#506,#507),#2429,.F.);
#2526=ADVANCED_FACE('',(#660,#508),#2430,.F.);
#2527=ADVANCED_FACE('',(#661,#509),#193,.F.);
#2528=ADVANCED_FACE('',(#662,#510),#257,.F.);
#2529=ADVANCED_FACE('',(#663,#511),#2431,.F.);
#2530=ADVANCED_FACE('',(#664,#512),#2432,.T.);
#2531=ADVANCED_FACE('',(#665,#513),#194,.T.);
#2532=ADVANCED_FACE('',(#666,#514),#195,.T.);
#2533=ADVANCED_FACE('',(#667,#515),#258,.T.);
#2534=ADVANCED_FACE('',(#668,#516),#2433,.T.);
#2535=ADVANCED_FACE('',(#669,#517),#196,.F.);
#2536=ADVANCED_FACE('',(#670,#518),#2434,.F.);
#2537=ADVANCED_FACE('',(#671,#519),#197,.T.);
#2538=ADVANCED_FACE('',(#672,#520),#2435,.F.);
#2539=ADVANCED_FACE('',(#673,#521),#2436,.T.);
#2540=ADVANCED_FACE('',(#674,#522),#198,.T.);
#2541=ADVANCED_FACE('',(#675,#523),#199,.T.);
#2542=ADVANCED_FACE('',(#676),#455,.T.);
#2543=ADVANCED_FACE('',(#677),#456,.T.);
#2544=ADVANCED_FACE('',(#678,#524),#259,.F.);
#2545=ADVANCED_FACE('',(#679,#525),#200,.F.);
#2546=ADVANCED_FACE('',(#680,#526),#2437,.F.);
#2547=ADVANCED_FACE('',(#681,#527),#260,.T.);
#2548=ADVANCED_FACE('',(#682,#528),#2438,.T.);
#2549=ADVANCED_FACE('',(#683,#529),#261,.T.);
#2550=ADVANCED_FACE('',(#684,#530),#201,.T.);
#2551=ADVANCED_FACE('',(#685,#531),#262,.T.);
#2552=ADVANCED_FACE('',(#686,#532),#202,.T.);
#2553=ADVANCED_FACE('',(#687,#533),#2439,.T.);
#2554=ADVANCED_FACE('',(#688,#534),#263,.F.);
#2555=ADVANCED_FACE('',(#689,#535),#2440,.F.);
#2556=ADVANCED_FACE('',(#690,#536),#2441,.F.);
#2557=ADVANCED_FACE('',(#691,#537,#538,#539),#2442,.F.);
#2558=ADVANCED_FACE('',(#692,#540,#541,#542),#2443,.T.);
#2559=ADVANCED_FACE('',(#693,#543),#203,.F.);
#2560=ADVANCED_FACE('',(#694,#544),#204,.T.);
#2561=ADVANCED_FACE('',(#695,#545),#264,.T.);
#2562=ADVANCED_FACE('',(#696,#546),#2444,.T.);
#2563=ADVANCED_FACE('',(#697),#205,.F.);
#2564=ADVANCED_FACE('',(#698,#547),#265,.T.);
#2565=ADVANCED_FACE('',(#699,#548),#2445,.T.);
#2566=ADVANCED_FACE('',(#700),#206,.T.);
#2567=ADVANCED_FACE('',(#701,#549),#2446,.T.);
#2568=ADVANCED_FACE('',(#702,#550),#207,.F.);
#2569=ADVANCED_FACE('',(#703,#551),#208,.F.);
#2570=ADVANCED_FACE('',(#704),#266,.F.);
#2571=ADVANCED_FACE('',(#705,#552),#267,.T.);
#2572=ADVANCED_FACE('',(#706,#553),#2447,.T.);
#2573=ADVANCED_FACE('',(#707,#554),#268,.T.);
#2574=ADVANCED_FACE('',(#708,#555),#269,.T.);
#2575=ADVANCED_FACE('',(#709),#270,.T.);
#2576=ADVANCED_FACE('',(#710),#25,.F.);
#2577=ADVANCED_FACE('',(#711),#26,.F.);
#2578=ADVANCED_FACE('',(#712),#27,.F.);
#2579=ADVANCED_FACE('',(#713),#209,.F.);
#2580=ADVANCED_FACE('',(#714,#556),#210,.T.);
#2581=ADVANCED_FACE('',(#715),#271,.F.);
#2582=ADVANCED_FACE('',(#716),#272,.F.);
#2583=ADVANCED_FACE('',(#717),#273,.F.);
#2584=ADVANCED_FACE('',(#718),#274,.F.);
#2585=ADVANCED_FACE('',(#719),#275,.F.);
#2586=ADVANCED_FACE('',(#720),#211,.T.);
#2587=ADVANCED_FACE('',(#721),#212,.F.);
#2588=ADVANCED_FACE('',(#722),#213,.F.);
#2589=ADVANCED_FACE('',(#723),#214,.F.);
#2590=ADVANCED_FACE('',(#724),#215,.F.);
#2591=ADVANCED_FACE('',(#725),#216,.F.);
#2592=ADVANCED_FACE('',(#726),#217,.F.);
#2593=ADVANCED_FACE('',(#727),#218,.F.);
#2594=ADVANCED_FACE('',(#728),#219,.T.);
#2595=ADVANCED_FACE('',(#729),#220,.T.);
#2596=ADVANCED_FACE('',(#730),#221,.F.);
#2597=ADVANCED_FACE('',(#731),#11,.F.);
#2598=ADVANCED_FACE('',(#732),#222,.F.);
#2599=ADVANCED_FACE('',(#733),#223,.F.);
#2600=ADVANCED_FACE('',(#734),#224,.F.);
#2601=ADVANCED_FACE('',(#735),#225,.F.);
#2602=ADVANCED_FACE('',(#736,#557),#276,.F.);
#2603=ADVANCED_FACE('',(#737,#558),#226,.T.);
#2604=ADVANCED_FACE('',(#738,#559),#2448,.F.);
#2605=ADVANCED_FACE('',(#739,#560),#277,.F.);
#2606=ADVANCED_FACE('',(#740,#561),#2449,.F.);
#2607=ADVANCED_FACE('',(#741,#562),#227,.F.);
#2608=ADVANCED_FACE('',(#742),#228,.T.);
#2609=ADVANCED_FACE('',(#743),#2450,.T.);
#2610=ADVANCED_FACE('',(#744),#229,.T.);
#2611=ADVANCED_FACE('',(#745),#230,.T.);
#2612=ADVANCED_FACE('',(#746,#563,#564,#565),#2451,.T.);
#2613=ADVANCED_FACE('',(#747,#566),#2452,.F.);
#2614=ADVANCED_FACE('',(#748,#567),#231,.F.);
#2615=ADVANCED_FACE('',(#749,#568),#232,.F.);
#2616=ADVANCED_FACE('',(#750,#569),#2453,.F.);
#2617=ADVANCED_FACE('',(#751,#570),#233,.F.);
#2618=ADVANCED_FACE('',(#752,#571),#234,.F.);
#2619=ADVANCED_FACE('',(#753,#572,#573,#574,#575),#2454,.F.);
#2620=ADVANCED_FACE('',(#754,#576),#2455,.F.);
#2621=ADVANCED_FACE('',(#755,#577),#2456,.F.);
#2622=ADVANCED_FACE('',(#756,#578),#2457,.F.);
#2623=ADVANCED_FACE('',(#757,#579),#2458,.F.);
#2624=ADVANCED_FACE('',(#758,#580),#2459,.F.);
#2625=ADVANCED_FACE('',(#759,#581),#2460,.F.);
#2626=ADVANCED_FACE('',(#760,#582),#2461,.F.);
#2627=ADVANCED_FACE('',(#761,#583),#235,.T.);
#2628=ADVANCED_FACE('',(#762,#584),#2462,.F.);
#2629=ADVANCED_FACE('',(#763,#585,#586,#587),#2463,.F.);
#2630=ADVANCED_FACE('',(#764),#236,.F.);
#2631=ADVANCED_FACE('',(#765),#2464,.F.);
#2632=ADVANCED_FACE('',(#766),#2465,.F.);
#2633=ADVANCED_FACE('',(#767),#237,.F.);
#2634=ADVANCED_FACE('',(#768),#2466,.F.);
#2635=ADVANCED_FACE('',(#769),#2467,.F.);
#2636=ADVANCED_FACE('',(#770),#238,.F.);
#2637=ADVANCED_FACE('',(#771),#239,.F.);
#2638=ADVANCED_FACE('',(#772,#588),#457,.F.);
#2639=ADVANCED_FACE('',(#773,#589,#590,#591,#592,#593),#240,.T.);
#2640=ADVANCED_FACE('',(#774,#594),#241,.F.);
#2641=ADVANCED_FACE('',(#775,#595),#2468,.F.);
#2642=ADVANCED_FACE('',(#776,#596),#278,.T.);
#2643=ADVANCED_FACE('',(#777,#597,#598,#599,#600),#2469,.T.);
#2644=ADVANCED_FACE('',(#778),#2470,.T.);
#2645=ADVANCED_FACE('',(#779),#242,.T.);
#2646=ADVANCED_FACE('',(#780,#601,#602,#603,#604,#605),#243,.F.);
#2647=ADVANCED_FACE('',(#781),#2471,.T.);
#2648=ADVANCED_FACE('',(#782),#244,.T.);
#2649=ADVANCED_FACE('',(#783),#2472,.T.);
#2650=ADVANCED_FACE('',(#784),#2473,.T.);
#2651=ADVANCED_FACE('',(#785,#606),#279,.T.);
#2652=ADVANCED_FACE('',(#786,#607),#245,.T.);
#2653=ADVANCED_FACE('',(#787),#246,.T.);
#2654=ADVANCED_FACE('',(#788),#247,.T.);
#2655=CLOSED_SHELL('',(#2474,#2475,#2476,#2477,#2478,#2479,#2480,#2481,
#2482,#2483,#2484,#2485,#2486,#2487,#2488,#2489,#2490,#2491,#2492,#2493,
#2494,#2495,#2496,#2497,#2498,#2499,#2500,#2501,#2502,#2503,#2504));
#2656=CLOSED_SHELL('',(#2505,#2506,#2507,#2508,#2509,#2510,#2511,#2512,
#2513,#2514,#2515,#2516,#2517,#2518,#2519,#2520,#2521,#2522,#2523,#2524,
#2525,#2526,#2527,#2528,#2529,#2530,#2531,#2532));
#2657=CLOSED_SHELL('',(#2533,#2534,#2535,#2536,#2537,#2538,#2539,#2540,
#2541));
#2658=CLOSED_SHELL('',(#2542));
#2659=CLOSED_SHELL('',(#2543));
#2660=CLOSED_SHELL('',(#2544,#2545,#2546,#2547,#2548,#2549,#2550,#2551,
#2552,#2553,#2554));
#2661=CLOSED_SHELL('',(#2555,#2556,#2557,#2558,#2559,#2560));
#2662=CLOSED_SHELL('',(#2561,#2562,#2563,#2564,#2565,#2566,#2567,#2568,
#2569));
#2663=CLOSED_SHELL('',(#2570,#2571,#2572,#2573,#2574,#2575,#2576,#2577,
#2578,#2579,#2580,#2581,#2582,#2583,#2584,#2585,#2586,#2587,#2588,#2589,
#2590,#2591,#2592));
#2664=CLOSED_SHELL('',(#2593,#2594,#2595,#2596,#2597,#2598,#2599,#2600,
#2601,#2602,#2603,#2604,#2605,#2606,#2607,#2608,#2609,#2610,#2611,#2612,
#2613,#2614,#2615,#2616,#2617,#2618,#2619,#2620,#2621,#2622,#2623,#2624,
#2625,#2626,#2627,#2628,#2629,#2630,#2631,#2632,#2633,#2634,#2635,#2636,
#2637,#2638,#2639,#2640,#2641,#2642,#2643,#2644,#2645,#2646,#2647,#2648,
#2649,#2650,#2651,#2652,#2653,#2654));
#2665=AXIS2_PLACEMENT_3D('placement',#3870,#3038,#3039);
#2666=AXIS2_PLACEMENT_3D('',#3871,#3040,#3041);
#2667=AXIS2_PLACEMENT_3D('',#3873,#3042,#3043);
#2668=AXIS2_PLACEMENT_3D('',#3875,#3044,#3045);
#2669=AXIS2_PLACEMENT_3D('',#3876,#3046,#3047);
#2670=AXIS2_PLACEMENT_3D('',#3878,#3048,#3049);
#2671=AXIS2_PLACEMENT_3D('',#3880,#3050,#3051);
#2672=AXIS2_PLACEMENT_3D('',#3881,#3052,#3053);
#2673=AXIS2_PLACEMENT_3D('',#3886,#3055,#3056);
#2674=AXIS2_PLACEMENT_3D('',#3890,#3058,#3059);
#2675=AXIS2_PLACEMENT_3D('',#3894,#3061,#3062);
#2676=AXIS2_PLACEMENT_3D('',#3897,#3064,#3065);
#2677=AXIS2_PLACEMENT_3D('',#3898,#3066,#3067);
#2678=AXIS2_PLACEMENT_3D('',#3900,#3068,#3069);
#2679=AXIS2_PLACEMENT_3D('',#3901,#3070,#3071);
#2680=AXIS2_PLACEMENT_3D('',#3903,#3072,#3073);
#2681=AXIS2_PLACEMENT_3D('',#3906,#3075,#3076);
#2682=AXIS2_PLACEMENT_3D('',#3907,#3077,#3078);
#2683=AXIS2_PLACEMENT_3D('',#3915,#3083,#3084);
#2684=AXIS2_PLACEMENT_3D('',#3923,#3089,#3090);
#2685=AXIS2_PLACEMENT_3D('',#3924,#3091,#3092);
#2686=AXIS2_PLACEMENT_3D('',#3925,#3093,#3094);
#2687=AXIS2_PLACEMENT_3D('',#3927,#3095,#3096);
#2688=AXIS2_PLACEMENT_3D('',#3930,#3098,#3099);
#2689=AXIS2_PLACEMENT_3D('',#3932,#3100,#3101);
#2690=AXIS2_PLACEMENT_3D('',#3934,#3102,#3103);
#2691=AXIS2_PLACEMENT_3D('',#3935,#3104,#3105);
#2692=AXIS2_PLACEMENT_3D('',#3937,#3106,#3107);
#2693=AXIS2_PLACEMENT_3D('',#3939,#3109,#3110);
#2694=AXIS2_PLACEMENT_3D('',#3941,#3111,#3112);
#2695=AXIS2_PLACEMENT_3D('',#3944,#3114,#3115);
#2696=AXIS2_PLACEMENT_3D('',#3945,#3116,#3117);
#2697=AXIS2_PLACEMENT_3D('',#3953,#3122,#3123);
#2698=AXIS2_PLACEMENT_3D('',#3957,#3126,#3127);
#2699=AXIS2_PLACEMENT_3D('',#3958,#3128,#3129);
#2700=AXIS2_PLACEMENT_3D('',#3959,#3130,#3131);
#2701=AXIS2_PLACEMENT_3D('',#3961,#3132,#3133);
#2702=AXIS2_PLACEMENT_3D('',#3963,#3134,#3135);
#2703=AXIS2_PLACEMENT_3D('',#3964,#3136,#3137);
#2704=AXIS2_PLACEMENT_3D('',#3966,#3138,#3139);
#2705=AXIS2_PLACEMENT_3D('',#3967,#3140,#3141);
#2706=AXIS2_PLACEMENT_3D('',#3969,#3142,#3143);
#2707=AXIS2_PLACEMENT_3D('',#3971,#3144,#3145);
#2708=AXIS2_PLACEMENT_3D('',#3973,#3146,#3147);
#2709=AXIS2_PLACEMENT_3D('',#3975,#3148,#3149);
#2710=AXIS2_PLACEMENT_3D('',#3977,#3150,#3151);
#2711=AXIS2_PLACEMENT_3D('',#3979,#3152,#3153);
#2712=AXIS2_PLACEMENT_3D('',#3981,#3154,#3155);
#2713=AXIS2_PLACEMENT_3D('',#3982,#3156,#3157);
#2714=AXIS2_PLACEMENT_3D('',#3983,#3158,#3159);
#2715=AXIS2_PLACEMENT_3D('',#3984,#3160,#3161);
#2716=AXIS2_PLACEMENT_3D('',#3985,#3162,#3163);
#2717=AXIS2_PLACEMENT_3D('',#3987,#3164,#3165);
#2718=AXIS2_PLACEMENT_3D('',#3988,#3166,#3167);
#2719=AXIS2_PLACEMENT_3D('',#3990,#3168,#3169);
#2720=AXIS2_PLACEMENT_3D('',#3992,#3170,#3171);
#2721=AXIS2_PLACEMENT_3D('',#3994,#3172,#3173);
#2722=AXIS2_PLACEMENT_3D('',#3995,#3174,#3175);
#2723=AXIS2_PLACEMENT_3D('',#3996,#3176,#3177);
#2724=AXIS2_PLACEMENT_3D('',#3997,#3178,#3179);
#2725=AXIS2_PLACEMENT_3D('',#3998,#3180,#3181);
#2726=AXIS2_PLACEMENT_3D('',#3999,#3182,#3183);
#2727=AXIS2_PLACEMENT_3D('',#4000,#3184,#3185);
#2728=AXIS2_PLACEMENT_3D('',#4001,#3186,#3187);
#2729=AXIS2_PLACEMENT_3D('',#4002,#3188,#3189);
#2730=AXIS2_PLACEMENT_3D('',#4004,#3190,#3191);
#2731=AXIS2_PLACEMENT_3D('',#4005,#3192,#3193);
#2732=AXIS2_PLACEMENT_3D('',#4006,#3194,#3195);
#2733=AXIS2_PLACEMENT_3D('',#4008,#3196,#3197);
#2734=AXIS2_PLACEMENT_3D('',#4009,#3198,#3199);
#2735=AXIS2_PLACEMENT_3D('placement',#4010,#3200,#3201);
#2736=AXIS2_PLACEMENT_3D('',#4011,#3202,#3203);
#2737=AXIS2_PLACEMENT_3D('placement',#4012,#3204,#3205);
#2738=AXIS2_PLACEMENT_3D('',#4013,#3206,#3207);
#2739=AXIS2_PLACEMENT_3D('',#4015,#3208,#3209);
#2740=AXIS2_PLACEMENT_3D('',#4017,#3210,#3211);
#2741=AXIS2_PLACEMENT_3D('',#4018,#3212,#3213);
#2742=AXIS2_PLACEMENT_3D('',#4020,#3214,#3215);
#2743=AXIS2_PLACEMENT_3D('',#4056,#3216,#3217);
#2744=AXIS2_PLACEMENT_3D('',#4058,#3218,#3219);
#2745=AXIS2_PLACEMENT_3D('',#4059,#3220,#3221);
#2746=AXIS2_PLACEMENT_3D('',#4081,#3222,#3223);
#2747=AXIS2_PLACEMENT_3D('',#4082,#3224,#3225);
#2748=AXIS2_PLACEMENT_3D('',#4086,#3227,#3228);
#2749=AXIS2_PLACEMENT_3D('',#4088,#3230,#3231);
#2750=AXIS2_PLACEMENT_3D('',#4097,#3232,#3233);
#2751=AXIS2_PLACEMENT_3D('',#4104,#3234,#3235);
#2752=AXIS2_PLACEMENT_3D('',#4125,#3236,#3237);
#2753=AXIS2_PLACEMENT_3D('',#4126,#3238,#3239);
#2754=AXIS2_PLACEMENT_3D('',#4129,#3242,#3243);
#2755=AXIS2_PLACEMENT_3D('',#4131,#3244,#3245);
#2756=AXIS2_PLACEMENT_3D('',#4133,#3246,#3247);
#2757=AXIS2_PLACEMENT_3D('',#4134,#3248,#3249);
#2758=AXIS2_PLACEMENT_3D('',#4136,#3250,#3251);
#2759=AXIS2_PLACEMENT_3D('',#4137,#3252,#3253);
#2760=AXIS2_PLACEMENT_3D('',#4139,#3254,#3255);
#2761=AXIS2_PLACEMENT_3D('',#4141,#3256,#3257);
#2762=AXIS2_PLACEMENT_3D('',#4142,#3258,#3259);
#2763=AXIS2_PLACEMENT_3D('',#4144,#3260,#3261);
#2764=AXIS2_PLACEMENT_3D('',#4145,#3262,#3263);
#2765=AXIS2_PLACEMENT_3D('',#4147,#3264,#3265);
#2766=AXIS2_PLACEMENT_3D('',#4148,#3266,#3267);
#2767=AXIS2_PLACEMENT_3D('',#4150,#3268,#3269);
#2768=AXIS2_PLACEMENT_3D('',#4152,#3270,#3271);
#2769=AXIS2_PLACEMENT_3D('',#4153,#3272,#3273);
#2770=AXIS2_PLACEMENT_3D('',#4155,#3274,#3275);
#2771=AXIS2_PLACEMENT_3D('',#4156,#3276,#3277);
#2772=AXIS2_PLACEMENT_3D('',#4158,#3278,#3279);
#2773=AXIS2_PLACEMENT_3D('',#4159,#3280,#3281);
#2774=AXIS2_PLACEMENT_3D('',#4161,#3282,#3283);
#2775=AXIS2_PLACEMENT_3D('',#4162,#3284,#3285);
#2776=AXIS2_PLACEMENT_3D('',#4164,#3286,#3287);
#2777=AXIS2_PLACEMENT_3D('',#4165,#3288,#3289);
#2778=AXIS2_PLACEMENT_3D('',#4167,#3290,#3291);
#2779=AXIS2_PLACEMENT_3D('',#4169,#3292,#3293);
#2780=AXIS2_PLACEMENT_3D('',#4170,#3294,#3295);
#2781=AXIS2_PLACEMENT_3D('',#4171,#3296,#3297);
#2782=AXIS2_PLACEMENT_3D('',#4172,#3298,#3299);
#2783=AXIS2_PLACEMENT_3D('',#4174,#3300,#3301);
#2784=AXIS2_PLACEMENT_3D('',#4175,#3302,#3303);
#2785=AXIS2_PLACEMENT_3D('',#4177,#3304,#3305);
#2786=AXIS2_PLACEMENT_3D('',#4178,#3306,#3307);
#2787=AXIS2_PLACEMENT_3D('',#4179,#3308,#3309);
#2788=AXIS2_PLACEMENT_3D('',#4180,#3310,#3311);
#2789=AXIS2_PLACEMENT_3D('',#4182,#3312,#3313);
#2790=AXIS2_PLACEMENT_3D('',#4184,#3314,#3315);
#2791=AXIS2_PLACEMENT_3D('',#4185,#3316,#3317);
#2792=AXIS2_PLACEMENT_3D('',#4186,#3318,#3319);
#2793=AXIS2_PLACEMENT_3D('placement',#4187,#3320,#3321);
#2794=AXIS2_PLACEMENT_3D('',#4188,#3322,#3323);
#2795=AXIS2_PLACEMENT_3D('',#4190,#3324,#3325);
#2796=AXIS2_PLACEMENT_3D('',#4192,#3326,#3327);
#2797=AXIS2_PLACEMENT_3D('',#4193,#3328,#3329);
#2798=AXIS2_PLACEMENT_3D('',#4195,#3330,#3331);
#2799=AXIS2_PLACEMENT_3D('',#4196,#3332,#3333);
#2800=AXIS2_PLACEMENT_3D('',#4198,#3334,#3335);
#2801=AXIS2_PLACEMENT_3D('',#4199,#3336,#3337);
#2802=AXIS2_PLACEMENT_3D('',#4201,#3338,#3339);
#2803=AXIS2_PLACEMENT_3D('',#4203,#3340,#3341);
#2804=AXIS2_PLACEMENT_3D('',#4204,#3342,#3343);
#2805=AXIS2_PLACEMENT_3D('',#4206,#3344,#3345);
#2806=AXIS2_PLACEMENT_3D('',#4207,#3346,#3347);
#2807=AXIS2_PLACEMENT_3D('',#4208,#3348,#3349);
#2808=AXIS2_PLACEMENT_3D('',#4210,#3350,#3351);
#2809=AXIS2_PLACEMENT_3D('',#4212,#3352,#3353);
#2810=AXIS2_PLACEMENT_3D('',#4213,#3354,#3355);
#2811=AXIS2_PLACEMENT_3D('',#4214,#3356,#3357);
#2812=AXIS2_PLACEMENT_3D('placement',#4215,#3358,#3359);
#2813=AXIS2_PLACEMENT_3D('',#4216,#3360,#3361);
#2814=AXIS2_PLACEMENT_3D('',#4217,#3362,#3363);
#2815=AXIS2_PLACEMENT_3D('',#4218,#3364,#3365);
#2816=AXIS2_PLACEMENT_3D('placement',#4220,#3366,#3367);
#2817=AXIS2_PLACEMENT_3D('',#4221,#3368,#3369);
#2818=AXIS2_PLACEMENT_3D('',#4222,#3370,#3371);
#2819=AXIS2_PLACEMENT_3D('',#4223,#3372,#3373);
#2820=AXIS2_PLACEMENT_3D('placement',#4225,#3374,#3375);
#2821=AXIS2_PLACEMENT_3D('',#4226,#3376,#3377);
#2822=AXIS2_PLACEMENT_3D('',#4228,#3378,#3379);
#2823=AXIS2_PLACEMENT_3D('',#4230,#3380,#3381);
#2824=AXIS2_PLACEMENT_3D('',#4231,#3382,#3383);
#2825=AXIS2_PLACEMENT_3D('',#4233,#3384,#3385);
#2826=AXIS2_PLACEMENT_3D('',#4234,#3386,#3387);
#2827=AXIS2_PLACEMENT_3D('',#4236,#3388,#3389);
#2828=AXIS2_PLACEMENT_3D('',#4237,#3390,#3391);
#2829=AXIS2_PLACEMENT_3D('',#4239,#3392,#3393);
#2830=AXIS2_PLACEMENT_3D('',#4240,#3394,#3395);
#2831=AXIS2_PLACEMENT_3D('',#4242,#3396,#3397);
#2832=AXIS2_PLACEMENT_3D('',#4243,#3398,#3399);
#2833=AXIS2_PLACEMENT_3D('',#4245,#3400,#3401);
#2834=AXIS2_PLACEMENT_3D('',#4246,#3402,#3403);
#2835=AXIS2_PLACEMENT_3D('',#4248,#3404,#3405);
#2836=AXIS2_PLACEMENT_3D('',#4249,#3406,#3407);
#2837=AXIS2_PLACEMENT_3D('',#4251,#3408,#3409);
#2838=AXIS2_PLACEMENT_3D('',#4253,#3410,#3411);
#2839=AXIS2_PLACEMENT_3D('',#4254,#3412,#3413);
#2840=AXIS2_PLACEMENT_3D('',#4256,#3414,#3415);
#2841=AXIS2_PLACEMENT_3D('',#4257,#3416,#3417);
#2842=AXIS2_PLACEMENT_3D('',#4258,#3418,#3419);
#2843=AXIS2_PLACEMENT_3D('placement',#4259,#3420,#3421);
#2844=AXIS2_PLACEMENT_3D('',#4260,#3422,#3423);
#2845=AXIS2_PLACEMENT_3D('',#4331,#3424,#3425);
#2846=AXIS2_PLACEMENT_3D('',#4402,#3426,#3427);
#2847=AXIS2_PLACEMENT_3D('',#4404,#3428,#3429);
#2848=AXIS2_PLACEMENT_3D('',#4406,#3430,#3431);
#2849=AXIS2_PLACEMENT_3D('',#4407,#3432,#3433);
#2850=AXIS2_PLACEMENT_3D('',#4409,#3434,#3435);
#2851=AXIS2_PLACEMENT_3D('',#4411,#3436,#3437);
#2852=AXIS2_PLACEMENT_3D('',#4412,#3438,#3439);
#2853=AXIS2_PLACEMENT_3D('',#4413,#3440,#3441);
#2854=AXIS2_PLACEMENT_3D('placement',#4414,#3442,#3443);
#2855=AXIS2_PLACEMENT_3D('',#4415,#3444,#3445);
#2856=AXIS2_PLACEMENT_3D('',#4417,#3446,#3447);
#2857=AXIS2_PLACEMENT_3D('',#4419,#3448,#3449);
#2858=AXIS2_PLACEMENT_3D('',#4420,#3450,#3451);
#2859=AXIS2_PLACEMENT_3D('',#4422,#3452,#3453);
#2860=AXIS2_PLACEMENT_3D('',#4423,#3454,#3455);
#2861=AXIS2_PLACEMENT_3D('',#4424,#3456,#3457);
#2862=AXIS2_PLACEMENT_3D('',#4426,#3458,#3459);
#2863=AXIS2_PLACEMENT_3D('',#4428,#3460,#3461);
#2864=AXIS2_PLACEMENT_3D('',#4429,#3462,#3463);
#2865=AXIS2_PLACEMENT_3D('',#4431,#3464,#3465);
#2866=AXIS2_PLACEMENT_3D('',#4432,#3466,#3467);
#2867=AXIS2_PLACEMENT_3D('',#4433,#3468,#3469);
#2868=AXIS2_PLACEMENT_3D('',#4435,#3470,#3471);
#2869=AXIS2_PLACEMENT_3D('',#4437,#3472,#3473);
#2870=AXIS2_PLACEMENT_3D('',#4438,#3474,#3475);
#2871=AXIS2_PLACEMENT_3D('',#4439,#3476,#3477);
#2872=AXIS2_PLACEMENT_3D('placement',#4440,#3478,#3479);
#2873=AXIS2_PLACEMENT_3D('',#4441,#3480,#3481);
#2874=AXIS2_PLACEMENT_3D('',#4447,#3482,#3483);
#2875=AXIS2_PLACEMENT_3D('',#4448,#3484,#3485);
#2876=AXIS2_PLACEMENT_3D('',#4450,#3486,#3487);
#2877=AXIS2_PLACEMENT_3D('',#4452,#3488,#3489);
#2878=AXIS2_PLACEMENT_3D('',#4453,#3490,#3491);
#2879=AXIS2_PLACEMENT_3D('',#4455,#3492,#3493);
#2880=AXIS2_PLACEMENT_3D('',#4456,#3494,#3495);
#2881=AXIS2_PLACEMENT_3D('',#4520,#3496,#3497);
#2882=AXIS2_PLACEMENT_3D('',#4532,#3498,#3499);
#2883=AXIS2_PLACEMENT_3D('',#4534,#3500,#3501);
#2884=AXIS2_PLACEMENT_3D('',#4599,#3502,#3503);
#2885=AXIS2_PLACEMENT_3D('',#4600,#3504,#3505);
#2886=AXIS2_PLACEMENT_3D('',#7932,#3506,#3507);
#2887=AXIS2_PLACEMENT_3D('',#7933,#3508,#3509);
#2888=AXIS2_PLACEMENT_3D('',#7935,#3510,#3511);
#2889=AXIS2_PLACEMENT_3D('',#7937,#3512,#3513);
#2890=AXIS2_PLACEMENT_3D('',#7939,#3514,#3515);
#2891=AXIS2_PLACEMENT_3D('',#7941,#3516,#3517);
#2892=AXIS2_PLACEMENT_3D('',#7942,#3518,#3519);
#2893=AXIS2_PLACEMENT_3D('',#7943,#3520,#3521);
#2894=AXIS2_PLACEMENT_3D('',#7947,#3522,#3523);
#2895=AXIS2_PLACEMENT_3D('',#7951,#3524,#3525);
#2896=AXIS2_PLACEMENT_3D('',#7955,#3526,#3527);
#2897=AXIS2_PLACEMENT_3D('',#7959,#3528,#3529);
#2898=AXIS2_PLACEMENT_3D('',#7963,#3530,#3531);
#2899=AXIS2_PLACEMENT_3D('',#7976,#3538,#3539);
#2900=AXIS2_PLACEMENT_3D('',#7979,#3542,#3543);
#2901=AXIS2_PLACEMENT_3D('',#7981,#3545,#3546);
#2902=AXIS2_PLACEMENT_3D('',#7983,#3548,#3549);
#2903=AXIS2_PLACEMENT_3D('',#7985,#3551,#3552);
#2904=AXIS2_PLACEMENT_3D('',#7987,#3554,#3555);
#2905=AXIS2_PLACEMENT_3D('placement',#7988,#3556,#3557);
#2906=AXIS2_PLACEMENT_3D('',#7989,#3558,#3559);
#2907=AXIS2_PLACEMENT_3D('',#7998,#3564,#3565);
#2908=AXIS2_PLACEMENT_3D('',#8007,#3570,#3571);
#2909=AXIS2_PLACEMENT_3D('',#8015,#3576,#3577);
#2910=AXIS2_PLACEMENT_3D('',#8017,#3578,#3579);
#2911=AXIS2_PLACEMENT_3D('',#8019,#3581,#3582);
#2912=AXIS2_PLACEMENT_3D('',#8029,#3585,#3586);
#2913=AXIS2_PLACEMENT_3D('',#8030,#3587,#3588);
#2914=AXIS2_PLACEMENT_3D('',#8035,#3592,#3593);
#2915=AXIS2_PLACEMENT_3D('',#8036,#3594,#3595);
#2916=AXIS2_PLACEMENT_3D('',#8037,#3596,#3597);
#2917=AXIS2_PLACEMENT_3D('',#8039,#3598,#3599);
#2918=AXIS2_PLACEMENT_3D('',#8042,#3601,#3602);
#2919=AXIS2_PLACEMENT_3D('',#8043,#3603,#3604);
#2920=AXIS2_PLACEMENT_3D('',#8045,#3605,#3606);
#2921=AXIS2_PLACEMENT_3D('',#8047,#3607,#3608);
#2922=AXIS2_PLACEMENT_3D('',#8048,#3609,#3610);
#2923=AXIS2_PLACEMENT_3D('',#8050,#3611,#3612);
#2924=AXIS2_PLACEMENT_3D('',#8051,#3613,#3614);
#2925=AXIS2_PLACEMENT_3D('',#8053,#3615,#3616);
#2926=AXIS2_PLACEMENT_3D('',#8054,#3617,#3618);
#2927=AXIS2_PLACEMENT_3D('',#8056,#3619,#3620);
#2928=AXIS2_PLACEMENT_3D('',#8058,#3621,#3622);
#2929=AXIS2_PLACEMENT_3D('',#8059,#3623,#3624);
#2930=AXIS2_PLACEMENT_3D('',#8061,#3625,#3626);
#2931=AXIS2_PLACEMENT_3D('',#8062,#3627,#3628);
#2932=AXIS2_PLACEMENT_3D('',#8064,#3629,#3630);
#2933=AXIS2_PLACEMENT_3D('',#8065,#3631,#3632);
#2934=AXIS2_PLACEMENT_3D('',#8071,#3636,#3637);
#2935=AXIS2_PLACEMENT_3D('',#8073,#3638,#3639);
#2936=AXIS2_PLACEMENT_3D('',#8075,#3641,#3642);
#2937=AXIS2_PLACEMENT_3D('',#8077,#3643,#3644);
#2938=AXIS2_PLACEMENT_3D('',#8079,#3646,#3647);
#2939=AXIS2_PLACEMENT_3D('',#8081,#3649,#3650);
#2940=AXIS2_PLACEMENT_3D('',#8083,#3651,#3652);
#2941=AXIS2_PLACEMENT_3D('',#8085,#3653,#3654);
#2942=AXIS2_PLACEMENT_3D('',#8107,#3655,#3656);
#2943=AXIS2_PLACEMENT_3D('',#8127,#3657,#3658);
#2944=AXIS2_PLACEMENT_3D('',#8149,#3659,#3660);
#2945=AXIS2_PLACEMENT_3D('',#8170,#3661,#3662);
#2946=AXIS2_PLACEMENT_3D('',#8171,#3663,#3664);
#2947=AXIS2_PLACEMENT_3D('',#8173,#3665,#3666);
#2948=AXIS2_PLACEMENT_3D('',#8175,#3667,#3668);
#2949=AXIS2_PLACEMENT_3D('',#8176,#3669,#3670);
#2950=AXIS2_PLACEMENT_3D('',#8177,#3671,#3672);
#2951=AXIS2_PLACEMENT_3D('',#8179,#3673,#3674);
#2952=AXIS2_PLACEMENT_3D('',#8180,#3675,#3676);
#2953=AXIS2_PLACEMENT_3D('',#8182,#3677,#3678);
#2954=AXIS2_PLACEMENT_3D('',#8184,#3679,#3680);
#2955=AXIS2_PLACEMENT_3D('',#8185,#3681,#3682);
#2956=AXIS2_PLACEMENT_3D('',#8187,#3683,#3684);
#2957=AXIS2_PLACEMENT_3D('',#8188,#3685,#3686);
#2958=AXIS2_PLACEMENT_3D('',#8189,#3687,#3688);
#2959=AXIS2_PLACEMENT_3D('',#8295,#3689,#3690);
#2960=AXIS2_PLACEMENT_3D('',#8297,#3691,#3692);
#2961=AXIS2_PLACEMENT_3D('',#8299,#3693,#3694);
#2962=AXIS2_PLACEMENT_3D('',#8300,#3695,#3696);
#2963=AXIS2_PLACEMENT_3D('',#8302,#3697,#3698);
#2964=AXIS2_PLACEMENT_3D('',#8304,#3699,#3700);
#2965=AXIS2_PLACEMENT_3D('',#8305,#3701,#3702);
#2966=AXIS2_PLACEMENT_3D('',#8307,#3703,#3704);
#2967=AXIS2_PLACEMENT_3D('',#8309,#3705,#3706);
#2968=AXIS2_PLACEMENT_3D('',#8310,#3707,#3708);
#2969=AXIS2_PLACEMENT_3D('',#8312,#3709,#3710);
#2970=AXIS2_PLACEMENT_3D('',#8314,#3711,#3712);
#2971=AXIS2_PLACEMENT_3D('',#8315,#3713,#3714);
#2972=AXIS2_PLACEMENT_3D('',#8351,#3715,#3716);
#2973=AXIS2_PLACEMENT_3D('',#8387,#3717,#3718);
#2974=AXIS2_PLACEMENT_3D('',#8423,#3719,#3720);
#2975=AXIS2_PLACEMENT_3D('',#8425,#3721,#3722);
#2976=AXIS2_PLACEMENT_3D('',#8427,#3723,#3724);
#2977=AXIS2_PLACEMENT_3D('',#8428,#3725,#3726);
#2978=AXIS2_PLACEMENT_3D('',#8430,#3727,#3728);
#2979=AXIS2_PLACEMENT_3D('',#8431,#3729,#3730);
#2980=AXIS2_PLACEMENT_3D('',#8433,#3731,#3732);
#2981=AXIS2_PLACEMENT_3D('',#8451,#3733,#3734);
#2982=AXIS2_PLACEMENT_3D('',#8483,#3735,#3736);
#2983=AXIS2_PLACEMENT_3D('',#8500,#3737,#3738);
#2984=AXIS2_PLACEMENT_3D('',#8501,#3739,#3740);
#2985=AXIS2_PLACEMENT_3D('',#8504,#3743,#3744);
#2986=AXIS2_PLACEMENT_3D('',#8506,#3746,#3747);
#2987=AXIS2_PLACEMENT_3D('',#8508,#3749,#3750);
#2988=AXIS2_PLACEMENT_3D('',#8510,#3752,#3753);
#2989=AXIS2_PLACEMENT_3D('',#8512,#3755,#3756);
#2990=AXIS2_PLACEMENT_3D('',#8514,#3758,#3759);
#2991=AXIS2_PLACEMENT_3D('',#8515,#3760,#3761);
#2992=AXIS2_PLACEMENT_3D('',#8516,#3762,#3763);
#2993=AXIS2_PLACEMENT_3D('',#8518,#3764,#3765);
#2994=AXIS2_PLACEMENT_3D('',#8519,#3766,#3767);
#2995=AXIS2_PLACEMENT_3D('',#8522,#3768,#3769);
#2996=AXIS2_PLACEMENT_3D('',#8526,#3771,#3772);
#2997=AXIS2_PLACEMENT_3D('',#8530,#3774,#3775);
#2998=AXIS2_PLACEMENT_3D('',#8534,#3777,#3778);
#2999=AXIS2_PLACEMENT_3D('',#8536,#3780,#3781);
#3000=AXIS2_PLACEMENT_3D('',#8538,#3782,#3783);
#3001=AXIS2_PLACEMENT_3D('',#8540,#3784,#3785);
#3002=AXIS2_PLACEMENT_3D('',#8541,#3786,#3787);
#3003=AXIS2_PLACEMENT_3D('',#8543,#3788,#3789);
#3004=AXIS2_PLACEMENT_3D('',#8544,#3790,#3791);
#3005=AXIS2_PLACEMENT_3D('',#8546,#3792,#3793);
#3006=AXIS2_PLACEMENT_3D('',#8547,#3794,#3795);
#3007=AXIS2_PLACEMENT_3D('',#8548,#3796,#3797);
#3008=AXIS2_PLACEMENT_3D('',#8552,#3799,#3800);
#3009=AXIS2_PLACEMENT_3D('',#8554,#3802,#3803);
#3010=AXIS2_PLACEMENT_3D('',#8558,#3806,#3807);
#3011=AXIS2_PLACEMENT_3D('',#8562,#3809,#3810);
#3012=AXIS2_PLACEMENT_3D('',#8566,#3812,#3813);
#3013=AXIS2_PLACEMENT_3D('',#8569,#3815,#3816);
#3014=AXIS2_PLACEMENT_3D('',#8570,#3817,#3818);
#3015=AXIS2_PLACEMENT_3D('',#8573,#3821,#3822);
#3016=AXIS2_PLACEMENT_3D('',#8575,#3824,#3825);
#3017=AXIS2_PLACEMENT_3D('',#8577,#3827,#3828);
#3018=AXIS2_PLACEMENT_3D('',#8579,#3830,#3831);
#3019=AXIS2_PLACEMENT_3D('',#8581,#3832,#3833);
#3020=AXIS2_PLACEMENT_3D('',#8582,#3834,#3835);
#3021=AXIS2_PLACEMENT_3D('',#8583,#3836,#3837);
#3022=AXIS2_PLACEMENT_3D('',#8584,#3838,#3839);
#3023=AXIS2_PLACEMENT_3D('placement',#8585,#3840,#3841);
#3024=AXIS2_PLACEMENT_3D('',#8586,#3842,#3843);
#3025=AXIS2_PLACEMENT_3D('',#8587,#3844,#3845);
#3026=AXIS2_PLACEMENT_3D('',#8588,#3846,#3847);
#3027=AXIS2_PLACEMENT_3D('',#8589,#3848,#3849);
#3028=AXIS2_PLACEMENT_3D('',#8590,#3850,#3851);
#3029=AXIS2_PLACEMENT_3D('',#8591,#3852,#3853);
#3030=AXIS2_PLACEMENT_3D('',#8592,#3854,#3855);
#3031=AXIS2_PLACEMENT_3D('',#8593,#3856,#3857);
#3032=AXIS2_PLACEMENT_3D('',#8594,#3858,#3859);
#3033=AXIS2_PLACEMENT_3D('',#8595,#3860,#3861);
#3034=AXIS2_PLACEMENT_3D('',#8596,#3862,#3863);
#3035=AXIS2_PLACEMENT_3D('',#8597,#3864,#3865);
#3036=AXIS2_PLACEMENT_3D('',#8598,#3866,#3867);
#3037=AXIS2_PLACEMENT_3D('',#8599,#3868,#3869);
#3038=DIRECTION('axis',(0.,0.,1.));
#3039=DIRECTION('refdir',(1.,0.,0.));
#3040=DIRECTION('center_axis',(0.,0.,-1.));
#3041=DIRECTION('ref_axis',(-1.,0.,0.));
#3042=DIRECTION('center_axis',(0.,0.,1.));
#3043=DIRECTION('ref_axis',(-1.,0.,0.));
#3044=DIRECTION('center_axis',(0.,0.,-1.));
#3045=DIRECTION('ref_axis',(-1.,0.,0.));
#3046=DIRECTION('center_axis',(0.,0.,1.));
#3047=DIRECTION('ref_axis',(1.,0.,0.));
#3048=DIRECTION('center_axis',(0.,0.,1.));
#3049=DIRECTION('ref_axis',(-1.22460635382238E-16,-1.,0.));
#3050=DIRECTION('center_axis',(0.,0.,-1.));
#3051=DIRECTION('ref_axis',(0.,-1.,0.));
#3052=DIRECTION('center_axis',(0.,0.,1.));
#3053=DIRECTION('ref_axis',(0.,1.,0.));
#3054=DIRECTION('',(0.,0.,-1.));
#3055=DIRECTION('center_axis',(0.16679839311566,0.,0.985991022298902));
#3056=DIRECTION('ref_axis',(0.985486263948767,0.0319937159286682,-0.166713004020009));
#3057=DIRECTION('',(0.,0.,1.));
#3058=DIRECTION('center_axis',(0.,0.,-1.));
#3059=DIRECTION('ref_axis',(0.,1.,0.));
#3060=DIRECTION('',(0.,0.,-1.));
#3061=DIRECTION('center_axis',(-0.16679839311566,0.,0.985991022298902));
#3062=DIRECTION('ref_axis',(-0.985486263948768,-0.0319937159286476,-0.166713004020009));
#3063=DIRECTION('',(0.,0.,1.));
#3064=DIRECTION('center_axis',(0.,0.,-1.));
#3065=DIRECTION('ref_axis',(0.,1.,0.));
#3066=DIRECTION('center_axis',(0.,0.,-1.));
#3067=DIRECTION('ref_axis',(0.,1.,0.));
#3068=DIRECTION('center_axis',(0.,0.,1.));
#3069=DIRECTION('ref_axis',(0.,1.,0.));
#3070=DIRECTION('center_axis',(1.22464679914735E-16,1.,0.));
#3071=DIRECTION('ref_axis',(-0.170640623012876,2.08974492777228E-17,-0.985333333333333));
#3072=DIRECTION('center_axis',(1.22464679914735E-16,1.,0.));
#3073=DIRECTION('ref_axis',(-0.170640623012876,2.08974492777228E-17,-0.985333333333333));
#3074=DIRECTION('',(-1.22464679914735E-16,-1.,0.));
#3075=DIRECTION('center_axis',(-1.22464679914735E-16,-1.,0.));
#3076=DIRECTION('ref_axis',(-0.170640623012876,2.08974492777228E-17,-0.985333333333333));
#3077=DIRECTION('center_axis',(-1.22464679914735E-16,-1.,0.));
#3078=DIRECTION('ref_axis',(0.,0.,1.));
#3079=DIRECTION('',(1.,-1.22464679914735E-16,1.06583313604099E-15));
#3080=DIRECTION('',(0.,0.,-1.));
#3081=DIRECTION('',(0.707193455905467,-1.93147143030638E-16,-0.707020095842037));
#3082=DIRECTION('',(1.,-1.22464679914735E-16,0.));
#3083=DIRECTION('center_axis',(-1.22464679914735E-16,-1.,0.));
#3084=DIRECTION('ref_axis',(0.,0.,1.));
#3085=DIRECTION('',(-1.,1.22464679914735E-16,0.));
#3086=DIRECTION('',(-0.707193455905467,3.86294286061277E-16,0.707020095842037));
#3087=DIRECTION('',(0.,0.,1.));
#3088=DIRECTION('',(-1.,1.22464679914735E-16,-1.06583313604099E-15));
#3089=DIRECTION('center_axis',(1.06583313604099E-15,-1.30526913847778E-31,
-1.));
#3090=DIRECTION('ref_axis',(1.,-1.22464679914735E-16,1.0547118733939E-15));
#3091=DIRECTION('center_axis',(1.06583313604099E-15,-1.30526913847778E-31,
-1.));
#3092=DIRECTION('ref_axis',(-1.,-1.39119909924129E-46,-1.06583313604099E-15));
#3093=DIRECTION('center_axis',(0.,0.,-1.));
#3094=DIRECTION('ref_axis',(-1.,0.,0.));
#3095=DIRECTION('center_axis',(0.,0.,-1.));
#3096=DIRECTION('ref_axis',(-1.,0.,0.));
#3097=DIRECTION('',(1.,0.,0.));
#3098=DIRECTION('center_axis',(0.,0.,-1.));
#3099=DIRECTION('ref_axis',(1.,0.,0.));
#3100=DIRECTION('center_axis',(0.,0.,-1.));
#3101=DIRECTION('ref_axis',(0.5,0.866025403784439,0.));
#3102=DIRECTION('center_axis',(0.,0.,-1.));
#3103=DIRECTION('ref_axis',(0.499999999999999,-0.866025403784439,0.));
#3104=DIRECTION('center_axis',(0.,0.,-1.));
#3105=DIRECTION('ref_axis',(-1.,0.,0.));
#3106=DIRECTION('center_axis',(0.,0.,1.));
#3107=DIRECTION('ref_axis',(-1.,0.,0.));
#3108=DIRECTION('',(0.707193455905467,0.,0.707020095842037));
#3109=DIRECTION('center_axis',(0.,-1.,0.));
#3110=DIRECTION('ref_axis',(0.170640623012876,0.,-0.985333333333333));
#3111=DIRECTION('center_axis',(0.,-1.,0.));
#3112=DIRECTION('ref_axis',(0.170640623012876,0.,-0.985333333333333));
#3113=DIRECTION('',(0.,1.,0.));
#3114=DIRECTION('center_axis',(0.,1.,0.));
#3115=DIRECTION('ref_axis',(0.170640623012876,0.,-0.985333333333333));
#3116=DIRECTION('center_axis',(0.,1.,0.));
#3117=DIRECTION('ref_axis',(0.,0.,1.));
#3118=DIRECTION('',(-1.,0.,1.06583313604099E-15));
#3119=DIRECTION('',(0.,0.,-1.));
#3120=DIRECTION('',(-0.707193455905467,0.,-0.707020095842037));
#3121=DIRECTION('',(-1.,0.,0.));
#3122=DIRECTION('center_axis',(0.,1.,0.));
#3123=DIRECTION('ref_axis',(0.,0.,1.));
#3124=DIRECTION('',(0.,0.,1.));
#3125=DIRECTION('',(1.,0.,-1.06583313604099E-15));
#3126=DIRECTION('center_axis',(-1.06583313604099E-15,0.,-1.));
#3127=DIRECTION('ref_axis',(-1.,0.,1.0547118733939E-15));
#3128=DIRECTION('center_axis',(-1.06583313604099E-15,0.,-1.));
#3129=DIRECTION('ref_axis',(-1.,0.,1.06583313604099E-15));
#3130=DIRECTION('center_axis',(0.,0.,1.));
#3131=DIRECTION('ref_axis',(-1.,0.,0.));
#3132=DIRECTION('center_axis',(0.,0.,-1.));
#3133=DIRECTION('ref_axis',(-1.,0.,0.));
#3134=DIRECTION('center_axis',(0.,0.,1.));
#3135=DIRECTION('ref_axis',(-1.,0.,0.));
#3136=DIRECTION('center_axis',(0.,0.,1.));
#3137=DIRECTION('ref_axis',(-1.,0.,0.));
#3138=DIRECTION('center_axis',(0.,0.,-1.));
#3139=DIRECTION('ref_axis',(-1.,0.,0.));
#3140=DIRECTION('center_axis',(0.,0.,-1.));
#3141=DIRECTION('ref_axis',(-1.,0.,0.));
#3142=DIRECTION('center_axis',(0.,0.,1.));
#3143=DIRECTION('ref_axis',(-1.,0.,0.));
#3144=DIRECTION('center_axis',(0.,0.,1.));
#3145=DIRECTION('ref_axis',(1.,0.,0.));
#3146=DIRECTION('center_axis',(0.,0.,1.));
#3147=DIRECTION('ref_axis',(0.5,0.866025403784439,0.));
#3148=DIRECTION('center_axis',(0.,0.,1.));
#3149=DIRECTION('ref_axis',(-0.5,0.866025403784439,0.));
#3150=DIRECTION('center_axis',(0.,0.,1.));
#3151=DIRECTION('ref_axis',(-1.,1.64941765655201E-16,0.));
#3152=DIRECTION('center_axis',(0.,0.,1.));
#3153=DIRECTION('ref_axis',(-0.5,-0.866025403784438,0.));
#3154=DIRECTION('center_axis',(0.,0.,1.));
#3155=DIRECTION('ref_axis',(0.499999999999999,-0.866025403784439,0.));
#3156=DIRECTION('center_axis',(0.,0.,-1.));
#3157=DIRECTION('ref_axis',(-1.,0.,0.));
#3158=DIRECTION('center_axis',(0.,0.,-1.));
#3159=DIRECTION('ref_axis',(-1.,0.,0.));
#3160=DIRECTION('center_axis',(0.,0.,1.));
#3161=DIRECTION('ref_axis',(-1.,0.,0.));
#3162=DIRECTION('center_axis',(0.,0.,1.));
#3163=DIRECTION('ref_axis',(-1.,0.,0.));
#3164=DIRECTION('center_axis',(0.,0.,1.));
#3165=DIRECTION('ref_axis',(-1.,0.,0.));
#3166=DIRECTION('center_axis',(0.,0.,-1.));
#3167=DIRECTION('ref_axis',(-1.,0.,0.));
#3168=DIRECTION('center_axis',(0.,0.,-1.));
#3169=DIRECTION('ref_axis',(-0.5,0.866025403784439,0.));
#3170=DIRECTION('center_axis',(0.,0.,-1.));
#3171=DIRECTION('ref_axis',(-1.,1.64941765655201E-16,0.));
#3172=DIRECTION('center_axis',(0.,0.,-1.));
#3173=DIRECTION('ref_axis',(-0.5,-0.866025403784438,0.));
#3174=DIRECTION('center_axis',(0.,0.,1.));
#3175=DIRECTION('ref_axis',(1.,0.,0.));
#3176=DIRECTION('center_axis',(0.,0.,1.));
#3177=DIRECTION('ref_axis',(0.499999999999999,-0.866025403784439,0.));
#3178=DIRECTION('center_axis',(0.,0.,1.));
#3179=DIRECTION('ref_axis',(-0.5,-0.866025403784438,0.));
#3180=DIRECTION('center_axis',(0.,0.,1.));
#3181=DIRECTION('ref_axis',(-1.,1.64941765655201E-16,0.));
#3182=DIRECTION('center_axis',(0.,0.,1.));
#3183=DIRECTION('ref_axis',(-0.5,0.866025403784439,0.));
#3184=DIRECTION('center_axis',(0.,0.,1.));
#3185=DIRECTION('ref_axis',(0.5,0.866025403784439,0.));
#3186=DIRECTION('center_axis',(0.,0.,1.));
#3187=DIRECTION('ref_axis',(1.,0.,0.));
#3188=DIRECTION('center_axis',(0.,0.,-1.));
#3189=DIRECTION('ref_axis',(-1.,0.,0.));
#3190=DIRECTION('center_axis',(0.,0.,1.));
#3191=DIRECTION('ref_axis',(0.,1.,0.));
#3192=DIRECTION('center_axis',(0.,0.,1.));
#3193=DIRECTION('ref_axis',(0.,1.,0.));
#3194=DIRECTION('center_axis',(0.,0.,-1.));
#3195=DIRECTION('ref_axis',(-1.,0.,0.));
#3196=DIRECTION('center_axis',(0.,0.,-1.));
#3197=DIRECTION('ref_axis',(-1.,0.,0.));
#3198=DIRECTION('center_axis',(0.,0.,-1.));
#3199=DIRECTION('ref_axis',(-1.,0.,0.));
#3200=DIRECTION('axis',(0.,0.,1.));
#3201=DIRECTION('refdir',(1.,0.,0.));
#3202=DIRECTION('',(0.,0.,1.));
#3203=DIRECTION('',(1.,0.,0.));
#3204=DIRECTION('axis',(0.,0.,1.));
#3205=DIRECTION('refdir',(1.,0.,0.));
#3206=DIRECTION('center_axis',(0.,0.,1.));
#3207=DIRECTION('ref_axis',(-1.,0.,0.));
#3208=DIRECTION('center_axis',(0.,0.,-1.));
#3209=DIRECTION('ref_axis',(-1.,0.,0.));
#3210=DIRECTION('center_axis',(0.,0.,1.));
#3211=DIRECTION('ref_axis',(-1.,0.,0.));
#3212=DIRECTION('center_axis',(0.,0.,1.));
#3213=DIRECTION('ref_axis',(-1.,0.,0.));
#3214=DIRECTION('center_axis',(0.,0.,-1.));
#3215=DIRECTION('ref_axis',(-1.,0.,0.));
#3216=DIRECTION('center_axis',(0.,0.,1.));
#3217=DIRECTION('ref_axis',(1.,0.,0.));
#3218=DIRECTION('center_axis',(0.,0.,1.));
#3219=DIRECTION('ref_axis',(-1.,0.,0.));
#3220=DIRECTION('center_axis',(0.,1.,0.));
#3221=DIRECTION('ref_axis',(-1.,0.,0.));
#3222=DIRECTION('center_axis',(0.,-1.,0.));
#3223=DIRECTION('ref_axis',(-1.,0.,0.));
#3224=DIRECTION('center_axis',(0.,1.,0.));
#3225=DIRECTION('ref_axis',(-1.,0.,0.));
#3226=DIRECTION('',(0.,0.,1.));
#3227=DIRECTION('center_axis',(0.,1.,0.));
#3228=DIRECTION('ref_axis',(-1.,0.,0.));
#3229=DIRECTION('',(0.,0.,1.));
#3230=DIRECTION('center_axis',(0.,1.,0.));
#3231=DIRECTION('ref_axis',(-1.,0.,0.));
#3232=DIRECTION('center_axis',(0.,1.,0.));
#3233=DIRECTION('ref_axis',(-1.,0.,0.));
#3234=DIRECTION('center_axis',(0.,1.,0.));
#3235=DIRECTION('ref_axis',(-1.,0.,0.));
#3236=DIRECTION('center_axis',(0.,-1.,0.));
#3237=DIRECTION('ref_axis',(-1.,0.,0.));
#3238=DIRECTION('center_axis',(0.,1.,0.));
#3239=DIRECTION('ref_axis',(-1.,0.,0.));
#3240=DIRECTION('',(0.,0.,-1.));
#3241=DIRECTION('',(0.,0.,-1.));
#3242=DIRECTION('center_axis',(0.,0.,-1.));
#3243=DIRECTION('ref_axis',(-1.,0.,0.));
#3244=DIRECTION('center_axis',(0.,0.,-1.));
#3245=DIRECTION('ref_axis',(-1.,0.,0.));
#3246=DIRECTION('center_axis',(0.,0.,1.));
#3247=DIRECTION('ref_axis',(-1.,0.,0.));
#3248=DIRECTION('center_axis',(0.,0.,1.));
#3249=DIRECTION('ref_axis',(1.,0.,0.));
#3250=DIRECTION('center_axis',(0.,0.,-1.));
#3251=DIRECTION('ref_axis',(1.,0.,0.));
#3252=DIRECTION('center_axis',(0.,0.,-1.));
#3253=DIRECTION('ref_axis',(1.,0.,0.));
#3254=DIRECTION('center_axis',(0.,0.,-1.));
#3255=DIRECTION('ref_axis',(1.,0.,0.));
#3256=DIRECTION('center_axis',(0.,0.,1.));
#3257=DIRECTION('ref_axis',(1.,0.,0.));
#3258=DIRECTION('center_axis',(0.,0.,1.));
#3259=DIRECTION('ref_axis',(1.,0.,0.));
#3260=DIRECTION('center_axis',(0.,0.,1.));
#3261=DIRECTION('ref_axis',(1.,0.,0.));
#3262=DIRECTION('center_axis',(0.,0.,1.));
#3263=DIRECTION('ref_axis',(1.,0.,0.));
#3264=DIRECTION('center_axis',(0.,0.,1.));
#3265=DIRECTION('ref_axis',(1.,0.,0.));
#3266=DIRECTION('center_axis',(0.,0.,1.));
#3267=DIRECTION('ref_axis',(1.,0.,0.));
#3268=DIRECTION('center_axis',(0.,0.,1.));
#3269=DIRECTION('ref_axis',(1.,0.,0.));
#3270=DIRECTION('center_axis',(0.,0.,-1.));
#3271=DIRECTION('ref_axis',(1.,0.,0.));
#3272=DIRECTION('center_axis',(0.,0.,1.));
#3273=DIRECTION('ref_axis',(1.,0.,0.));
#3274=DIRECTION('center_axis',(0.,0.,1.));
#3275=DIRECTION('ref_axis',(1.,0.,0.));
#3276=DIRECTION('center_axis',(0.,0.,-1.));
#3277=DIRECTION('ref_axis',(-1.,0.,0.));
#3278=DIRECTION('center_axis',(0.,0.,1.));
#3279=DIRECTION('ref_axis',(1.,0.,0.));
#3280=DIRECTION('center_axis',(0.,0.,-1.));
#3281=DIRECTION('ref_axis',(1.,0.,0.));
#3282=DIRECTION('center_axis',(0.,0.,-1.));
#3283=DIRECTION('ref_axis',(1.,0.,0.));
#3284=DIRECTION('center_axis',(0.,0.,-1.));
#3285=DIRECTION('ref_axis',(-1.,0.,0.));
#3286=DIRECTION('center_axis',(0.,0.,1.));
#3287=DIRECTION('ref_axis',(1.,0.,0.));
#3288=DIRECTION('center_axis',(0.,0.,-1.));
#3289=DIRECTION('ref_axis',(-1.,0.,0.));
#3290=DIRECTION('center_axis',(0.,0.,1.));
#3291=DIRECTION('ref_axis',(1.,0.,0.));
#3292=DIRECTION('center_axis',(0.,0.,1.));
#3293=DIRECTION('ref_axis',(-1.,0.,0.));
#3294=DIRECTION('center_axis',(0.,0.,1.));
#3295=DIRECTION('ref_axis',(0.,1.,0.));
#3296=DIRECTION('center_axis',(0.,0.,1.));
#3297=DIRECTION('ref_axis',(0.,1.,0.));
#3298=DIRECTION('center_axis',(0.,0.,1.));
#3299=DIRECTION('ref_axis',(1.,0.,0.));
#3300=DIRECTION('center_axis',(0.,0.,1.));
#3301=DIRECTION('ref_axis',(1.,0.,0.));
#3302=DIRECTION('center_axis',(0.,0.,1.));
#3303=DIRECTION('ref_axis',(1.,0.,0.));
#3304=DIRECTION('center_axis',(0.,0.,-1.));
#3305=DIRECTION('ref_axis',(-1.,0.,0.));
#3306=DIRECTION('center_axis',(0.,0.,-1.));
#3307=DIRECTION('ref_axis',(-1.,0.,0.));
#3308=DIRECTION('center_axis',(0.,0.,-1.));
#3309=DIRECTION('ref_axis',(-1.,0.,0.));
#3310=DIRECTION('center_axis',(0.,0.,-1.));
#3311=DIRECTION('ref_axis',(-1.,0.,0.));
#3312=DIRECTION('center_axis',(0.,0.,1.));
#3313=DIRECTION('ref_axis',(-1.,0.,0.));
#3314=DIRECTION('center_axis',(0.,0.,1.));
#3315=DIRECTION('ref_axis',(-1.,0.,0.));
#3316=DIRECTION('center_axis',(0.,0.,1.));
#3317=DIRECTION('ref_axis',(1.,0.,0.));
#3318=DIRECTION('center_axis',(0.,0.,1.));
#3319=DIRECTION('ref_axis',(1.,0.,0.));
#3320=DIRECTION('axis',(0.,0.,1.));
#3321=DIRECTION('refdir',(1.,0.,0.));
#3322=DIRECTION('center_axis',(0.,0.,1.));
#3323=DIRECTION('ref_axis',(-1.,0.,0.));
#3324=DIRECTION('center_axis',(0.,0.,-1.));
#3325=DIRECTION('ref_axis',(-1.,0.,0.));
#3326=DIRECTION('center_axis',(0.,0.,1.));
#3327=DIRECTION('ref_axis',(-1.,0.,0.));
#3328=DIRECTION('center_axis',(0.,0.,1.));
#3329=DIRECTION('ref_axis',(-1.,0.,0.));
#3330=DIRECTION('center_axis',(0.,0.,-1.));
#3331=DIRECTION('ref_axis',(-1.,0.,0.));
#3332=DIRECTION('center_axis',(0.,0.,1.));
#3333=DIRECTION('ref_axis',(1.,0.,0.));
#3334=DIRECTION('center_axis',(0.,0.,1.));
#3335=DIRECTION('ref_axis',(-1.,0.,0.));
#3336=DIRECTION('center_axis',(0.,0.,-1.));
#3337=DIRECTION('ref_axis',(-1.,0.,0.));
#3338=DIRECTION('center_axis',(0.,0.,-1.));
#3339=DIRECTION('ref_axis',(-1.,0.,0.));
#3340=DIRECTION('center_axis',(0.,0.,-1.));
#3341=DIRECTION('ref_axis',(-1.,0.,0.));
#3342=DIRECTION('center_axis',(0.,0.,1.));
#3343=DIRECTION('ref_axis',(1.,0.,0.));
#3344=DIRECTION('center_axis',(0.,0.,1.));
#3345=DIRECTION('ref_axis',(-1.,0.,0.));
#3346=DIRECTION('center_axis',(0.,0.,-1.));
#3347=DIRECTION('ref_axis',(-1.,0.,0.));
#3348=DIRECTION('center_axis',(0.,0.,-1.));
#3349=DIRECTION('ref_axis',(-1.,0.,0.));
#3350=DIRECTION('center_axis',(0.,0.,1.));
#3351=DIRECTION('ref_axis',(-1.,0.,0.));
#3352=DIRECTION('center_axis',(0.,0.,1.));
#3353=DIRECTION('ref_axis',(-1.,0.,0.));
#3354=DIRECTION('center_axis',(0.,0.,1.));
#3355=DIRECTION('ref_axis',(1.,0.,0.));
#3356=DIRECTION('center_axis',(0.,0.,1.));
#3357=DIRECTION('ref_axis',(1.,0.,0.));
#3358=DIRECTION('axis',(0.,0.,1.));
#3359=DIRECTION('refdir',(1.,0.,0.));
#3360=DIRECTION('center_axis',(0.,0.,1.));
#3361=DIRECTION('ref_axis',(1.,0.,0.));
#3362=DIRECTION('center_axis',(0.,-1.,0.));
#3363=DIRECTION('ref_axis',(1.,0.,0.));
#3364=DIRECTION('center_axis',(0.,0.,-1.));
#3365=DIRECTION('ref_axis',(1.,0.,0.));
#3366=DIRECTION('axis',(0.,0.,1.));
#3367=DIRECTION('refdir',(1.,0.,0.));
#3368=DIRECTION('center_axis',(1.,0.,0.));
#3369=DIRECTION('ref_axis',(0.,0.,-1.));
#3370=DIRECTION('center_axis',(0.,-1.,0.));
#3371=DIRECTION('ref_axis',(0.,0.,-1.));
#3372=DIRECTION('center_axis',(-1.,0.,0.));
#3373=DIRECTION('ref_axis',(0.,0.,-1.));
#3374=DIRECTION('axis',(0.,0.,1.));
#3375=DIRECTION('refdir',(1.,0.,0.));
#3376=DIRECTION('center_axis',(0.,0.,-1.));
#3377=DIRECTION('ref_axis',(1.,0.,0.));
#3378=DIRECTION('center_axis',(0.,0.,1.));
#3379=DIRECTION('ref_axis',(1.,0.,0.));
#3380=DIRECTION('center_axis',(0.,0.,-1.));
#3381=DIRECTION('ref_axis',(1.,0.,0.));
#3382=DIRECTION('center_axis',(0.,0.,1.));
#3383=DIRECTION('ref_axis',(1.,0.,0.));
#3384=DIRECTION('center_axis',(0.,0.,1.));
#3385=DIRECTION('ref_axis',(-1.,0.,0.));
#3386=DIRECTION('center_axis',(0.,0.,1.));
#3387=DIRECTION('ref_axis',(1.,0.,0.));
#3388=DIRECTION('center_axis',(0.,0.,-1.));
#3389=DIRECTION('ref_axis',(-1.,0.,0.));
#3390=DIRECTION('center_axis',(0.,0.,1.));
#3391=DIRECTION('ref_axis',(-1.,0.,0.));
#3392=DIRECTION('center_axis',(0.,0.,-1.));
#3393=DIRECTION('ref_axis',(-1.,0.,0.));
#3394=DIRECTION('center_axis',(0.,0.,1.));
#3395=DIRECTION('ref_axis',(-1.,0.,0.));
#3396=DIRECTION('center_axis',(0.,0.,1.));
#3397=DIRECTION('ref_axis',(-1.,0.,0.));
#3398=DIRECTION('center_axis',(0.,0.,-1.));
#3399=DIRECTION('ref_axis',(-1.,0.,0.));
#3400=DIRECTION('center_axis',(0.,0.,-1.));
#3401=DIRECTION('ref_axis',(-1.,0.,0.));
#3402=DIRECTION('center_axis',(0.,0.,1.));
#3403=DIRECTION('ref_axis',(1.,0.,0.));
#3404=DIRECTION('center_axis',(0.,0.,1.));
#3405=DIRECTION('ref_axis',(-1.,0.,0.));
#3406=DIRECTION('center_axis',(0.,0.,-1.));
#3407=DIRECTION('ref_axis',(-1.,0.,0.));
#3408=DIRECTION('center_axis',(0.,0.,1.));
#3409=DIRECTION('ref_axis',(-1.,0.,0.));
#3410=DIRECTION('center_axis',(0.,0.,-1.));
#3411=DIRECTION('ref_axis',(-1.,0.,0.));
#3412=DIRECTION('center_axis',(0.,0.,1.));
#3413=DIRECTION('ref_axis',(1.,0.,0.));
#3414=DIRECTION('center_axis',(0.,0.,1.));
#3415=DIRECTION('ref_axis',(-1.,0.,0.));
#3416=DIRECTION('center_axis',(0.,0.,-1.));
#3417=DIRECTION('ref_axis',(-1.,0.,0.));
#3418=DIRECTION('center_axis',(0.,0.,1.));
#3419=DIRECTION('ref_axis',(-1.,0.,0.));
#3420=DIRECTION('axis',(0.,0.,1.));
#3421=DIRECTION('refdir',(1.,0.,0.));
#3422=DIRECTION('center_axis',(0.,1.,0.));
#3423=DIRECTION('ref_axis',(1.,0.,0.));
#3424=DIRECTION('center_axis',(0.,1.,0.));
#3425=DIRECTION('ref_axis',(1.,0.,0.));
#3426=DIRECTION('center_axis',(0.,0.,1.));
#3427=DIRECTION('ref_axis',(-1.,0.,0.));
#3428=DIRECTION('center_axis',(0.,0.,-1.));
#3429=DIRECTION('ref_axis',(-1.,0.,0.));
#3430=DIRECTION('center_axis',(0.,0.,1.));
#3431=DIRECTION('ref_axis',(-1.,0.,0.));
#3432=DIRECTION('center_axis',(0.,0.,1.));
#3433=DIRECTION('ref_axis',(-1.,0.,0.));
#3434=DIRECTION('center_axis',(0.,0.,1.));
#3435=DIRECTION('ref_axis',(-1.,0.,0.));
#3436=DIRECTION('center_axis',(0.,0.,-1.));
#3437=DIRECTION('ref_axis',(-1.,0.,0.));
#3438=DIRECTION('center_axis',(0.,0.,1.));
#3439=DIRECTION('ref_axis',(1.,0.,0.));
#3440=DIRECTION('center_axis',(0.,0.,1.));
#3441=DIRECTION('ref_axis',(1.,0.,0.));
#3442=DIRECTION('axis',(0.,0.,1.));
#3443=DIRECTION('refdir',(1.,0.,0.));
#3444=DIRECTION('center_axis',(0.,0.,1.));
#3445=DIRECTION('ref_axis',(-1.,0.,0.));
#3446=DIRECTION('center_axis',(0.,0.,-1.));
#3447=DIRECTION('ref_axis',(-1.,0.,0.));
#3448=DIRECTION('center_axis',(0.,0.,1.));
#3449=DIRECTION('ref_axis',(-1.,0.,0.));
#3450=DIRECTION('center_axis',(0.,0.,1.));
#3451=DIRECTION('ref_axis',(-1.,0.,0.));
#3452=DIRECTION('center_axis',(0.,6.78251915668366E-15,-1.));
#3453=DIRECTION('ref_axis',(-1.,0.,0.));
#3454=DIRECTION('center_axis',(0.,0.,1.));
#3455=DIRECTION('ref_axis',(1.,0.,0.));
#3456=DIRECTION('center_axis',(0.,0.,-1.));
#3457=DIRECTION('ref_axis',(-1.,0.,0.));
#3458=DIRECTION('center_axis',(0.,0.,1.));
#3459=DIRECTION('ref_axis',(-1.,0.,0.));
#3460=DIRECTION('center_axis',(0.,0.,-1.));
#3461=DIRECTION('ref_axis',(-1.,0.,0.));
#3462=DIRECTION('center_axis',(0.,0.,1.));
#3463=DIRECTION('ref_axis',(-1.,0.,0.));
#3464=DIRECTION('center_axis',(0.,-6.78251915668366E-15,1.));
#3465=DIRECTION('ref_axis',(-1.,0.,0.));
#3466=DIRECTION('center_axis',(0.,0.,1.));
#3467=DIRECTION('ref_axis',(1.,0.,0.));
#3468=DIRECTION('center_axis',(0.,-6.78251915668366E-15,1.));
#3469=DIRECTION('ref_axis',(0.,1.,6.78251915668366E-15));
#3470=DIRECTION('center_axis',(0.,-6.78251915668366E-15,1.));
#3471=DIRECTION('ref_axis',(1.,0.,0.));
#3472=DIRECTION('center_axis',(0.,-6.78251915668366E-15,1.));
#3473=DIRECTION('ref_axis',(1.,0.,0.));
#3474=DIRECTION('center_axis',(0.,6.78251915668366E-15,-1.));
#3475=DIRECTION('ref_axis',(-1.,0.,0.));
#3476=DIRECTION('center_axis',(0.,-6.78251915668366E-15,1.));
#3477=DIRECTION('ref_axis',(1.,0.,0.));
#3478=DIRECTION('axis',(0.,0.,1.));
#3479=DIRECTION('refdir',(1.,0.,0.));
#3480=DIRECTION('center_axis',(1.,0.,0.));
#3481=DIRECTION('ref_axis',(0.,0.,-1.));
#3482=DIRECTION('center_axis',(1.,0.,0.));
#3483=DIRECTION('ref_axis',(0.,0.,-1.));
#3484=DIRECTION('center_axis',(-1.,0.,0.));
#3485=DIRECTION('ref_axis',(0.,0.,1.));
#3486=DIRECTION('center_axis',(1.,0.,0.));
#3487=DIRECTION('ref_axis',(0.,0.,-1.));
#3488=DIRECTION('center_axis',(-1.,0.,0.));
#3489=DIRECTION('ref_axis',(0.,0.,-1.));
#3490=DIRECTION('center_axis',(1.,0.,0.));
#3491=DIRECTION('ref_axis',(0.,0.,-1.));
#3492=DIRECTION('center_axis',(1.,0.,0.));
#3493=DIRECTION('ref_axis',(0.,0.,-1.));
#3494=DIRECTION('center_axis',(-1.,0.,0.));
#3495=DIRECTION('ref_axis',(0.,0.,-1.));
#3496=DIRECTION('center_axis',(1.,0.,0.));
#3497=DIRECTION('ref_axis',(0.,0.,1.));
#3498=DIRECTION('center_axis',(1.,0.,0.));
#3499=DIRECTION('ref_axis',(0.,0.,-1.));
#3500=DIRECTION('center_axis',(1.,0.,0.));
#3501=DIRECTION('ref_axis',(0.,0.,-1.));
#3502=DIRECTION('center_axis',(1.,0.,0.));
#3503=DIRECTION('ref_axis',(0.,0.,-1.));
#3504=DIRECTION('center_axis',(1.,0.,0.));
#3505=DIRECTION('ref_axis',(0.,0.,-1.));
#3506=DIRECTION('center_axis',(1.,0.,0.));
#3507=DIRECTION('ref_axis',(0.,0.,-1.));
#3508=DIRECTION('center_axis',(1.,0.,0.));
#3509=DIRECTION('ref_axis',(0.,0.,-1.));
#3510=DIRECTION('center_axis',(1.,0.,0.));
#3511=DIRECTION('ref_axis',(0.,0.,-1.));
#3512=DIRECTION('center_axis',(1.,0.,0.));
#3513=DIRECTION('ref_axis',(0.,0.,-1.));
#3514=DIRECTION('center_axis',(1.,0.,0.));
#3515=DIRECTION('ref_axis',(0.,0.,-1.));
#3516=DIRECTION('center_axis',(1.,0.,0.));
#3517=DIRECTION('ref_axis',(0.,0.,-1.));
#3518=DIRECTION('center_axis',(1.,0.,0.));
#3519=DIRECTION('ref_axis',(0.,0.,-1.));
#3520=DIRECTION('center_axis',(1.,0.,0.));
#3521=DIRECTION('ref_axis',(0.,0.,-1.));
#3522=DIRECTION('center_axis',(1.,0.,0.));
#3523=DIRECTION('ref_axis',(0.,0.,-1.));
#3524=DIRECTION('center_axis',(1.,0.,0.));
#3525=DIRECTION('ref_axis',(0.,0.,-1.));
#3526=DIRECTION('center_axis',(1.,0.,0.));
#3527=DIRECTION('ref_axis',(0.,0.,-1.));
#3528=DIRECTION('center_axis',(1.,0.,0.));
#3529=DIRECTION('ref_axis',(0.,0.,-1.));
#3530=DIRECTION('center_axis',(1.,0.,0.));
#3531=DIRECTION('ref_axis',(0.,0.,-1.));
#3532=DIRECTION('',(0.,0.5,0.866025403784439));
#3533=DIRECTION('',(0.,-0.5,0.866025403784439));
#3534=DIRECTION('',(0.,-1.,-1.5772331745272E-16));
#3535=DIRECTION('',(0.,-0.5,-0.866025403784439));
#3536=DIRECTION('',(0.,0.5,-0.866025403784439));
#3537=DIRECTION('',(0.,1.,3.1544663490544E-16));
#3538=DIRECTION('center_axis',(0.,0.866025403784439,0.5));
#3539=DIRECTION('ref_axis',(0.,-0.5,0.866025403784439));
#3540=DIRECTION('',(1.,0.,0.));
#3541=DIRECTION('',(1.,0.,0.));
#3542=DIRECTION('center_axis',(0.,-1.5772331745272E-16,1.));
#3543=DIRECTION('ref_axis',(0.,-1.,-1.52655665885959E-16));
#3544=DIRECTION('',(1.,0.,0.));
#3545=DIRECTION('center_axis',(0.,-0.866025403784439,0.5));
#3546=DIRECTION('ref_axis',(0.,-0.5,-0.866025403784439));
#3547=DIRECTION('',(1.,0.,0.));
#3548=DIRECTION('center_axis',(0.,-0.866025403784439,-0.5));
#3549=DIRECTION('ref_axis',(0.,0.5,-0.866025403784439));
#3550=DIRECTION('',(1.,0.,0.));
#3551=DIRECTION('center_axis',(0.,3.1544663490544E-16,-1.));
#3552=DIRECTION('ref_axis',(0.,1.,3.19189119579733E-16));
#3553=DIRECTION('',(1.,0.,0.));
#3554=DIRECTION('center_axis',(0.,0.866025403784439,-0.5));
#3555=DIRECTION('ref_axis',(0.,0.5,0.866025403784439));
#3556=DIRECTION('axis',(0.,0.,1.));
#3557=DIRECTION('refdir',(1.,0.,0.));
#3558=DIRECTION('center_axis',(1.,0.,0.));
#3559=DIRECTION('ref_axis',(0.,0.,-1.));
#3560=DIRECTION('',(0.,0.,-1.));
#3561=DIRECTION('',(0.,-0.766044443118978,0.642787609686539));
#3562=DIRECTION('',(0.,-1.,0.));
#3563=DIRECTION('',(0.,-0.766044443118978,0.642787609686539));
#3564=DIRECTION('center_axis',(-0.999978442837936,-0.00502993551330987,
0.00422061703406381));
#3565=DIRECTION('ref_axis',(0.00422067042641268,0.,0.999991092930908));
#3566=DIRECTION('',(-0.00502998031455854,0.999987349569001,2.34518355469941E-16));
#3567=DIRECTION('',(-0.00656611448394599,0.76602792937477,-0.642773753009864));
#3568=DIRECTION('',(0.,0.642787609686539,0.766044443118978));
#3569=DIRECTION('',(-0.00656611448394599,0.76602792937477,-0.642773753009864));
#3570=DIRECTION('center_axis',(0.999978442837936,-0.00502993551330971,0.00422061703406367));
#3571=DIRECTION('ref_axis',(0.00422067042641254,0.,-0.999991092930908));
#3572=DIRECTION('',(-0.00502998031455839,-0.999987349569001,2.34518355469934E-16));
#3573=DIRECTION('',(-0.00656611448394579,-0.76602792937477,0.642773753009864));
#3574=DIRECTION('',(0.,0.642787609686539,0.766044443118978));
#3575=DIRECTION('',(-0.00656611448394579,-0.76602792937477,0.642773753009864));
#3576=DIRECTION('center_axis',(0.,-0.642787609686539,-0.766044443118979));
#3577=DIRECTION('ref_axis',(-1.,0.,0.));
#3578=DIRECTION('center_axis',(0.,0.642787609686539,0.766044443118979));
#3579=DIRECTION('ref_axis',(0.,0.766044443118979,-0.642787609686539));
#3580=DIRECTION('',(1.,5.55644505907212E-14,-4.66241099972423E-14));
#3581=DIRECTION('center_axis',(0.,0.642787609686539,0.766044443118979));
#3582=DIRECTION('ref_axis',(0.,0.766044443118979,-0.642787609686539));
#3583=DIRECTION('',(1.,5.55644505907212E-14,-4.66241099972423E-14));
#3584=DIRECTION('',(0.,0.766044443118978,-0.642787609686539));
#3585=DIRECTION('center_axis',(0.,0.642787609686539,0.766044443118979));
#3586=DIRECTION('ref_axis',(0.,0.766044443118979,-0.642787609686539));
#3587=DIRECTION('center_axis',(-1.,0.,0.));
#3588=DIRECTION('ref_axis',(0.,0.,1.));
#3589=DIRECTION('',(0.,0.,1.));
#3590=DIRECTION('',(0.,-1.,0.));
#3591=DIRECTION('',(0.,0.766044443118978,-0.642787609686539));
#3592=DIRECTION('center_axis',(-4.66241099972423E-14,0.,-1.));
#3593=DIRECTION('ref_axis',(-1.,0.,4.66293670342566E-14));
#3594=DIRECTION('center_axis',(-4.66241099972423E-14,0.,-1.));
#3595=DIRECTION('ref_axis',(-1.,0.,4.66293670342566E-14));
#3596=DIRECTION('center_axis',(0.,-0.642787609686539,-0.766044443118979));
#3597=DIRECTION('ref_axis',(-1.,0.,0.));
#3598=DIRECTION('center_axis',(0.,-0.642787609686539,-0.766044443118979));
#3599=DIRECTION('ref_axis',(0.,0.766044443118979,-0.642787609686539));
#3600=DIRECTION('',(1.,0.,0.));
#3601=DIRECTION('center_axis',(0.,-0.642787609686539,-0.766044443118979));
#3602=DIRECTION('ref_axis',(0.,0.766044443118979,-0.642787609686539));
#3603=DIRECTION('center_axis',(0.,0.,-1.));
#3604=DIRECTION('ref_axis',(1.,0.,0.));
#3605=DIRECTION('center_axis',(0.,0.,-1.));
#3606=DIRECTION('ref_axis',(1.,0.,0.));
#3607=DIRECTION('center_axis',(0.,0.,1.));
#3608=DIRECTION('ref_axis',(1.,0.,0.));
#3609=DIRECTION('center_axis',(0.,0.,-1.));
#3610=DIRECTION('ref_axis',(-1.,0.,0.));
#3611=DIRECTION('center_axis',(0.,0.,-1.));
#3612=DIRECTION('ref_axis',(-1.,0.,0.));
#3613=DIRECTION('center_axis',(0.,0.,1.));
#3614=DIRECTION('ref_axis',(1.,0.,0.));
#3615=DIRECTION('center_axis',(0.,0.,1.));
#3616=DIRECTION('ref_axis',(1.,0.,0.));
#3617=DIRECTION('center_axis',(0.,0.,1.));
#3618=DIRECTION('ref_axis',(-1.,0.,0.));
#3619=DIRECTION('center_axis',(0.,0.,-1.));
#3620=DIRECTION('ref_axis',(-1.,0.,0.));
#3621=DIRECTION('center_axis',(0.,0.,1.));
#3622=DIRECTION('ref_axis',(-1.,0.,0.));
#3623=DIRECTION('center_axis',(0.,0.,1.));
#3624=DIRECTION('ref_axis',(1.,0.,0.));
#3625=DIRECTION('center_axis',(0.,0.,-1.));
#3626=DIRECTION('ref_axis',(1.,0.,0.));
#3627=DIRECTION('center_axis',(0.,0.,-1.));
#3628=DIRECTION('ref_axis',(-1.,0.,0.));
#3629=DIRECTION('center_axis',(0.,0.,-1.));
#3630=DIRECTION('ref_axis',(-1.,0.,0.));
#3631=DIRECTION('center_axis',(-0.999963265531028,0.00857132361554527,3.11308050671998E-16));
#3632=DIRECTION('ref_axis',(3.11382863937837E-16,0.,1.));
#3633=DIRECTION('',(0.,0.,1.));
#3634=DIRECTION('',(0.00857132361554606,0.999963265531028,0.));
#3635=DIRECTION('',(7.14115372279345E-16,0.,1.));
#3636=DIRECTION('center_axis',(0.,0.,1.));
#3637=DIRECTION('ref_axis',(1.,0.,0.));
#3638=DIRECTION('center_axis',(0.,0.,-1.));
#3639=DIRECTION('ref_axis',(0.00857132361549712,0.999963265531029,0.));
#3640=DIRECTION('',(0.,0.,-1.));
#3641=DIRECTION('center_axis',(2.81505102874051E-14,2.71317521255343E-16,
1.));
#3642=DIRECTION('ref_axis',(1.,0.,-2.81441536742477E-14));
#3643=DIRECTION('center_axis',(-2.81505102874051E-14,-2.71317521255343E-16,
-1.));
#3644=DIRECTION('ref_axis',(1.,-7.63772667325178E-30,-2.81505102874051E-14));
#3645=DIRECTION('',(-0.0085713236155455,0.999963265531028,0.));
#3646=DIRECTION('center_axis',(0.999963265531028,0.00857132361554527,-1.05770651848037E-17));
#3647=DIRECTION('ref_axis',(-1.04083408558608E-17,0.,-1.));
#3648=DIRECTION('',(0.,0.,-1.));
#3649=DIRECTION('center_axis',(0.,0.,1.));
#3650=DIRECTION('ref_axis',(1.,0.,0.));
#3651=DIRECTION('center_axis',(0.,0.,-1.));
#3652=DIRECTION('ref_axis',(1.,0.,0.));
#3653=DIRECTION('center_axis',(0.,0.,1.));
#3654=DIRECTION('ref_axis',(1.,0.,0.));
#3655=DIRECTION('center_axis',(0.,-0.64278760968654,0.766044443118978));
#3656=DIRECTION('ref_axis',(0.,0.766044443118978,0.64278760968654));
#3657=DIRECTION('center_axis',(0.,-0.642787609686539,-0.766044443118979));
#3658=DIRECTION('ref_axis',(0.,0.766044443118979,-0.642787609686539));
#3659=DIRECTION('center_axis',(7.87187788734198E-17,0.642787609686539,-0.766044443118979));
#3660=DIRECTION('ref_axis',(5.54667823983524E-32,0.766044443118979,0.642787609686539));
#3661=DIRECTION('center_axis',(7.87187788734199E-17,0.64278760968654,0.766044443118978));
#3662=DIRECTION('ref_axis',(0.,0.766044443118978,-0.64278760968654));
#3663=DIRECTION('center_axis',(0.,0.,-1.));
#3664=DIRECTION('ref_axis',(0.,-1.,0.));
#3665=DIRECTION('center_axis',(0.,0.,-1.));
#3666=DIRECTION('ref_axis',(1.,0.,0.));
#3667=DIRECTION('center_axis',(0.,0.,-1.));
#3668=DIRECTION('ref_axis',(1.,0.,0.));
#3669=DIRECTION('center_axis',(0.,0.,-1.));
#3670=DIRECTION('ref_axis',(-1.,0.,0.));
#3671=DIRECTION('center_axis',(0.,0.,1.));
#3672=DIRECTION('ref_axis',(1.,0.,0.));
#3673=DIRECTION('center_axis',(0.,0.,-1.));
#3674=DIRECTION('ref_axis',(1.,0.,0.));
#3675=DIRECTION('center_axis',(0.,0.,-1.));
#3676=DIRECTION('ref_axis',(0.,-1.,0.));
#3677=DIRECTION('center_axis',(0.,0.,-1.));
#3678=DIRECTION('ref_axis',(1.,0.,0.));
#3679=DIRECTION('center_axis',(0.,0.,-1.));
#3680=DIRECTION('ref_axis',(1.,0.,0.));
#3681=DIRECTION('center_axis',(0.,0.,-1.));
#3682=DIRECTION('ref_axis',(-1.,0.,0.));
#3683=DIRECTION('center_axis',(0.,0.,1.));
#3684=DIRECTION('ref_axis',(1.,0.,0.));
#3685=DIRECTION('center_axis',(0.,0.,1.));
#3686=DIRECTION('ref_axis',(1.,0.,0.));
#3687=DIRECTION('center_axis',(0.,0.,1.));
#3688=DIRECTION('ref_axis',(1.,0.,0.));
#3689=DIRECTION('center_axis',(0.,0.,-1.));
#3690=DIRECTION('ref_axis',(-1.,0.,0.));
#3691=DIRECTION('center_axis',(0.,0.,-1.));
#3692=DIRECTION('ref_axis',(-1.,0.,0.));
#3693=DIRECTION('center_axis',(0.,0.,1.));
#3694=DIRECTION('ref_axis',(-1.,0.,0.));
#3695=DIRECTION('center_axis',(0.,0.,-1.));
#3696=DIRECTION('ref_axis',(-1.,0.,0.));
#3697=DIRECTION('center_axis',(0.,0.,-1.));
#3698=DIRECTION('ref_axis',(-1.,0.,0.));
#3699=DIRECTION('center_axis',(0.,0.,1.));
#3700=DIRECTION('ref_axis',(-1.,0.,0.));
#3701=DIRECTION('center_axis',(0.,0.,-1.));
#3702=DIRECTION('ref_axis',(-1.,0.,0.));
#3703=DIRECTION('center_axis',(0.,0.,-1.));
#3704=DIRECTION('ref_axis',(-1.,0.,0.));
#3705=DIRECTION('center_axis',(0.,0.,1.));
#3706=DIRECTION('ref_axis',(-1.,0.,0.));
#3707=DIRECTION('center_axis',(0.,0.,-1.));
#3708=DIRECTION('ref_axis',(-1.,0.,0.));
#3709=DIRECTION('center_axis',(0.,0.,-1.));
#3710=DIRECTION('ref_axis',(-1.,0.,0.));
#3711=DIRECTION('center_axis',(0.,0.,1.));
#3712=DIRECTION('ref_axis',(-1.,0.,0.));
#3713=DIRECTION('center_axis',(0.866025403784438,-0.500000000000001,0.));
#3714=DIRECTION('ref_axis',(0.500000000000001,0.866025403784438,0.));
#3715=DIRECTION('center_axis',(-0.866025403784439,-0.5,0.));
#3716=DIRECTION('ref_axis',(0.5,-0.866025403784439,0.));
#3717=DIRECTION('center_axis',(0.,1.,0.));
#3718=DIRECTION('ref_axis',(-1.,0.,0.));
#3719=DIRECTION('center_axis',(0.,0.,-1.));
#3720=DIRECTION('ref_axis',(-1.,0.,0.));
#3721=DIRECTION('center_axis',(0.,0.,-1.));
#3722=DIRECTION('ref_axis',(-1.,0.,0.));
#3723=DIRECTION('center_axis',(0.,0.,-1.));
#3724=DIRECTION('ref_axis',(-1.,0.,0.));
#3725=DIRECTION('center_axis',(0.,0.,-1.));
#3726=DIRECTION('ref_axis',(-1.,0.,0.));
#3727=DIRECTION('center_axis',(0.,0.,1.));
#3728=DIRECTION('ref_axis',(-1.,0.,0.));
#3729=DIRECTION('center_axis',(0.,0.,-1.));
#3730=DIRECTION('ref_axis',(-1.,0.,0.));
#3731=DIRECTION('center_axis',(0.,-0.642787609686539,-0.766044443118979));
#3732=DIRECTION('ref_axis',(0.,0.766044443118979,-0.642787609686539));
#3733=DIRECTION('center_axis',(0.,-0.64278760968654,0.766044443118978));
#3734=DIRECTION('ref_axis',(0.,0.766044443118978,0.64278760968654));
#3735=DIRECTION('center_axis',(7.87187788734198E-17,0.642787609686539,-0.766044443118979));
#3736=DIRECTION('ref_axis',(5.54667823983524E-32,0.766044443118979,0.642787609686539));
#3737=DIRECTION('center_axis',(7.87187788734199E-17,0.64278760968654,0.766044443118978));
#3738=DIRECTION('ref_axis',(0.,0.766044443118978,-0.64278760968654));
#3739=DIRECTION('center_axis',(7.87187788734198E-17,0.642787609686539,-0.766044443118979));
#3740=DIRECTION('ref_axis',(1.,0.,1.11022302462516E-16));
#3741=DIRECTION('',(-1.,1.22464679914735E-16,0.));
#3742=DIRECTION('',(-1.,1.22464679914735E-16,0.));
#3743=DIRECTION('center_axis',(-1.,1.22464679914735E-16,0.));
#3744=DIRECTION('ref_axis',(7.87187788734198E-17,0.64278760968654,0.766044443118977));
#3745=DIRECTION('',(-1.,1.22464679914735E-16,0.));
#3746=DIRECTION('center_axis',(-1.,1.22464679914735E-16,0.));
#3747=DIRECTION('ref_axis',(7.87187788734198E-17,0.64278760968654,0.766044443118977));
#3748=DIRECTION('',(-1.,1.22464679914735E-16,0.));
#3749=DIRECTION('center_axis',(0.,-0.642787609686539,-0.766044443118979));
#3750=DIRECTION('ref_axis',(-1.,0.,0.));
#3751=DIRECTION('',(1.,0.,0.));
#3752=DIRECTION('center_axis',(1.,0.,0.));
#3753=DIRECTION('ref_axis',(0.,-0.64278760968654,0.766044443118977));
#3754=DIRECTION('',(1.,0.,0.));
#3755=DIRECTION('center_axis',(1.,0.,0.));
#3756=DIRECTION('ref_axis',(0.,-0.64278760968654,0.766044443118977));
#3757=DIRECTION('',(1.,0.,0.));
#3758=DIRECTION('center_axis',(7.87187788734199E-17,0.64278760968654,0.766044443118978));
#3759=DIRECTION('ref_axis',(-1.,0.,0.));
#3760=DIRECTION('center_axis',(0.,-0.64278760968654,0.766044443118978));
#3761=DIRECTION('ref_axis',(1.,0.,0.));
#3762=DIRECTION('center_axis',(0.,0.,-1.));
#3763=DIRECTION('ref_axis',(-1.,0.,0.));
#3764=DIRECTION('center_axis',(0.,0.,1.));
#3765=DIRECTION('ref_axis',(1.,0.,0.));
#3766=DIRECTION('center_axis',(0.,0.,1.));
#3767=DIRECTION('ref_axis',(1.,0.,0.));
#3768=DIRECTION('center_axis',(0.,0.,-1.));
#3769=DIRECTION('ref_axis',(0.707106781186548,-0.707106781186548,0.));
#3770=DIRECTION('',(3.10823593945801E-16,-1.,0.));
#3771=DIRECTION('center_axis',(0.,0.,-1.));
#3772=DIRECTION('ref_axis',(0.707106781186548,0.707106781186548,0.));
#3773=DIRECTION('',(1.,2.3311769545935E-16,0.));
#3774=DIRECTION('center_axis',(0.,0.,-1.));
#3775=DIRECTION('ref_axis',(-0.707106781186548,0.707106781186548,0.));
#3776=DIRECTION('',(-4.66235390918701E-16,1.,0.));
#3777=DIRECTION('center_axis',(0.,0.,-1.));
#3778=DIRECTION('ref_axis',(-0.707106781186548,-0.707106781186548,0.));
#3779=DIRECTION('',(-1.,0.,0.));
#3780=DIRECTION('center_axis',(0.,0.,-1.));
#3781=DIRECTION('ref_axis',(-1.,0.,0.));
#3782=DIRECTION('center_axis',(0.,0.,1.));
#3783=DIRECTION('ref_axis',(0.,1.,0.));
#3784=DIRECTION('center_axis',(0.,0.,1.));
#3785=DIRECTION('ref_axis',(0.,1.,0.));
#3786=DIRECTION('center_axis',(0.,0.,1.));
#3787=DIRECTION('ref_axis',(0.,1.,0.));
#3788=DIRECTION('center_axis',(0.,0.,-1.));
#3789=DIRECTION('ref_axis',(0.,1.,0.));
#3790=DIRECTION('center_axis',(0.,0.,-1.));
#3791=DIRECTION('ref_axis',(-1.,0.,0.));
#3792=DIRECTION('center_axis',(0.,0.,1.));
#3793=DIRECTION('ref_axis',(-1.,0.,0.));
#3794=DIRECTION('center_axis',(0.,0.,1.));
#3795=DIRECTION('ref_axis',(-1.,0.,0.));
#3796=DIRECTION('center_axis',(0.,0.,1.));
#3797=DIRECTION('ref_axis',(0.707106781186548,-0.707106781186548,0.));
#3798=DIRECTION('',(0.,0.,-1.));
#3799=DIRECTION('center_axis',(0.,0.,1.));
#3800=DIRECTION('ref_axis',(0.707106781186548,-0.707106781186548,0.));
#3801=DIRECTION('',(0.,0.,1.));
#3802=DIRECTION('center_axis',(1.,3.10823593945801E-16,0.));
#3803=DIRECTION('ref_axis',(0.,0.,-1.));
#3804=DIRECTION('',(-3.10823593945801E-16,1.,0.));
#3805=DIRECTION('',(0.,0.,-1.));
#3806=DIRECTION('center_axis',(0.,0.,1.));
#3807=DIRECTION('ref_axis',(1.,0.,0.));
#3808=DIRECTION('',(1.,0.,0.));
#3809=DIRECTION('center_axis',(0.,0.,1.));
#3810=DIRECTION('ref_axis',(-0.707106781186548,-0.707106781186548,0.));
#3811=DIRECTION('',(4.66235390918701E-16,-1.,0.));
#3812=DIRECTION('center_axis',(0.,0.,1.));
#3813=DIRECTION('ref_axis',(-0.707106781186548,0.707106781186548,0.));
#3814=DIRECTION('',(-1.,-2.3311769545935E-16,0.));
#3815=DIRECTION('center_axis',(0.,0.,1.));
#3816=DIRECTION('ref_axis',(0.707106781186548,0.707106781186548,0.));
#3817=DIRECTION('center_axis',(0.,0.,1.));
#3818=DIRECTION('ref_axis',(-0.707106781186548,-0.707106781186548,0.));
#3819=DIRECTION('',(0.,0.,-1.));
#3820=DIRECTION('',(0.,0.,1.));
#3821=DIRECTION('center_axis',(-1.,-4.66235390918701E-16,0.));
#3822=DIRECTION('ref_axis',(0.,0.,1.));
#3823=DIRECTION('',(0.,0.,1.));
#3824=DIRECTION('center_axis',(0.,0.,1.));
#3825=DIRECTION('ref_axis',(-0.707106781186548,0.707106781186548,0.));
#3826=DIRECTION('',(0.,0.,-1.));
#3827=DIRECTION('center_axis',(0.,0.,1.));
#3828=DIRECTION('ref_axis',(0.707106781186548,0.707106781186548,0.));
#3829=DIRECTION('',(0.,0.,1.));
#3830=DIRECTION('center_axis',(0.,0.,-1.));
#3831=DIRECTION('ref_axis',(1.,0.,0.));
#3832=DIRECTION('center_axis',(0.,0.,-1.));
#3833=DIRECTION('ref_axis',(1.,0.,0.));
#3834=DIRECTION('center_axis',(0.,0.,1.));
#3835=DIRECTION('ref_axis',(1.,0.,0.));
#3836=DIRECTION('center_axis',(-2.3311769545935E-16,1.,0.));
#3837=DIRECTION('ref_axis',(0.,0.,1.));
#3838=DIRECTION('center_axis',(0.,-1.,0.));
#3839=DIRECTION('ref_axis',(0.,0.,-1.));
#3840=DIRECTION('axis',(0.,0.,1.));
#3841=DIRECTION('refdir',(1.,0.,0.));
#3842=DIRECTION('',(0.,0.,1.));
#3843=DIRECTION('',(1.,0.,0.));
#3844=DIRECTION('',(0.,0.,1.));
#3845=DIRECTION('',(1.,0.,0.));
#3846=DIRECTION('',(1.84216419948121E-16,5.39260384428416E-33,-1.));
#3847=DIRECTION('',(-1.,1.49186218934005E-16,-1.84216419948121E-16));
#3848=DIRECTION('',(3.50321773037418E-34,2.96736492054994E-67,-1.));
#3849=DIRECTION('',(-1.,5.72118872610985E-18,-3.50321773037418E-34));
#3850=DIRECTION('',(3.74939945665465E-33,1.22464679914735E-16,-1.));
#3851=DIRECTION('',(-1.,6.12323399573676E-17,3.74939945665461E-33));
#3852=DIRECTION('',(-1.,6.12323399573677E-17,1.3684555315672E-48));
#3853=DIRECTION('',(-1.3684555315672E-48,2.29584502165847E-49,-1.));
#3854=DIRECTION('',(-0.727292818713292,0.686327294989843,-2.54131383530139E-16));
#3855=DIRECTION('',(3.49420999343486E-16,1.97215226305253E-31,-1.));
#3856=DIRECTION('',(-1.82033568485126E-16,1.23259516440783E-32,-1.));
#3857=DIRECTION('',(0.49093654771178,0.8711953317832,-8.93669316797436E-17));
#3858=DIRECTION('',(2.66050991876479E-16,3.69778549322349E-32,1.));
#3859=DIRECTION('',(0.94721051803926,-0.320612280669029,-2.52006297840179E-16));
#3860=DIRECTION('',(3.74939945665464E-33,5.7034066284346E-48,1.));
#3861=DIRECTION('',(-1.,-6.12323399573677E-17,3.74939945665464E-33));
#3862=DIRECTION('',(6.16393490040225E-36,9.82841303954639E-237,1.));
#3863=DIRECTION('',(-1.,-1.31345177641548E-287,6.16393490040225E-36));
#3864=DIRECTION('',(-1.41908428908343E-15,-2.95822839457879E-31,1.));
#3865=DIRECTION('',(0.616242147503049,0.787556738045476,8.74499549792611E-16));
#3866=DIRECTION('',(0.731007995935016,1.93883233336832E-19,0.682368895744136));
#3867=DIRECTION('',(-2.65227240214849E-19,1.,-1.20370621524202E-34));
#3868=DIRECTION('',(8.60422844084501E-16,3.71057351511438E-15,1.));
#3869=DIRECTION('',(1.,-4.53803661315532E-15,-8.60422844084484E-16));
#3870=CARTESIAN_POINT('',(0.,0.,0.));
#3871=CARTESIAN_POINT('Origin',(0.,0.,0.454));
#3872=CARTESIAN_POINT('',(0.691,8.46230938210821E-17,0.291));
#3873=CARTESIAN_POINT('Origin',(0.,0.,0.291));
#3874=CARTESIAN_POINT('',(0.691,8.46230938210821E-17,0.454));
#3875=CARTESIAN_POINT('Origin',(0.,0.,0.454));
#3876=CARTESIAN_POINT('Origin',(0.,0.,0.456702710617301));
#3877=CARTESIAN_POINT('',(0.,0.951,0.456702710617301));
#3878=CARTESIAN_POINT('Origin',(0.,0.,0.456702710617301));
#3879=CARTESIAN_POINT('',(2.26346342919119E-16,0.924159597133487,0.437908858201582));
#3880=CARTESIAN_POINT('Origin',(1.1317317145956E-16,0.,0.437908858201582));
#3881=CARTESIAN_POINT('Origin',(0.,0.,0.464069875241229));
#3882=CARTESIAN_POINT('',(0.950526696100641,-0.0300000000000001,0.5));
#3883=CARTESIAN_POINT('',(0.950526696100641,-0.0300000000000001,0.461053519485016));
#3884=CARTESIAN_POINT('',(0.950526696100641,-0.0300000000000001,0.464069875241229));
#3885=CARTESIAN_POINT('',(0.950526696100641,0.0299999999999999,0.461053519485016));
#3886=CARTESIAN_POINT('Origin',(0.0264518563919735,-5.81337253051755E-15,
0.617377659255217));
#3887=CARTESIAN_POINT('',(0.950526696100641,0.0299999999999999,0.5));
#3888=CARTESIAN_POINT('',(0.950526696100641,0.0299999999999999,0.464069875241229));
#3889=CARTESIAN_POINT('',(-0.950526696100641,0.03,0.5));
#3890=CARTESIAN_POINT('Origin',(0.,0.,0.5));
#3891=CARTESIAN_POINT('',(-0.950526696100641,0.03,0.461053519485016));
#3892=CARTESIAN_POINT('',(-0.950526696100641,0.03,0.464069875241229));
#3893=CARTESIAN_POINT('',(-0.950526696100641,-0.03,0.461053519485016));
#3894=CARTESIAN_POINT('Origin',(-0.0264518563919736,-1.35991393124607E-14,
0.617377659255217));
#3895=CARTESIAN_POINT('',(-0.950526696100641,-0.03,0.5));
#3896=CARTESIAN_POINT('',(-0.950526696100641,-0.03,0.464069875241229));
#3897=CARTESIAN_POINT('Origin',(0.,0.,0.5));
#3898=CARTESIAN_POINT('Origin',(0.,0.,0.451069875241229));
#3899=CARTESIAN_POINT('',(0.,0.825,0.474));
#3900=CARTESIAN_POINT('Origin',(0.,0.,0.474));
#3901=CARTESIAN_POINT('Origin',(1.20096093451931,-1.47075296436009E-16,
1.94));
#3902=CARTESIAN_POINT('',(1.20096093451931,-0.0300000000000001,0.44));
#3903=CARTESIAN_POINT('Origin',(1.20096093451931,-0.0300000000000001,1.94));
#3904=CARTESIAN_POINT('',(1.20096093451931,0.0299999999999999,0.44));
#3905=CARTESIAN_POINT('',(1.20096093451931,-1.47075296436009E-16,0.44));
#3906=CARTESIAN_POINT('Origin',(1.20096093451931,0.0299999999999999,1.94));
#3907=CARTESIAN_POINT('Origin',(1.15973133041887,0.0299999999999999,0.472515271331514));
#3908=CARTESIAN_POINT('',(1.36467028985026,0.0299999999999998,0.44));
#3909=CARTESIAN_POINT('',(1.20096093451931,0.0299999999999999,0.44));
#3910=CARTESIAN_POINT('',(1.36467028985026,0.0299999999999998,0.48));
#3911=CARTESIAN_POINT('',(1.36467028985026,0.0299999999999998,0.));
#3912=CARTESIAN_POINT('',(1.34466538588602,0.0299999999999998,0.5));
#3913=CARTESIAN_POINT('',(1.35466783786814,0.0299999999999998,0.49));
#3914=CARTESIAN_POINT('',(0.579865665209434,0.0299999999999999,0.5));
#3915=CARTESIAN_POINT('Origin',(1.15973133041887,-0.0300000000000001,0.472515271331514));
#3916=CARTESIAN_POINT('',(1.34466538588602,-0.0300000000000002,0.5));
#3917=CARTESIAN_POINT('',(0.579865665209434,-0.0300000000000001,0.5));
#3918=CARTESIAN_POINT('',(1.36467028985026,-0.0300000000000002,0.48));
#3919=CARTESIAN_POINT('',(1.35466783786814,-0.0300000000000002,0.49));
#3920=CARTESIAN_POINT('',(1.36467028985026,-0.0300000000000002,0.44));
#3921=CARTESIAN_POINT('',(1.36467028985026,-0.0300000000000002,0.));
#3922=CARTESIAN_POINT('',(1.20096093451931,-0.0300000000000001,0.44));
#3923=CARTESIAN_POINT('Origin',(1.20096093451931,-1.47075296436009E-16,
0.44));
#3924=CARTESIAN_POINT('Origin',(0.,0.,0.44));
#3925=CARTESIAN_POINT('Origin',(0.,0.,0.5));
#3926=CARTESIAN_POINT('',(-1.34466538588602,0.03,0.5));
#3927=CARTESIAN_POINT('Origin',(0.,0.,0.5));
#3928=CARTESIAN_POINT('',(-0.579865665209434,0.03,0.5));
#3929=CARTESIAN_POINT('',(0.1325,1.156,0.5));
#3930=CARTESIAN_POINT('Origin',(0.,1.156,0.5));
#3931=CARTESIAN_POINT('',(-0.934875366774811,0.692748366001438,0.5));
#3932=CARTESIAN_POINT('Origin',(-1.00112536677481,0.578,0.5));
#3933=CARTESIAN_POINT('',(1.06737536677481,0.463251633998561,0.5));
#3934=CARTESIAN_POINT('Origin',(1.00112536677481,0.577999999999999,0.5));
#3935=CARTESIAN_POINT('Origin',(0.,0.,0.49));
#3936=CARTESIAN_POINT('',(-1.36467028985026,0.03,0.48));
#3937=CARTESIAN_POINT('Origin',(0.,0.,0.48));
#3938=CARTESIAN_POINT('',(-1.35466783786814,0.03,0.49));
#3939=CARTESIAN_POINT('Origin',(-1.20096093451931,0.,1.94));
#3940=CARTESIAN_POINT('',(-1.20096093451931,0.03,0.44));
#3941=CARTESIAN_POINT('Origin',(-1.20096093451931,0.03,1.94));
#3942=CARTESIAN_POINT('',(-1.20096093451931,-0.03,0.44));
#3943=CARTESIAN_POINT('',(-1.20096093451931,0.,0.44));
#3944=CARTESIAN_POINT('Origin',(-1.20096093451931,-0.03,1.94));
#3945=CARTESIAN_POINT('Origin',(-1.15973133041887,-0.03,0.472515271331514));
#3946=CARTESIAN_POINT('',(-1.36467028985026,-0.03,0.44));
#3947=CARTESIAN_POINT('',(-1.20096093451931,-0.03,0.44));
#3948=CARTESIAN_POINT('',(-1.36467028985026,-0.03,0.48));
#3949=CARTESIAN_POINT('',(-1.36467028985026,-0.03,0.));
#3950=CARTESIAN_POINT('',(-1.34466538588602,-0.03,0.5));
#3951=CARTESIAN_POINT('',(-1.35466783786814,-0.03,0.49));
#3952=CARTESIAN_POINT('',(-0.579865665209434,-0.03,0.5));
#3953=CARTESIAN_POINT('Origin',(-1.15973133041887,0.03,0.472515271331514));
#3954=CARTESIAN_POINT('',(-1.36467028985026,0.03,0.44));
#3955=CARTESIAN_POINT('',(-1.36467028985026,0.03,0.));
#3956=CARTESIAN_POINT('',(-1.20096093451931,0.03,0.44));
#3957=CARTESIAN_POINT('Origin',(-1.20096093451931,0.,0.44));
#3958=CARTESIAN_POINT('Origin',(0.,0.,0.44));
#3959=CARTESIAN_POINT('Origin',(0.,0.,0.01));
#3960=CARTESIAN_POINT('',(1.365,-1.67158767296754E-16,0.02));
#3961=CARTESIAN_POINT('Origin',(0.,0.,0.02));
#3962=CARTESIAN_POINT('',(1.345,1.6470955458911E-16,0.));
#3963=CARTESIAN_POINT('Origin',(0.,0.,0.));
#3964=CARTESIAN_POINT('Origin',(0.,0.,0.));
#3965=CARTESIAN_POINT('',(1.365,-1.67158767296754E-16,0.221715728752538));
#3966=CARTESIAN_POINT('Origin',(0.,0.,0.221715728752538));
#3967=CARTESIAN_POINT('Origin',(0.,0.,0.));
#3968=CARTESIAN_POINT('',(-0.75,0.,0.));
#3969=CARTESIAN_POINT('Origin',(0.,0.,0.));
#3970=CARTESIAN_POINT('',(-0.1325,1.156,0.));
#3971=CARTESIAN_POINT('Origin',(0.,1.156,0.));
#3972=CARTESIAN_POINT('',(-1.06737536677481,0.463251633998562,0.));
#3973=CARTESIAN_POINT('Origin',(-1.00112536677481,0.578,0.));
#3974=CARTESIAN_POINT('',(-0.934875366774811,-0.692748366001438,0.));
#3975=CARTESIAN_POINT('Origin',(-1.00112536677481,-0.578,0.));
#3976=CARTESIAN_POINT('',(0.1325,-1.156,0.));
#3977=CARTESIAN_POINT('Origin',(-1.74838271594513E-16,-1.156,0.));
#3978=CARTESIAN_POINT('',(1.06737536677481,-0.463251633998562,0.));
#3979=CARTESIAN_POINT('Origin',(1.00112536677481,-0.578,0.));
#3980=CARTESIAN_POINT('',(0.934875366774812,0.692748366001437,0.));
#3981=CARTESIAN_POINT('Origin',(1.00112536677481,0.577999999999999,0.));
#3982=CARTESIAN_POINT('Origin',(0.,0.,0.49));
#3983=CARTESIAN_POINT('Origin',(0.,0.,0.5));
#3984=CARTESIAN_POINT('Origin',(0.,0.,0.48));
#3985=CARTESIAN_POINT('Origin',(0.,0.,0.));
#3986=CARTESIAN_POINT('',(1.365,1.67158767296754E-16,0.278284271247462));
#3987=CARTESIAN_POINT('Origin',(0.,0.,0.278284271247462));
#3988=CARTESIAN_POINT('Origin',(0.,0.,0.5));
#3989=CARTESIAN_POINT('',(-1.06737536677481,-0.463251633998562,0.5));
#3990=CARTESIAN_POINT('Origin',(-1.00112536677481,-0.578,0.5));
#3991=CARTESIAN_POINT('',(-0.1325,-1.156,0.5));
#3992=CARTESIAN_POINT('Origin',(-1.74838271594513E-16,-1.156,0.5));
#3993=CARTESIAN_POINT('',(0.934875366774811,-0.692748366001438,0.5));
#3994=CARTESIAN_POINT('Origin',(1.00112536677481,-0.578,0.5));
#3995=CARTESIAN_POINT('Origin',(0.,0.,0.25));
#3996=CARTESIAN_POINT('Origin',(1.00112536677481,0.577999999999999,-3.39304508065345));
#3997=CARTESIAN_POINT('Origin',(1.00112536677481,-0.578,-3.39304508065345));
#3998=CARTESIAN_POINT('Origin',(-1.74838271594513E-16,-1.156,-3.39304508065345));
#3999=CARTESIAN_POINT('Origin',(-1.00112536677481,-0.578,-3.39304508065345));
#4000=CARTESIAN_POINT('Origin',(-1.00112536677481,0.578,-3.39304508065345));
#4001=CARTESIAN_POINT('Origin',(0.,1.156,-3.39304508065345));
#4002=CARTESIAN_POINT('Origin',(0.,0.4125,0.454));
#4003=CARTESIAN_POINT('',(0.,0.825,0.454));
#4004=CARTESIAN_POINT('Origin',(0.,0.,0.454));
#4005=CARTESIAN_POINT('Origin',(0.,0.,0.464));
#4006=CARTESIAN_POINT('Origin',(0.,0.,0.291));
#4007=CARTESIAN_POINT('',(-0.75,0.,0.291));
#4008=CARTESIAN_POINT('Origin',(0.,0.,0.291));
#4009=CARTESIAN_POINT('Origin',(0.,0.,0.1455));
#4010=CARTESIAN_POINT('',(0.,0.,0.));
#4011=CARTESIAN_POINT('',(0.,0.,0.));
#4012=CARTESIAN_POINT('',(0.,0.,0.));
#4013=CARTESIAN_POINT('Origin',(0.,0.,0.03));
#4014=CARTESIAN_POINT('',(0.745,-9.12361865364778E-17,0.06));
#4015=CARTESIAN_POINT('Origin',(0.,0.,0.06));
#4016=CARTESIAN_POINT('',(0.685,8.38883057415937E-17,0.));
#4017=CARTESIAN_POINT('Origin',(0.,0.,0.));
#4018=CARTESIAN_POINT('Origin',(0.,0.,0.));
#4019=CARTESIAN_POINT('',(0.745,9.12361865364778E-17,2.335));
#4020=CARTESIAN_POINT('Origin',(0.,0.,2.335));
#4021=CARTESIAN_POINT('',(6.46514424362459E-48,0.745,1.08796880059499));
#4022=CARTESIAN_POINT('Ctrl Pts',(-0.17140662912858,0.725013632624089,1.26));
#4023=CARTESIAN_POINT('Ctrl Pts',(-0.17140662912858,0.725013632624089,1.2383990080538));
#4024=CARTESIAN_POINT('Ctrl Pts',(-0.167106829957254,0.726071378320465,
1.21540091323484));
#4025=CARTESIAN_POINT('Ctrl Pts',(-0.149699758369495,0.729859109578176,
1.17314175396331));
#4026=CARTESIAN_POINT('Ctrl Pts',(-0.136595958718053,0.73253057888486,1.1538740347548));
#4027=CARTESIAN_POINT('Ctrl Pts',(-0.106317290928979,0.737535119318473,
1.12334248058599));
#4028=CARTESIAN_POINT('Ctrl Pts',(-0.0870700094448296,0.740199228725282,
1.11004091023998));
#4029=CARTESIAN_POINT('Ctrl Pts',(-0.0447590805113643,0.743957464835517,
1.0923517763554));
#4030=CARTESIAN_POINT('Ctrl Pts',(-0.0216889485480481,0.745,1.08796880059499));
#4031=CARTESIAN_POINT('Ctrl Pts',(0.0216889485480481,0.745,1.08796880059499));
#4032=CARTESIAN_POINT('Ctrl Pts',(0.0447590805113643,0.743957464835517,
1.0923517763554));
#4033=CARTESIAN_POINT('Ctrl Pts',(0.0870700094448296,0.740199228725282,
1.11004091023998));
#4034=CARTESIAN_POINT('Ctrl Pts',(0.106317290928979,0.737535119318473,1.12334248058599));
#4035=CARTESIAN_POINT('Ctrl Pts',(0.136595958718053,0.73253057888486,1.1538740347548));
#4036=CARTESIAN_POINT('Ctrl Pts',(0.149699758369495,0.729859109578176,1.17314175396331));
#4037=CARTESIAN_POINT('Ctrl Pts',(0.167106829957254,0.726071378320465,1.21540091323484));
#4038=CARTESIAN_POINT('Ctrl Pts',(0.17140662912858,0.725013632624089,1.2383990080538));
#4039=CARTESIAN_POINT('Ctrl Pts',(0.17140662912858,0.725013632624089,1.2816009919462));
#4040=CARTESIAN_POINT('Ctrl Pts',(0.167106829957254,0.726071378320465,1.30459908676516));
#4041=CARTESIAN_POINT('Ctrl Pts',(0.149699758369495,0.729859109578176,1.34685824603669));
#4042=CARTESIAN_POINT('Ctrl Pts',(0.136595958718053,0.73253057888486,1.3661259652452));
#4043=CARTESIAN_POINT('Ctrl Pts',(0.106317290928979,0.737535119318473,1.39665751941401));
#4044=CARTESIAN_POINT('Ctrl Pts',(0.0870700094448297,0.740199228725282,
1.40995908976002));
#4045=CARTESIAN_POINT('Ctrl Pts',(0.0447590805113644,0.743957464835517,
1.4276482236446));
#4046=CARTESIAN_POINT('Ctrl Pts',(0.0216889485480481,0.745,1.43203119940501));
#4047=CARTESIAN_POINT('Ctrl Pts',(-0.0216889485480481,0.745,1.43203119940501));
#4048=CARTESIAN_POINT('Ctrl Pts',(-0.0447590805113643,0.743957464835517,
1.4276482236446));
#4049=CARTESIAN_POINT('Ctrl Pts',(-0.0870700094448297,0.740199228725282,
1.40995908976002));
#4050=CARTESIAN_POINT('Ctrl Pts',(-0.106317290928979,0.737535119318473,
1.39665751941401));
#4051=CARTESIAN_POINT('Ctrl Pts',(-0.136595958718053,0.73253057888486,1.3661259652452));
#4052=CARTESIAN_POINT('Ctrl Pts',(-0.149699758369495,0.729859109578176,
1.34685824603669));
#4053=CARTESIAN_POINT('Ctrl Pts',(-0.167106829957254,0.726071378320465,
1.30459908676516));
#4054=CARTESIAN_POINT('Ctrl Pts',(-0.17140662912858,0.725013632624089,1.2816009919462));
#4055=CARTESIAN_POINT('Ctrl Pts',(-0.17140662912858,0.725013632624089,1.26));
#4056=CARTESIAN_POINT('Origin',(-3.84012102626886E-17,-1.53990973589911E-17,
0.));
#4057=CARTESIAN_POINT('',(-0.473,0.,0.));
#4058=CARTESIAN_POINT('Origin',(0.,0.,0.));
#4059=CARTESIAN_POINT('Origin',(-9.70547373549473E-33,0.5575,1.26));
#4060=CARTESIAN_POINT('',(-0.0533010318849433,0.472,1.11285636269277));
#4061=CARTESIAN_POINT('',(-0.0533010318849433,0.472,1.40714363730723));
#4062=CARTESIAN_POINT('Ctrl Pts',(-0.0533010318849418,0.472,1.11285636269277));
#4063=CARTESIAN_POINT('Ctrl Pts',(-0.0555856665721202,0.471742005537486,
1.11368394442539));
#4064=CARTESIAN_POINT('Ctrl Pts',(-0.0578514815419649,0.471469319023489,
1.11456493866613));
#4065=CARTESIAN_POINT('Ctrl Pts',(-0.0793531499937544,0.46872700863872,
1.12350687997956));
#4066=CARTESIAN_POINT('Ctrl Pts',(-0.0968531914307935,0.465237672872475,
1.1355287689194));
#4067=CARTESIAN_POINT('Ctrl Pts',(-0.124477331058393,0.458619891827846,
1.163152908547));
#4068=CARTESIAN_POINT('Ctrl Pts',(-0.136494520492668,0.455043846099036,
1.18065051437498));
#4069=CARTESIAN_POINT('Ctrl Pts',(-0.152509335423007,0.449929507799249,
1.21915892332548));
#4070=CARTESIAN_POINT('Ctrl Pts',(-0.1565,0.448478260342684,1.24018413103674));
#4071=CARTESIAN_POINT('Ctrl Pts',(-0.1565,0.448478260342684,1.26));
#4072=CARTESIAN_POINT('Ctrl Pts',(-0.1565,0.448478260342684,1.27981586896326));
#4073=CARTESIAN_POINT('Ctrl Pts',(-0.152509335423007,0.449929507799249,
1.30084107667452));
#4074=CARTESIAN_POINT('Ctrl Pts',(-0.136494520492668,0.455043846099036,
1.33934948562502));
#4075=CARTESIAN_POINT('Ctrl Pts',(-0.124477331058393,0.458619891827846,
1.356847091453));
#4076=CARTESIAN_POINT('Ctrl Pts',(-0.0968531914307935,0.465237672872475,
1.3844712310806));
#4077=CARTESIAN_POINT('Ctrl Pts',(-0.0793531499937544,0.46872700863872,
1.39649312002044));
#4078=CARTESIAN_POINT('Ctrl Pts',(-0.0578514815419649,0.471469319023489,
1.40543506133387));
#4079=CARTESIAN_POINT('Ctrl Pts',(-0.0555856665721202,0.471742005537486,
1.40631605557461));
#4080=CARTESIAN_POINT('Ctrl Pts',(-0.0533010318849418,0.472,1.40714363730723));
#4081=CARTESIAN_POINT('Origin',(-9.70547373549473E-33,0.472,1.26));
#4082=CARTESIAN_POINT('Origin',(-9.70547373549473E-33,0.472,1.26));
#4083=CARTESIAN_POINT('',(-0.0533010318849433,0.472,1.10543205377569));
#4084=CARTESIAN_POINT('',(-0.0533010318849433,0.472,1.2625));
#4085=CARTESIAN_POINT('',(-0.0533010318849433,0.472,1.41456794622431));
#4086=CARTESIAN_POINT('Origin',(-9.70547373549473E-33,0.472,1.26));
#4087=CARTESIAN_POINT('',(-0.0533010318849433,0.472,1.2625));
#4088=CARTESIAN_POINT('Origin',(-9.70547373549473E-33,0.6085,1.26));
#4089=CARTESIAN_POINT('',(0.0533010318849433,0.472,1.10543205377569));
#4090=CARTESIAN_POINT('Ctrl Pts',(0.0533010318849424,0.472,1.10543205377569));
#4091=CARTESIAN_POINT('Ctrl Pts',(0.0359165053265795,0.473963163568627,
1.09937230007744));
#4092=CARTESIAN_POINT('Ctrl Pts',(0.0175028664618873,0.475,1.09640625055599));
#4093=CARTESIAN_POINT('Ctrl Pts',(-0.0175028664618873,0.475,1.09640625055599));
#4094=CARTESIAN_POINT('Ctrl Pts',(-0.0359165053265794,0.473963163568627,
1.09937230007744));
#4095=CARTESIAN_POINT('Ctrl Pts',(-0.0533010318849424,0.472,1.10543205377569));
#4096=CARTESIAN_POINT('',(0.0533010318849433,0.472,1.41456794622431));
#4097=CARTESIAN_POINT('Origin',(-9.70547373549473E-33,0.472,1.26));
#4098=CARTESIAN_POINT('Ctrl Pts',(-0.0533010318849423,0.472,1.41456794622431));
#4099=CARTESIAN_POINT('Ctrl Pts',(-0.0359165053265795,0.473963163568627,
1.42062769992256));
#4100=CARTESIAN_POINT('Ctrl Pts',(-0.0175028664618873,0.475,1.42359374944401));
#4101=CARTESIAN_POINT('Ctrl Pts',(0.0175028664618873,0.475,1.42359374944401));
#4102=CARTESIAN_POINT('Ctrl Pts',(0.0359165053265795,0.473963163568627,
1.42062769992256));
#4103=CARTESIAN_POINT('Ctrl Pts',(0.0533010318849424,0.472,1.41456794622431));
#4104=CARTESIAN_POINT('Origin',(-9.70547373549473E-33,0.5575,1.26));
#4105=CARTESIAN_POINT('',(0.0533010318849433,0.472,1.40714363730723));
#4106=CARTESIAN_POINT('',(0.0533010318849433,0.472,1.11285636269277));
#4107=CARTESIAN_POINT('Ctrl Pts',(0.0533010318849418,0.472,1.40714363730723));
#4108=CARTESIAN_POINT('Ctrl Pts',(0.0555856665721202,0.471742005537486,
1.40631605557461));
#4109=CARTESIAN_POINT('Ctrl Pts',(0.0578514815419649,0.471469319023489,
1.40543506133387));
#4110=CARTESIAN_POINT('Ctrl Pts',(0.0793531499937544,0.46872700863872,1.39649312002044));
#4111=CARTESIAN_POINT('Ctrl Pts',(0.0968531914307935,0.465237672872475,
1.3844712310806));
#4112=CARTESIAN_POINT('Ctrl Pts',(0.124477331058393,0.458619891827846,1.356847091453));
#4113=CARTESIAN_POINT('Ctrl Pts',(0.136494520492667,0.455043846099036,1.33934948562503));
#4114=CARTESIAN_POINT('Ctrl Pts',(0.152509335423007,0.449929507799249,1.30084107667452));
#4115=CARTESIAN_POINT('Ctrl Pts',(0.1565,0.448478260342684,1.27981586896326));
#4116=CARTESIAN_POINT('Ctrl Pts',(0.1565,0.448478260342684,1.24018413103674));
#4117=CARTESIAN_POINT('Ctrl Pts',(0.152509335423007,0.449929507799249,1.21915892332548));
#4118=CARTESIAN_POINT('Ctrl Pts',(0.136494520492668,0.455043846099036,1.18065051437498));
#4119=CARTESIAN_POINT('Ctrl Pts',(0.124477331058393,0.458619891827846,1.163152908547));
#4120=CARTESIAN_POINT('Ctrl Pts',(0.0968531914307936,0.465237672872475,
1.1355287689194));
#4121=CARTESIAN_POINT('Ctrl Pts',(0.0793531499937544,0.46872700863872,1.12350687997956));
#4122=CARTESIAN_POINT('Ctrl Pts',(0.0578514815419649,0.471469319023489,
1.11456493866613));
#4123=CARTESIAN_POINT('Ctrl Pts',(0.0555856665721202,0.471742005537486,
1.11368394442539));
#4124=CARTESIAN_POINT('Ctrl Pts',(0.0533010318849418,0.472,1.11285636269277));
#4125=CARTESIAN_POINT('Origin',(-9.70547373549473E-33,0.472,1.26));
#4126=CARTESIAN_POINT('Origin',(-9.70547373549473E-33,0.472,1.26));
#4127=CARTESIAN_POINT('',(0.0533010318849433,0.472,1.2625));
#4128=CARTESIAN_POINT('',(0.0533010318849433,0.472,1.2625));
#4129=CARTESIAN_POINT('Origin',(0.,0.,2.5));
#4130=CARTESIAN_POINT('',(0.66,-8.08266887437253E-17,2.5));
#4131=CARTESIAN_POINT('Origin',(0.,0.,2.5));
#4132=CARTESIAN_POINT('',(0.6,7.34788079488412E-17,2.5));
#4133=CARTESIAN_POINT('Origin',(0.,0.,2.5));
#4134=CARTESIAN_POINT('Origin',(-3.84012102626886E-17,-1.53990973589911E-17,
2.5));
#4135=CARTESIAN_POINT('',(0.1285,0.,2.5));
#4136=CARTESIAN_POINT('Origin',(0.,0.,2.5));
#4137=CARTESIAN_POINT('Origin',(0.,0.,1.665));
#4138=CARTESIAN_POINT('',(-0.4675,5.72522378601388E-17,1.65));
#4139=CARTESIAN_POINT('Origin',(0.,0.,1.65));
#4140=CARTESIAN_POINT('',(-0.4375,-5.35782974626967E-17,1.68));
#4141=CARTESIAN_POINT('Origin',(0.,0.,1.68));
#4142=CARTESIAN_POINT('Origin',(0.,0.4375,1.65));
#4143=CARTESIAN_POINT('',(0.,0.475,1.65));
#4144=CARTESIAN_POINT('Origin',(0.,0.,1.65));
#4145=CARTESIAN_POINT('Origin',(0.,0.,0.));
#4146=CARTESIAN_POINT('',(-0.4375,5.35782974626967E-17,2.15));
#4147=CARTESIAN_POINT('Origin',(0.,0.,2.15));
#4148=CARTESIAN_POINT('Origin',(0.,0.,0.86));
#4149=CARTESIAN_POINT('',(-0.4675,-5.72522378601388E-17,0.875));
#4150=CARTESIAN_POINT('Origin',(0.,0.,0.875));
#4151=CARTESIAN_POINT('',(-0.4375,5.35782974626967E-17,0.845));
#4152=CARTESIAN_POINT('Origin',(0.,0.,0.845));
#4153=CARTESIAN_POINT('Origin',(0.,0.,0.));
#4154=CARTESIAN_POINT('',(-0.4375,-5.35782974626967E-17,0.405));
#4155=CARTESIAN_POINT('Origin',(0.,0.,0.405));
#4156=CARTESIAN_POINT('Origin',(0.,0.475,0.875));
#4157=CARTESIAN_POINT('',(0.,0.475,0.875));
#4158=CARTESIAN_POINT('Origin',(0.,0.,0.875));
#4159=CARTESIAN_POINT('Origin',(0.,0.,0.39));
#4160=CARTESIAN_POINT('',(-0.4675,5.72522378601388E-17,0.375));
#4161=CARTESIAN_POINT('Origin',(0.,0.,0.375));
#4162=CARTESIAN_POINT('Origin',(0.,0.,0.375));
#4163=CARTESIAN_POINT('',(0.,0.505,0.375));
#4164=CARTESIAN_POINT('Origin',(0.,0.,0.375));
#4165=CARTESIAN_POINT('Origin',(0.,0.505,0.315));
#4166=CARTESIAN_POINT('',(0.,0.505,0.315));
#4167=CARTESIAN_POINT('Origin',(0.,0.,0.315));
#4168=CARTESIAN_POINT('',(0.,0.473,0.315));
#4169=CARTESIAN_POINT('Origin',(0.,0.,0.315));
#4170=CARTESIAN_POINT('Origin',(0.,0.,0.345));
#4171=CARTESIAN_POINT('Origin',(0.,0.,1.2625));
#4172=CARTESIAN_POINT('Origin',(0.,0.,-0.76958712989882));
#4173=CARTESIAN_POINT('',(-0.1285,-1.57367113690435E-17,2.29811214259029));
#4174=CARTESIAN_POINT('Origin',(0.,0.,2.29811214259029));
#4175=CARTESIAN_POINT('Origin',(3.06873210532019E-17,0.,2.15));
#4176=CARTESIAN_POINT('',(-0.375,0.,2.15));
#4177=CARTESIAN_POINT('Origin',(0.,0.,2.15));
#4178=CARTESIAN_POINT('Origin',(0.,0.,2.26266136606767));
#4179=CARTESIAN_POINT('Origin',(0.,0.,0.1875));
#4180=CARTESIAN_POINT('Origin',(0.,0.,2.5));
#4181=CARTESIAN_POINT('',(0.69,8.45006291411674E-17,2.335));
#4182=CARTESIAN_POINT('Origin',(0.,0.,2.335));
#4183=CARTESIAN_POINT('',(0.69,8.45006291411674E-17,2.5));
#4184=CARTESIAN_POINT('Origin',(0.,0.,2.5));
#4185=CARTESIAN_POINT('Origin',(-3.84012102626886E-17,-1.53990973589911E-17,
2.335));
#4186=CARTESIAN_POINT('Origin',(-3.84012102626886E-17,-1.53990973589911E-17,
2.5));
#4187=CARTESIAN_POINT('',(0.,0.,0.));
#4188=CARTESIAN_POINT('Origin',(0.,0.,0.01));
#4189=CARTESIAN_POINT('',(0.43,-5.26598123633362E-17,0.02));
#4190=CARTESIAN_POINT('Origin',(0.,0.,0.02));
#4191=CARTESIAN_POINT('',(0.41,5.02105187650415E-17,0.));
#4192=CARTESIAN_POINT('Origin',(0.,0.,0.));
#4193=CARTESIAN_POINT('Origin',(0.,0.,0.));
#4194=CARTESIAN_POINT('',(0.43,5.26598123633362E-17,0.15));
#4195=CARTESIAN_POINT('Origin',(0.,0.,0.15));
#4196=CARTESIAN_POINT('Origin',(-1.77282334323497E-17,6.66995786770253E-18,
0.));
#4197=CARTESIAN_POINT('',(0.126,1.54305496692566E-17,0.));
#4198=CARTESIAN_POINT('Origin',(0.,0.,0.));
#4199=CARTESIAN_POINT('Origin',(0.,0.,0.275));
#4200=CARTESIAN_POINT('',(0.25,3.06161699786838E-17,0.15));
#4201=CARTESIAN_POINT('Origin',(0.,0.,0.15));
#4202=CARTESIAN_POINT('',(0.25,3.06161699786838E-17,0.275));
#4203=CARTESIAN_POINT('Origin',(0.,0.,0.275));
#4204=CARTESIAN_POINT('Origin',(-1.4023675030672E-17,-5.73616376622417E-18,
0.15));
#4205=CARTESIAN_POINT('',(0.126,1.54305496692566E-17,0.15));
#4206=CARTESIAN_POINT('Origin',(0.,0.,0.15));
#4207=CARTESIAN_POINT('Origin',(0.,0.,0.275));
#4208=CARTESIAN_POINT('Origin',(0.,0.,0.275));
#4209=CARTESIAN_POINT('',(0.3125,3.82702124733548E-17,0.15));
#4210=CARTESIAN_POINT('Origin',(0.,0.,0.15));
#4211=CARTESIAN_POINT('',(0.3125,3.82702124733548E-17,0.275));
#4212=CARTESIAN_POINT('Origin',(0.,0.,0.275));
#4213=CARTESIAN_POINT('Origin',(-1.77282334323497E-17,6.66995786770253E-18,
0.15));
#4214=CARTESIAN_POINT('Origin',(-1.77282334323497E-17,6.66995786770253E-18,
0.275));
#4215=CARTESIAN_POINT('',(0.,0.,0.));
#4216=CARTESIAN_POINT('Origin',(0.,0.,1.05559428912673E-16));
#4217=CARTESIAN_POINT('Origin',(0.1865,0.,1.05559428912673E-16));
#4218=CARTESIAN_POINT('Origin',(0.,0.,1.05559428912673E-16));
#4219=CARTESIAN_POINT('',(0.256,0.,1.05559428912673E-16));
#4220=CARTESIAN_POINT('',(0.,0.,0.));
#4221=CARTESIAN_POINT('Origin',(0.,0.,0.));
#4222=CARTESIAN_POINT('Origin',(0.,0.,-0.374));
#4223=CARTESIAN_POINT('Origin',(0.,0.,0.));
#4224=CARTESIAN_POINT('',(0.,0.,-0.4435));
#4225=CARTESIAN_POINT('',(0.,0.,0.));
#4226=CARTESIAN_POINT('Origin',(0.,0.,0.00499999999999997));
#4227=CARTESIAN_POINT('',(-0.126,-1.54305496692566E-17,0.00999999999999995));
#4228=CARTESIAN_POINT('Origin',(0.,0.,0.00999999999999995));
#4229=CARTESIAN_POINT('',(-0.136,1.6655196468404E-17,0.));
#4230=CARTESIAN_POINT('Origin',(0.,0.,0.));
#4231=CARTESIAN_POINT('Origin',(-1.77282334323497E-17,6.66995786770253E-18,
0.));
#4232=CARTESIAN_POINT('',(0.42,5.14351655641888E-17,0.));
#4233=CARTESIAN_POINT('Origin',(0.,0.,0.));
#4234=CARTESIAN_POINT('Origin',(0.,0.,-0.952677133183168));
#4235=CARTESIAN_POINT('',(0.126,-1.54305496692566E-17,0.29));
#4236=CARTESIAN_POINT('Origin',(0.,0.,0.29));
#4237=CARTESIAN_POINT('Origin',(0.,0.,0.005));
#4238=CARTESIAN_POINT('',(0.43,-5.26598123633362E-17,0.01));
#4239=CARTESIAN_POINT('Origin',(0.,0.,0.01));
#4240=CARTESIAN_POINT('Origin',(0.,0.,0.));
#4241=CARTESIAN_POINT('',(0.43,5.26598123633362E-17,0.14));
#4242=CARTESIAN_POINT('Origin',(0.,0.,0.14));
#4243=CARTESIAN_POINT('Origin',(0.,0.,0.145));
#4244=CARTESIAN_POINT('',(0.42,-5.14351655641888E-17,0.15));
#4245=CARTESIAN_POINT('Origin',(0.,0.,0.15));
#4246=CARTESIAN_POINT('Origin',(-1.77282334323497E-17,6.66995786770253E-18,
0.15));
#4247=CARTESIAN_POINT('',(0.3075,3.76578890737811E-17,0.15));
#4248=CARTESIAN_POINT('Origin',(0.,0.,0.15));
#4249=CARTESIAN_POINT('Origin',(0.,0.,0.295));
#4250=CARTESIAN_POINT('',(0.3075,3.76578890737811E-17,0.29));
#4251=CARTESIAN_POINT('Origin',(0.,0.,0.29));
#4252=CARTESIAN_POINT('',(0.2975,-3.64332422746338E-17,0.3));
#4253=CARTESIAN_POINT('Origin',(0.,0.,0.3));
#4254=CARTESIAN_POINT('Origin',(-1.77282334323497E-17,6.66995786770253E-18,
0.3));
#4255=CARTESIAN_POINT('',(0.136,1.6655196468404E-17,0.3));
#4256=CARTESIAN_POINT('Origin',(0.,0.,0.3));
#4257=CARTESIAN_POINT('Origin',(0.,0.,0.3));
#4258=CARTESIAN_POINT('Origin',(0.,0.,0.295));
#4259=CARTESIAN_POINT('',(0.,0.,0.));
#4260=CARTESIAN_POINT('Origin',(0.,0.,0.48));
#4261=CARTESIAN_POINT('',(-0.1875,-0.324759526419165,0.48));
#4262=CARTESIAN_POINT('Ctrl Pts',(-0.1875,-0.324759526419164,0.48));
#4263=CARTESIAN_POINT('Ctrl Pts',(-0.1875,-0.324759526419164,0.504057200055092));
#4264=CARTESIAN_POINT('Ctrl Pts',(-0.182603547089392,-0.327717269241175,
0.529338487736866));
#4265=CARTESIAN_POINT('Ctrl Pts',(-0.163355383075542,-0.337724252336377,
0.575359192407716));
#4266=CARTESIAN_POINT('Ctrl Pts',(-0.149016717774569,-0.344568837665407,
0.596148325170386));
#4267=CARTESIAN_POINT('Ctrl Pts',(-0.116193125588674,-0.356974989388218,
0.628971917356281));
#4268=CARTESIAN_POINT('Ctrl Pts',(-0.0953888921464453,-0.363424657694902,
0.643343452485859));
#4269=CARTESIAN_POINT('Ctrl Pts',(-0.0493022016541604,-0.372485994065748,
0.662618232350461));
#4270=CARTESIAN_POINT('Ctrl Pts',(-0.0239916189578792,-0.375,0.6675));
#4271=CARTESIAN_POINT('Ctrl Pts',(0.0239916189578791,-0.375,0.6675));
#4272=CARTESIAN_POINT('Ctrl Pts',(0.0493022016541603,-0.372485994065748,
0.662618232350461));
#4273=CARTESIAN_POINT('Ctrl Pts',(0.0953888921464452,-0.363424657694902,
0.643343452485859));
#4274=CARTESIAN_POINT('Ctrl Pts',(0.116193125588674,-0.356974989388218,
0.628971917356281));
#4275=CARTESIAN_POINT('Ctrl Pts',(0.149016717774569,-0.344568837665407,
0.596148325170386));
#4276=CARTESIAN_POINT('Ctrl Pts',(0.163355383075542,-0.337724252336377,
0.575359192407716));
#4277=CARTESIAN_POINT('Ctrl Pts',(0.182603547089392,-0.327717269241175,
0.529338487736866));
#4278=CARTESIAN_POINT('Ctrl Pts',(0.1875,-0.324759526419164,0.504057200055092));
#4279=CARTESIAN_POINT('Ctrl Pts',(0.1875,-0.324759526419164,0.455942799944908));
#4280=CARTESIAN_POINT('Ctrl Pts',(0.182603547089392,-0.327717269241175,
0.430661512263134));
#4281=CARTESIAN_POINT('Ctrl Pts',(0.163355383075542,-0.337724252336377,
0.384640807592284));
#4282=CARTESIAN_POINT('Ctrl Pts',(0.149016717774569,-0.344568837665407,
0.363851674829614));
#4283=CARTESIAN_POINT('Ctrl Pts',(0.116193125588674,-0.356974989388218,
0.331028082643719));
#4284=CARTESIAN_POINT('Ctrl Pts',(0.0953888921464453,-0.363424657694902,
0.316656547514141));
#4285=CARTESIAN_POINT('Ctrl Pts',(0.0493022016541604,-0.372485994065748,
0.297381767649539));
#4286=CARTESIAN_POINT('Ctrl Pts',(0.0239916189578792,-0.375,0.2925));
#4287=CARTESIAN_POINT('Ctrl Pts',(-0.0239916189578791,-0.375,0.2925));
#4288=CARTESIAN_POINT('Ctrl Pts',(-0.0493022016541602,-0.372485994065748,
0.297381767649539));
#4289=CARTESIAN_POINT('Ctrl Pts',(-0.0953888921464451,-0.363424657694902,
0.316656547514141));
#4290=CARTESIAN_POINT('Ctrl Pts',(-0.116193125588674,-0.356974989388218,
0.331028082643719));
#4291=CARTESIAN_POINT('Ctrl Pts',(-0.149016717774569,-0.344568837665407,
0.363851674829613));
#4292=CARTESIAN_POINT('Ctrl Pts',(-0.163355383075542,-0.337724252336377,
0.384640807592283));
#4293=CARTESIAN_POINT('Ctrl Pts',(-0.182603547089392,-0.327717269241175,
0.430661512263134));
#4294=CARTESIAN_POINT('Ctrl Pts',(-0.1875,-0.324759526419164,0.455942799944908));
#4295=CARTESIAN_POINT('Ctrl Pts',(-0.1875,-0.324759526419164,0.48));
#4296=CARTESIAN_POINT('',(-0.1875,-0.246867879644153,0.48));
#4297=CARTESIAN_POINT('Ctrl Pts',(-0.1875,-0.246867879644153,0.48));
#4298=CARTESIAN_POINT('Ctrl Pts',(-0.1875,-0.246867879644153,0.455614942785378));
#4299=CARTESIAN_POINT('Ctrl Pts',(-0.182492861347764,-0.250861114883691,
0.430282532053843));
#4300=CARTESIAN_POINT('Ctrl Pts',(-0.163207185754207,-0.263814974938078,
0.384402370885065));
#4301=CARTESIAN_POINT('Ctrl Pts',(-0.148934480341909,-0.272480760828684,
0.363769437396953));
#4302=CARTESIAN_POINT('Ctrl Pts',(-0.11634032347464,-0.287902405589184,
0.331175280529685));
#4303=CARTESIAN_POINT('Ctrl Pts',(-0.0956775499813235,-0.295815050767863,
0.316826392891447));
#4304=CARTESIAN_POINT('Ctrl Pts',(-0.0496369104928793,-0.306915160501733,
0.297473292418078));
#4305=CARTESIAN_POINT('Ctrl Pts',(-0.024221374982107,-0.31,0.2925));
#4306=CARTESIAN_POINT('Ctrl Pts',(0.0242213749821072,-0.31,0.2925));
#4307=CARTESIAN_POINT('Ctrl Pts',(0.0496369104928795,-0.306915160501733,
0.297473292418078));
#4308=CARTESIAN_POINT('Ctrl Pts',(0.0956775499813237,-0.295815050767863,
0.316826392891448));
#4309=CARTESIAN_POINT('Ctrl Pts',(0.11634032347464,-0.287902405589184,0.331175280529685));
#4310=CARTESIAN_POINT('Ctrl Pts',(0.148934480341909,-0.272480760828684,
0.363769437396953));
#4311=CARTESIAN_POINT('Ctrl Pts',(0.163207185754207,-0.263814974938078,
0.384402370885065));
#4312=CARTESIAN_POINT('Ctrl Pts',(0.182492861347764,-0.250861114883691,
0.430282532053843));
#4313=CARTESIAN_POINT('Ctrl Pts',(0.1875,-0.246867879644153,0.455614942785378));
#4314=CARTESIAN_POINT('Ctrl Pts',(0.1875,-0.246867879644153,0.504385057214622));
#4315=CARTESIAN_POINT('Ctrl Pts',(0.182492861347764,-0.250861114883691,
0.529717467946157));
#4316=CARTESIAN_POINT('Ctrl Pts',(0.163207185754207,-0.263814974938078,
0.575597629114935));
#4317=CARTESIAN_POINT('Ctrl Pts',(0.148934480341909,-0.272480760828684,
0.596230562603047));
#4318=CARTESIAN_POINT('Ctrl Pts',(0.11634032347464,-0.287902405589184,0.628824719470315));
#4319=CARTESIAN_POINT('Ctrl Pts',(0.0956775499813236,-0.295815050767863,
0.643173607108552));
#4320=CARTESIAN_POINT('Ctrl Pts',(0.0496369104928794,-0.306915160501733,
0.662526707581922));
#4321=CARTESIAN_POINT('Ctrl Pts',(0.0242213749821071,-0.31,0.6675));
#4322=CARTESIAN_POINT('Ctrl Pts',(-0.0242213749821072,-0.31,0.6675));
#4323=CARTESIAN_POINT('Ctrl Pts',(-0.0496369104928795,-0.306915160501733,
0.662526707581922));
#4324=CARTESIAN_POINT('Ctrl Pts',(-0.0956775499813237,-0.295815050767863,
0.643173607108552));
#4325=CARTESIAN_POINT('Ctrl Pts',(-0.11634032347464,-0.287902405589184,
0.628824719470315));
#4326=CARTESIAN_POINT('Ctrl Pts',(-0.148934480341909,-0.272480760828684,
0.596230562603047));
#4327=CARTESIAN_POINT('Ctrl Pts',(-0.163207185754207,-0.263814974938078,
0.575597629114935));
#4328=CARTESIAN_POINT('Ctrl Pts',(-0.182492861347764,-0.250861114883691,
0.529717467946157));
#4329=CARTESIAN_POINT('Ctrl Pts',(-0.1875,-0.246867879644153,0.504385057214622));
#4330=CARTESIAN_POINT('Ctrl Pts',(-0.1875,-0.246867879644153,0.48));
#4331=CARTESIAN_POINT('Origin',(0.,0.,0.48));
#4332=CARTESIAN_POINT('',(-0.1875,0.246867879644153,0.48));
#4333=CARTESIAN_POINT('Ctrl Pts',(-0.1875,0.246867879644153,0.48));
#4334=CARTESIAN_POINT('Ctrl Pts',(-0.1875,0.246867879644153,0.504385057214622));
#4335=CARTESIAN_POINT('Ctrl Pts',(-0.182492861347764,0.250861114883691,
0.529717467946157));
#4336=CARTESIAN_POINT('Ctrl Pts',(-0.163207185754207,0.263814974938078,
0.575597629114935));
#4337=CARTESIAN_POINT('Ctrl Pts',(-0.148934480341909,0.272480760828684,
0.596230562603046));
#4338=CARTESIAN_POINT('Ctrl Pts',(-0.11634032347464,0.287902405589184,0.628824719470315));
#4339=CARTESIAN_POINT('Ctrl Pts',(-0.0956775499813237,0.295815050767863,
0.643173607108552));
#4340=CARTESIAN_POINT('Ctrl Pts',(-0.0496369104928795,0.306915160501733,
0.662526707581922));
#4341=CARTESIAN_POINT('Ctrl Pts',(-0.0242213749821072,0.31,0.6675));
#4342=CARTESIAN_POINT('Ctrl Pts',(0.0242213749821071,0.31,0.6675));
#4343=CARTESIAN_POINT('Ctrl Pts',(0.0496369104928794,0.306915160501733,
0.662526707581922));
#4344=CARTESIAN_POINT('Ctrl Pts',(0.0956775499813236,0.295815050767863,
0.643173607108553));
#4345=CARTESIAN_POINT('Ctrl Pts',(0.11634032347464,0.287902405589184,0.628824719470315));
#4346=CARTESIAN_POINT('Ctrl Pts',(0.148934480341909,0.272480760828684,0.596230562603047));
#4347=CARTESIAN_POINT('Ctrl Pts',(0.163207185754207,0.263814974938078,0.575597629114935));
#4348=CARTESIAN_POINT('Ctrl Pts',(0.182492861347764,0.250861114883691,0.529717467946157));
#4349=CARTESIAN_POINT('Ctrl Pts',(0.1875,0.246867879644153,0.504385057214622));
#4350=CARTESIAN_POINT('Ctrl Pts',(0.1875,0.246867879644153,0.455614942785378));
#4351=CARTESIAN_POINT('Ctrl Pts',(0.182492861347764,0.250861114883691,0.430282532053843));
#4352=CARTESIAN_POINT('Ctrl Pts',(0.163207185754207,0.263814974938078,0.384402370885065));
#4353=CARTESIAN_POINT('Ctrl Pts',(0.148934480341909,0.272480760828684,0.363769437396953));
#4354=CARTESIAN_POINT('Ctrl Pts',(0.11634032347464,0.287902405589184,0.331175280529685));
#4355=CARTESIAN_POINT('Ctrl Pts',(0.0956775499813237,0.295815050767863,
0.316826392891448));
#4356=CARTESIAN_POINT('Ctrl Pts',(0.0496369104928795,0.306915160501733,
0.297473292418078));
#4357=CARTESIAN_POINT('Ctrl Pts',(0.0242213749821072,0.31,0.2925));
#4358=CARTESIAN_POINT('Ctrl Pts',(-0.024221374982107,0.31,0.2925));
#4359=CARTESIAN_POINT('Ctrl Pts',(-0.0496369104928793,0.306915160501733,
0.297473292418078));
#4360=CARTESIAN_POINT('Ctrl Pts',(-0.0956775499813235,0.295815050767863,
0.316826392891447));
#4361=CARTESIAN_POINT('Ctrl Pts',(-0.11634032347464,0.287902405589184,0.331175280529685));
#4362=CARTESIAN_POINT('Ctrl Pts',(-0.148934480341909,0.272480760828684,
0.363769437396953));
#4363=CARTESIAN_POINT('Ctrl Pts',(-0.163207185754207,0.263814974938078,
0.384402370885065));
#4364=CARTESIAN_POINT('Ctrl Pts',(-0.182492861347764,0.250861114883691,
0.430282532053843));
#4365=CARTESIAN_POINT('Ctrl Pts',(-0.1875,0.246867879644153,0.455614942785378));
#4366=CARTESIAN_POINT('Ctrl Pts',(-0.1875,0.246867879644153,0.48));
#4367=CARTESIAN_POINT('',(-0.1875,0.324759526419164,0.48));
#4368=CARTESIAN_POINT('Ctrl Pts',(-0.1875,0.324759526419164,0.48));
#4369=CARTESIAN_POINT('Ctrl Pts',(-0.1875,0.324759526419164,0.455942799944908));
#4370=CARTESIAN_POINT('Ctrl Pts',(-0.182603547089392,0.327717269241175,
0.430661512263134));
#4371=CARTESIAN_POINT('Ctrl Pts',(-0.163355383075542,0.337724252336377,
0.384640807592283));
#4372=CARTESIAN_POINT('Ctrl Pts',(-0.149016717774569,0.344568837665407,
0.363851674829613));
#4373=CARTESIAN_POINT('Ctrl Pts',(-0.116193125588674,0.356974989388218,
0.331028082643719));
#4374=CARTESIAN_POINT('Ctrl Pts',(-0.0953888921464451,0.363424657694902,
0.316656547514141));
#4375=CARTESIAN_POINT('Ctrl Pts',(-0.0493022016541603,0.372485994065748,
0.297381767649538));
#4376=CARTESIAN_POINT('Ctrl Pts',(-0.0239916189578791,0.375,0.2925));
#4377=CARTESIAN_POINT('Ctrl Pts',(0.0239916189578792,0.375,0.2925));
#4378=CARTESIAN_POINT('Ctrl Pts',(0.0493022016541604,0.372485994065748,
0.297381767649539));
#4379=CARTESIAN_POINT('Ctrl Pts',(0.0953888921464453,0.363424657694902,
0.316656547514141));
#4380=CARTESIAN_POINT('Ctrl Pts',(0.116193125588674,0.356974989388218,0.331028082643719));
#4381=CARTESIAN_POINT('Ctrl Pts',(0.149016717774569,0.344568837665407,0.363851674829614));
#4382=CARTESIAN_POINT('Ctrl Pts',(0.163355383075542,0.337724252336377,0.384640807592283));
#4383=CARTESIAN_POINT('Ctrl Pts',(0.182603547089392,0.327717269241175,0.430661512263134));
#4384=CARTESIAN_POINT('Ctrl Pts',(0.1875,0.324759526419164,0.455942799944908));
#4385=CARTESIAN_POINT('Ctrl Pts',(0.1875,0.324759526419164,0.504057200055092));
#4386=CARTESIAN_POINT('Ctrl Pts',(0.182603547089392,0.327717269241175,0.529338487736866));
#4387=CARTESIAN_POINT('Ctrl Pts',(0.163355383075542,0.337724252336377,0.575359192407716));
#4388=CARTESIAN_POINT('Ctrl Pts',(0.149016717774569,0.344568837665407,0.596148325170386));
#4389=CARTESIAN_POINT('Ctrl Pts',(0.116193125588674,0.356974989388218,0.628971917356281));
#4390=CARTESIAN_POINT('Ctrl Pts',(0.0953888921464452,0.363424657694902,
0.643343452485859));
#4391=CARTESIAN_POINT('Ctrl Pts',(0.0493022016541604,0.372485994065748,
0.662618232350461));
#4392=CARTESIAN_POINT('Ctrl Pts',(0.0239916189578792,0.375,0.6675));
#4393=CARTESIAN_POINT('Ctrl Pts',(-0.0239916189578792,0.375,0.6675));
#4394=CARTESIAN_POINT('Ctrl Pts',(-0.0493022016541605,0.372485994065748,
0.662618232350461));
#4395=CARTESIAN_POINT('Ctrl Pts',(-0.0953888921464453,0.363424657694902,
0.643343452485859));
#4396=CARTESIAN_POINT('Ctrl Pts',(-0.116193125588674,0.356974989388218,
0.628971917356281));
#4397=CARTESIAN_POINT('Ctrl Pts',(-0.149016717774569,0.344568837665407,
0.596148325170386));
#4398=CARTESIAN_POINT('Ctrl Pts',(-0.163355383075542,0.337724252336377,
0.575359192407716));
#4399=CARTESIAN_POINT('Ctrl Pts',(-0.182603547089392,0.327717269241175,
0.529338487736866));
#4400=CARTESIAN_POINT('Ctrl Pts',(-0.1875,0.324759526419164,0.504057200055092));
#4401=CARTESIAN_POINT('Ctrl Pts',(-0.1875,0.324759526419164,0.48));
#4402=CARTESIAN_POINT('Origin',(0.,0.,0.));
#4403=CARTESIAN_POINT('',(0.31,3.79640507735679E-17,0.96));
#4404=CARTESIAN_POINT('Origin',(0.,0.,0.96));
#4405=CARTESIAN_POINT('',(0.31,3.79640507735679E-17,0.));
#4406=CARTESIAN_POINT('Origin',(0.,0.,0.));
#4407=CARTESIAN_POINT('Origin',(0.,0.,0.));
#4408=CARTESIAN_POINT('',(0.375,4.59242549680257E-17,0.96));
#4409=CARTESIAN_POINT('Origin',(0.,0.,0.96));
#4410=CARTESIAN_POINT('',(0.375,4.59242549680257E-17,0.));
#4411=CARTESIAN_POINT('Origin',(0.,0.,0.));
#4412=CARTESIAN_POINT('Origin',(-1.91234579572666E-17,7.64821835496556E-18,
0.));
#4413=CARTESIAN_POINT('Origin',(-1.91234579572666E-17,7.64821835496556E-18,
0.96));
#4414=CARTESIAN_POINT('',(0.,0.,0.));
#4415=CARTESIAN_POINT('Origin',(0.,0.,0.01));
#4416=CARTESIAN_POINT('',(0.12475,-1.52774688193632E-17,0.02));
#4417=CARTESIAN_POINT('Origin',(0.,0.,0.02));
#4418=CARTESIAN_POINT('',(0.10475,1.28281752210685E-17,0.));
#4419=CARTESIAN_POINT('Origin',(0.,0.,0.));
#4420=CARTESIAN_POINT('Origin',(0.,0.,0.));
#4421=CARTESIAN_POINT('',(0.,0.12475,11.116));
#4422=CARTESIAN_POINT('Origin',(0.,0.,11.116));
#4423=CARTESIAN_POINT('Origin',(-1.2731224016136E-18,0.,0.));
#4424=CARTESIAN_POINT('Origin',(0.,0.,12.356));
#4425=CARTESIAN_POINT('',(0.12475,1.52774688193632E-17,12.346));
#4426=CARTESIAN_POINT('Origin',(0.,0.,12.346));
#4427=CARTESIAN_POINT('',(0.10475,-1.28281752210685E-17,12.366));
#4428=CARTESIAN_POINT('Origin',(0.,0.,12.366));
#4429=CARTESIAN_POINT('Origin',(0.,0.,0.));
#4430=CARTESIAN_POINT('',(0.,0.12475,11.148));
#4431=CARTESIAN_POINT('Origin',(0.,0.,11.148));
#4432=CARTESIAN_POINT('Origin',(-1.2731224016136E-18,0.,12.366));
#4433=CARTESIAN_POINT('Origin',(0.,-7.55030032522025E-14,11.132));
#4434=CARTESIAN_POINT('',(0.,0.0939999999999953,11.116));
#4435=CARTESIAN_POINT('Origin',(0.,-7.53944829456956E-14,11.116));
#4436=CARTESIAN_POINT('',(0.,0.0939999999999953,11.148));
#4437=CARTESIAN_POINT('Origin',(0.,-7.56115235587095E-14,11.148));
#4438=CARTESIAN_POINT('Origin',(0.,0.12475,11.116));
#4439=CARTESIAN_POINT('Origin',(0.,0.0939999999999953,11.148));
#4440=CARTESIAN_POINT('',(0.,0.,0.));
#4441=CARTESIAN_POINT('Origin',(0.14,0.,0.));
#4442=CARTESIAN_POINT('',(0.14,-0.0541265877365274,-0.09375));
#4443=CARTESIAN_POINT('',(0.14,0.0541265877365273,-0.09375));
#4444=CARTESIAN_POINT('Ctrl Pts',(0.140000000000019,0.0541265877365666,
-0.0937499999999999));
#4445=CARTESIAN_POINT('Ctrl Pts',(0.112936706131721,1.38777878078145E-17,
-0.09375));
#4446=CARTESIAN_POINT('Ctrl Pts',(0.140000000000019,-0.0541265877365666,
-0.09375));
#4447=CARTESIAN_POINT('Origin',(0.14,0.,0.));
#4448=CARTESIAN_POINT('Origin',(0.14,0.,0.));
#4449=CARTESIAN_POINT('',(0.14,0.,0.168443738783765));
#4450=CARTESIAN_POINT('Origin',(0.14,0.,0.));
#4451=CARTESIAN_POINT('',(0.13,2.1852333631442E-17,0.178443738783765));
#4452=CARTESIAN_POINT('Origin',(0.13,0.,0.));
#4453=CARTESIAN_POINT('Origin',(0.125185185185185,0.,0.));
#4454=CARTESIAN_POINT('',(0.125185185185185,0.,-0.178443738783765));
#4455=CARTESIAN_POINT('Origin',(0.125185185185185,0.,0.));
#4456=CARTESIAN_POINT('Origin',(0.125185185185185,0.,0.));
#4457=CARTESIAN_POINT('',(0.0950843777883637,-0.119694330695106,0.170774983358558));
#4458=CARTESIAN_POINT('',(0.118234255492626,-0.106419270579174,0.151809492288338));
#4459=CARTESIAN_POINT('Ctrl Pts',(0.0950843777883676,-0.119694330695106,
0.170774983358558));
#4460=CARTESIAN_POINT('Ctrl Pts',(0.0953116114986727,-0.131217635130626,
0.162420934453148));
#4461=CARTESIAN_POINT('Ctrl Pts',(0.0955402421527855,-0.14187213265171,
0.152895458556758));
#4462=CARTESIAN_POINT('Ctrl Pts',(0.0961245743690872,-0.163341765535984,
0.129192743920188));
#4463=CARTESIAN_POINT('Ctrl Pts',(0.0964809671716357,-0.173485213078299,
0.114570471915316));
#4464=CARTESIAN_POINT('Ctrl Pts',(0.0973322411441083,-0.194109137045953,
0.074895975469564));
#4465=CARTESIAN_POINT('Ctrl Pts',(0.0977789944531155,-0.201834246121815,
0.048645994409091));
#4466=CARTESIAN_POINT('Ctrl Pts',(0.0985897857353119,-0.206304421911403,
-0.00100103840689945));
#4467=CARTESIAN_POINT('Ctrl Pts',(0.0990014497340167,-0.204519257507777,
-0.0237611786337122));
#4468=CARTESIAN_POINT('Ctrl Pts',(0.0999751027324013,-0.192473769441478,
-0.0716550235796927));
#4469=CARTESIAN_POINT('Ctrl Pts',(0.100473151645461,-0.180999921326716,
-0.0960056017848097));
#4470=CARTESIAN_POINT('Ctrl Pts',(0.101282755974309,-0.152328653773673,
-0.134963285828544));
#4471=CARTESIAN_POINT('Ctrl Pts',(0.101624987758178,-0.136636177726912,
-0.150387665890861));
#4472=CARTESIAN_POINT('Ctrl Pts',(0.102559512118406,-0.096762451279781,
-0.178270802432609));
#4473=CARTESIAN_POINT('Ctrl Pts',(0.103116621568101,-0.0719134067699179,
-0.189072244808683));
#4474=CARTESIAN_POINT('Ctrl Pts',(0.104023063843269,-0.02256117311132,-0.1997438932769));
#4475=CARTESIAN_POINT('Ctrl Pts',(0.104389933587628,0.00141792863639078,
-0.200644117694368));
#4476=CARTESIAN_POINT('Ctrl Pts',(0.105298120717734,0.0510246995769662,
-0.193460426074195));
#4477=CARTESIAN_POINT('Ctrl Pts',(0.105870949251496,0.0760994883364594,
-0.184410412954746));
#4478=CARTESIAN_POINT('Ctrl Pts',(0.106806516138168,0.118121841419263,-0.159077393239154));
#4479=CARTESIAN_POINT('Ctrl Pts',(0.107184276582357,0.135531483242363,-0.144017080612299));
#4480=CARTESIAN_POINT('Ctrl Pts',(0.108066304627243,0.16766039226682,-0.104524281185988));
#4481=CARTESIAN_POINT('Ctrl Pts',(0.10860808448276,0.178830478788056,-0.0811707281569228));
#4482=CARTESIAN_POINT('Ctrl Pts',(0.109519580916989,0.191635043534902,-0.0379049016871495));
#4483=CARTESIAN_POINT('Ctrl Pts',(0.109921770890052,0.194299969920344,-0.015884367593752));
#4484=CARTESIAN_POINT('Ctrl Pts',(0.110498622836796,0.19268471664763,0.0172450749629668));
#4485=CARTESIAN_POINT('Ctrl Pts',(0.110690405123605,0.191169476663163,0.0283719601541895));
#4486=CARTESIAN_POINT('Ctrl Pts',(0.111398854168348,0.182631213535812,0.0658948870523804));
#4487=CARTESIAN_POINT('Ctrl Pts',(0.111969630087604,0.17134236016995,0.0891161232348983));
#4488=CARTESIAN_POINT('Ctrl Pts',(0.112878617199144,0.144621827629854,0.126306837647332));
#4489=CARTESIAN_POINT('Ctrl Pts',(0.113261706337117,0.128803112627859,0.141889227956497));
#4490=CARTESIAN_POINT('Ctrl Pts',(0.114130085619682,0.088677394598213,0.169596630192029));
#4491=CARTESIAN_POINT('Ctrl Pts',(0.114654111120174,0.0654894466335468,
0.178707852349168));
#4492=CARTESIAN_POINT('Ctrl Pts',(0.115577585892109,0.0223985114081561,
0.187933749494914));
#4493=CARTESIAN_POINT('Ctrl Pts',(0.115989624638117,0.000812554205947865,
0.188852701378699));
#4494=CARTESIAN_POINT('Ctrl Pts',(0.116629349418802,-0.0342935487496189,
0.184360303010571));
#4495=CARTESIAN_POINT('Ctrl Pts',(0.116874351110317,-0.0479484753768005,
0.181036193545771));
#4496=CARTESIAN_POINT('Ctrl Pts',(0.117485261786183,-0.0772719996926864,
0.170223715900233));
#4497=CARTESIAN_POINT('Ctrl Pts',(0.117868776396376,-0.0925336198080764,
0.161989743069535));
#4498=CARTESIAN_POINT('Ctrl Pts',(0.118234255492626,-0.106419270579174,
0.151809492288337));
#4499=CARTESIAN_POINT('',(0.118054180571663,-0.181706131809248,0.0376943901647119));
#4500=CARTESIAN_POINT('Ctrl Pts',(0.118234255492626,-0.106419270579174,
0.151809492288338));
#4501=CARTESIAN_POINT('Ctrl Pts',(0.118303909225137,-0.125580268643556,
0.138292466196648));
#4502=CARTESIAN_POINT('Ctrl Pts',(0.118238634184137,-0.142235728556662,
0.121194921284997));
#4503=CARTESIAN_POINT('Ctrl Pts',(0.11798364642187,-0.168141531704086,0.0821111252024887));
#4504=CARTESIAN_POINT('Ctrl Pts',(0.117965661579928,-0.177031114489452,
0.060666142691137));
#4505=CARTESIAN_POINT('Ctrl Pts',(0.118054180571662,-0.181706131809248,
0.0376943901647119));
#4506=CARTESIAN_POINT('',(0.0949758644128357,0.0533398108733494,0.201720013479384));
#4507=CARTESIAN_POINT('Ctrl Pts',(0.118054180574301,-0.18170613181431,0.0376943901273178));
#4508=CARTESIAN_POINT('Ctrl Pts',(0.11656544919921,-0.178848631486166,0.0587982273697914));
#4509=CARTESIAN_POINT('Ctrl Pts',(0.115113609750024,-0.172548713159779,
0.077859495109126));
#4510=CARTESIAN_POINT('Ctrl Pts',(0.112327535208528,-0.157892598560413,
0.109408514471786));
#4511=CARTESIAN_POINT('Ctrl Pts',(0.110924682430114,-0.148445388085147,
0.124111260990932));
#4512=CARTESIAN_POINT('Ctrl Pts',(0.107711857188175,-0.119963400004151,
0.157057434030587));
#4513=CARTESIAN_POINT('Ctrl Pts',(0.106145708640957,-0.0991893349753869,
0.172735074511697));
#4514=CARTESIAN_POINT('Ctrl Pts',(0.10324244067976,-0.0608953489626719,
0.191629742936875));
#4515=CARTESIAN_POINT('Ctrl Pts',(0.101597768603588,-0.0409385331759012,
0.199339575799309));
#4516=CARTESIAN_POINT('Ctrl Pts',(0.0980062252961136,0.0065691642552561,
0.206863731568105));
#4517=CARTESIAN_POINT('Ctrl Pts',(0.096439917526195,0.0301443258736317,
0.206339107070911));
#4518=CARTESIAN_POINT('Ctrl Pts',(0.0949758644128368,0.0533398108733492,
0.201720013479383));
#4519=CARTESIAN_POINT('',(0.0949758644127861,-0.11412683989509,0.174674450557914));
#4520=CARTESIAN_POINT('Origin',(0.0949758644127867,0.,0.));
#4521=CARTESIAN_POINT('',(0.0950135136381233,-0.116558070282399,0.173050706529646));
#4522=CARTESIAN_POINT('Ctrl Pts',(0.0949758644127861,-0.11412683989509,
0.174674450557914));
#4523=CARTESIAN_POINT('Ctrl Pts',(0.0949883267833743,-0.114942871410923,
0.174141670827965));
#4524=CARTESIAN_POINT('Ctrl Pts',(0.0950007891539625,-0.115755172092989,
0.173603172589147));
#4525=CARTESIAN_POINT('Ctrl Pts',(0.0950132515245507,-0.116563662164879,
0.17305900865074));
#4526=CARTESIAN_POINT('Ctrl Pts',(0.0950225463453593,-0.11653691370185,
0.173019561119776));
#4527=CARTESIAN_POINT('Ctrl Pts',(0.095032911459043,-0.117069677314599,
0.172648222436318));
#4528=CARTESIAN_POINT('Ctrl Pts',(0.0950432748552032,-0.117600706111885,
0.172274399027859));
#4529=CARTESIAN_POINT('Ctrl Pts',(0.0950638837833084,-0.118653155865559,
0.171526139569223));
#4530=CARTESIAN_POINT('Ctrl Pts',(0.0950741292183106,-0.119174612957531,
0.171151763076651));
#4531=CARTESIAN_POINT('Ctrl Pts',(0.0950843777883597,-0.119694330695107,
0.170774983358557));
#4532=CARTESIAN_POINT('Origin',(-0.14,0.,0.));
#4533=CARTESIAN_POINT('',(-0.14,0.,-0.178443738783765));
#4534=CARTESIAN_POINT('Origin',(-0.14,0.,0.));
#4535=CARTESIAN_POINT('',(-0.139556879128681,-0.178380662899866,-0.0134479612083846));
#4536=CARTESIAN_POINT('',(-0.115296864412765,-0.198847141835903,-0.0415748331373606));
#4537=CARTESIAN_POINT('Ctrl Pts',(-0.115296864412765,-0.198847141835901,
-0.041574833137367));
#4538=CARTESIAN_POINT('Ctrl Pts',(-0.115589058885497,-0.201705652655054,
-0.026475191051842));
#4539=CARTESIAN_POINT('Ctrl Pts',(-0.115859899549281,-0.202863126536489,
-0.0110841640907087));
#4540=CARTESIAN_POINT('Ctrl Pts',(-0.116373569855477,-0.20171656696304,
0.0188755510970218));
#4541=CARTESIAN_POINT('Ctrl Pts',(-0.116617056249507,-0.199581706361579,
0.0333859049671871));
#4542=CARTESIAN_POINT('Ctrl Pts',(-0.117390285286375,-0.18907108088807,
0.0734296987735103));
#4543=CARTESIAN_POINT('Ctrl Pts',(-0.117980256722658,-0.177054418046236,
0.0977352331115389));
#4544=CARTESIAN_POINT('Ctrl Pts',(-0.11898165033263,-0.145266558235767,
0.139016863334148));
#4545=CARTESIAN_POINT('Ctrl Pts',(-0.119395591555441,-0.126101422625752,
0.156080934527678));
#4546=CARTESIAN_POINT('Ctrl Pts',(-0.12037417117418,-0.079632730901861,
0.183605414811691));
#4547=CARTESIAN_POINT('Ctrl Pts',(-0.120960871224399,-0.0541348344546156,
0.191425416357765));
#4548=CARTESIAN_POINT('Ctrl Pts',(-0.121971310548474,-0.0042490630032121,
0.198186917982937));
#4549=CARTESIAN_POINT('Ctrl Pts',(-0.122421830809586,0.0224133591571534,
0.196511191912314));
#4550=CARTESIAN_POINT('Ctrl Pts',(-0.1233788436485,0.0735462005408637,0.182620349130835));
#4551=CARTESIAN_POINT('Ctrl Pts',(-0.123903102054416,0.0948862791577648,
0.171154987869481));
#4552=CARTESIAN_POINT('Ctrl Pts',(-0.124875432248885,0.132321570101056,
0.143521626160021));
#4553=CARTESIAN_POINT('Ctrl Pts',(-0.125344887580102,0.149627720564861,
0.124648998667067));
#4554=CARTESIAN_POINT('Ctrl Pts',(-0.126179871268625,0.173721489826927,
0.0850346377027657));
#4555=CARTESIAN_POINT('Ctrl Pts',(-0.126586834373668,0.181582936092132,
0.0654364916323791));
#4556=CARTESIAN_POINT('Ctrl Pts',(-0.127577145285309,0.191410579489504,
0.020401687654462));
#4557=CARTESIAN_POINT('Ctrl Pts',(-0.12809960030508,0.191914034612292,-0.00491359033690549));
#4558=CARTESIAN_POINT('Ctrl Pts',(-0.128952960626202,0.183973265267071,
-0.0498765270607192));
#4559=CARTESIAN_POINT('Ctrl Pts',(-0.129310234666388,0.177089753978723,
-0.0695829399219363));
#4560=CARTESIAN_POINT('Ctrl Pts',(-0.13026278473828,0.154984400601458,-0.109611155070611));
#4561=CARTESIAN_POINT('Ctrl Pts',(-0.130833774623086,0.138601610920893,
-0.128879266995912));
#4562=CARTESIAN_POINT('Ctrl Pts',(-0.131784701659407,0.101323554019638,
-0.158381706515012));
#4563=CARTESIAN_POINT('Ctrl Pts',(-0.132176956413721,0.0812049751015959,
-0.169146298972828));
#4564=CARTESIAN_POINT('Ctrl Pts',(-0.133142145530646,0.0348384392754781,
-0.18385397028869));
#4565=CARTESIAN_POINT('Ctrl Pts',(-0.133725565448148,0.0100091508367085,
-0.185900326289846));
#4566=CARTESIAN_POINT('Ctrl Pts',(-0.134663215188813,-0.0342228528536062,
-0.181807375929344));
#4567=CARTESIAN_POINT('Ctrl Pts',(-0.135058968769442,-0.0549144103610957,
-0.176250175058029));
#4568=CARTESIAN_POINT('Ctrl Pts',(-0.13596594560172,-0.097706450547123,
-0.156293459462679));
#4569=CARTESIAN_POINT('Ctrl Pts',(-0.136509445438297,-0.116566212499743,
-0.14136154725969));
#4570=CARTESIAN_POINT('Ctrl Pts',(-0.137450457401271,-0.145056301240782,
-0.110176587646174));
#4571=CARTESIAN_POINT('Ctrl Pts',(-0.137871541601983,-0.156291181107798,
-0.0927417478540576));
#4572=CARTESIAN_POINT('Ctrl Pts',(-0.138675382768374,-0.172501678980982,
-0.0547053367771313));
#4573=CARTESIAN_POINT('Ctrl Pts',(-0.139081703385469,-0.177283705890585,
-0.0343194236978496));
#4574=CARTESIAN_POINT('Ctrl Pts',(-0.139556879131886,-0.178380662907265,
-0.0134479610675928));
#4575=CARTESIAN_POINT('',(-0.13965884373529,-0.133526608336241,0.118889375318885));
#4576=CARTESIAN_POINT('Ctrl Pts',(-0.139658843735289,-0.133526608336241,
0.118889375318885));
#4577=CARTESIAN_POINT('Ctrl Pts',(-0.139603545283224,-0.141977562047593,
0.109481127901195));
#4578=CARTESIAN_POINT('Ctrl Pts',(-0.139606986857148,-0.149274746579839,
0.099288936939863));
#4579=CARTESIAN_POINT('Ctrl Pts',(-0.139686041617548,-0.16102635046596,
0.0784429159250857));
#4580=CARTESIAN_POINT('Ctrl Pts',(-0.139737435357426,-0.165636819889512,
0.0680358289736444));
#4581=CARTESIAN_POINT('Ctrl Pts',(-0.139809128137514,-0.176876808200575,
0.0346073792112846));
#4582=CARTESIAN_POINT('Ctrl Pts',(-0.139676917013573,-0.180059301524637,
0.0104151259876063));
#4583=CARTESIAN_POINT('Ctrl Pts',(-0.139556879128681,-0.178380662899865,
-0.0134479612083847));
#4584=CARTESIAN_POINT('',(-0.115412912967768,-0.104131946485655,-0.17429301152322));
#4585=CARTESIAN_POINT('Ctrl Pts',(-0.115528961522772,-0.104064428672706,
-0.174198167372398));
#4586=CARTESIAN_POINT('Ctrl Pts',(-0.117270990792378,-0.125227575373009,
-0.159526289418342));
#4587=CARTESIAN_POINT('Ctrl Pts',(-0.118700623442177,-0.143446219553338,
-0.141350100006486));
#4588=CARTESIAN_POINT('Ctrl Pts',(-0.121834358287078,-0.16886707789008,
-0.102746535068071));
#4589=CARTESIAN_POINT('Ctrl Pts',(-0.123375994738855,-0.177195364717035,
-0.0840818038036709));
#4590=CARTESIAN_POINT('Ctrl Pts',(-0.126477586457691,-0.187634762198112,
-0.0451257168093525));
#4591=CARTESIAN_POINT('Ctrl Pts',(-0.12800060810591,-0.190384442756168,
-0.0232384369411221));
#4592=CARTESIAN_POINT('Ctrl Pts',(-0.130941061381081,-0.187556833214499,
0.0209803534953454));
#4593=CARTESIAN_POINT('Ctrl Pts',(-0.132420476881147,-0.182520484022015,
0.0418276508429709));
#4594=CARTESIAN_POINT('Ctrl Pts',(-0.134994401469444,-0.169227075369729,
0.0716996011757274));
#4595=CARTESIAN_POINT('Ctrl Pts',(-0.135912927497888,-0.163725546062349,
0.0814636127833193));
#4596=CARTESIAN_POINT('Ctrl Pts',(-0.137817080386902,-0.150376350690879,
0.100812311088238));
#4597=CARTESIAN_POINT('Ctrl Pts',(-0.138777156723459,-0.142315318968403,
0.110344504090814));
#4598=CARTESIAN_POINT('Ctrl Pts',(-0.13965884373529,-0.13352660833624,0.118889375318884));
#4599=CARTESIAN_POINT('Origin',(-0.115296864412765,0.,0.));
#4600=CARTESIAN_POINT('Origin',(-0.14,0.,0.));
#4601=CARTESIAN_POINT('',(0.0764351851838447,0.115651696879143,-0.173084996096541));
#4602=CARTESIAN_POINT('Ctrl Pts',(0.0764351851838447,0.115651696879142,
-0.173084996096542));
#4603=CARTESIAN_POINT('Ctrl Pts',(0.076451414135982,0.116128466584584,-0.17276693987147));
#4604=CARTESIAN_POINT('Ctrl Pts',(0.076467708026373,0.11660359297872,-0.172447139724482));
#4605=CARTESIAN_POINT('Ctrl Pts',(0.0765025829852106,0.117613223491588,
-0.171761504192703));
#4606=CARTESIAN_POINT('Ctrl Pts',(0.0765211726545363,0.118147030285689,
-0.171395351627135));
#4607=CARTESIAN_POINT('Ctrl Pts',(0.0765927355359122,0.120185879932312,
-0.169982830912647));
#4608=CARTESIAN_POINT('Ctrl Pts',(0.0766463123520734,0.12167878187764,-0.168919112480185));
#4609=CARTESIAN_POINT('Ctrl Pts',(0.0770728112642657,0.133326477296971,
-0.160385921117791));
#4610=CARTESIAN_POINT('Ctrl Pts',(0.0774697667807045,0.142798164221283,
-0.152028290856252));
#4611=CARTESIAN_POINT('Ctrl Pts',(0.0781342911956816,0.157574153721155,
-0.136389232071709));
#4612=CARTESIAN_POINT('Ctrl Pts',(0.0784052650141008,0.163270891075613,
-0.129526892362528));
#4613=CARTESIAN_POINT('Ctrl Pts',(0.07874606982477,0.170098660751978,-0.120136035484494));
#4614=CARTESIAN_POINT('Ctrl Pts',(0.0788244802823892,0.171644141691779,
-0.117921013411839));
#4615=CARTESIAN_POINT('Ctrl Pts',(0.0789565545223284,0.174203368062721,
-0.114096556246754));
#4616=CARTESIAN_POINT('Ctrl Pts',(0.0790106664350879,0.17523894760027,-0.112502173564639));
#4617=CARTESIAN_POINT('Ctrl Pts',(0.0791136214693259,0.177183589177166,
-0.109416459269465));
#4618=CARTESIAN_POINT('Ctrl Pts',(0.0791625306929993,0.178096006698549,
-0.107927437197933));
#4619=CARTESIAN_POINT('Ctrl Pts',(0.0792922250116253,0.180483711469095,
-0.103918429451058));
#4620=CARTESIAN_POINT('Ctrl Pts',(0.0793723233214221,0.1819248947447,-0.101378580766002));
#4621=CARTESIAN_POINT('Ctrl Pts',(0.0798121154102657,0.189633886492602,
-0.0871010284874323));
#4622=CARTESIAN_POINT('Ctrl Pts',(0.0801498749919673,0.194818306257684,
-0.0748138806873273));
#4623=CARTESIAN_POINT('Ctrl Pts',(0.0806324216643617,0.200438639567608,
-0.0568690207751416));
#4624=CARTESIAN_POINT('Ctrl Pts',(0.0807742600967685,0.201873586651736,
-0.0515590395952601));
#4625=CARTESIAN_POINT('Ctrl Pts',(0.0809817235113484,0.203617283348878,
-0.0439179472106359));
#4626=CARTESIAN_POINT('Ctrl Pts',(0.0810443069477833,0.204099281532767,
-0.0416287152099404));
#4627=CARTESIAN_POINT('Ctrl Pts',(0.081158108428108,0.204893904348976,-0.0375121167469792));
#4628=CARTESIAN_POINT('Ctrl Pts',(0.0812089822173697,0.205220878342927,
-0.0356877691769984));
#4629=CARTESIAN_POINT('Ctrl Pts',(0.0812914650276289,0.2057048717745,-0.032763253377582));
#4630=CARTESIAN_POINT('Ctrl Pts',(0.0813226271279885,0.205877499074948,
-0.0316657595301888));
#4631=CARTESIAN_POINT('Ctrl Pts',(0.0813854049289219,0.206204669354286,
-0.0294716185919861));
#4632=CARTESIAN_POINT('Ctrl Pts',(0.0814170278785517,0.206359262650724,
-0.0283750173961698));
#4633=CARTESIAN_POINT('Ctrl Pts',(0.0815020193911169,0.206748099017628,
-0.025448288323086));
#4634=CARTESIAN_POINT('Ctrl Pts',(0.0815558388484218,0.20696679383879,-0.0236162032928299));
#4635=CARTESIAN_POINT('Ctrl Pts',(0.0819532583571326,0.208386544582969,
-0.0102126390434324));
#4636=CARTESIAN_POINT('Ctrl Pts',(0.0823177507831364,0.208641202526833,
0.00143835533132232));
#4637=CARTESIAN_POINT('Ctrl Pts',(0.0829606944291788,0.207356715138086,
0.0221734785443978));
#4638=CARTESIAN_POINT('Ctrl Pts',(0.0832402992325268,0.206191498089992,
0.031250532599207));
#4639=CARTESIAN_POINT('Ctrl Pts',(0.0836019529149882,0.203836658032941,
0.0432683812559207));
#4640=CARTESIAN_POINT('Ctrl Pts',(0.0836925257066328,0.203171685937612,
0.0463010880503069));
#4641=CARTESIAN_POINT('Ctrl Pts',(0.083838774567677,0.201973256450703,0.0512365643025156));
#4642=CARTESIAN_POINT('Ctrl Pts',(0.083895147461269,0.201480086983588,0.0531485809747899));
#4643=CARTESIAN_POINT('Ctrl Pts',(0.0840043814746529,0.200463188224771,
0.0568713684255273));
#4644=CARTESIAN_POINT('Ctrl Pts',(0.0840572805940471,0.19994191884784,0.058682610916943));
#4645=CARTESIAN_POINT('Ctrl Pts',(0.0841732891611279,0.198735082204151,
0.0626714575634889));
#4646=CARTESIAN_POINT('Ctrl Pts',(0.0842361867622008,0.198038150463636,
0.0648453698966045));
#4647=CARTESIAN_POINT('Ctrl Pts',(0.0844689989790759,0.19530047125671,0.0729255188460187));
#4648=CARTESIAN_POINT('Ctrl Pts',(0.0846347792073448,0.19303001496637,0.0787504304736766));
#4649=CARTESIAN_POINT('Ctrl Pts',(0.0848219843875707,0.190123660655403,
0.0853175043525709));
#4650=CARTESIAN_POINT('Ctrl Pts',(0.0848462335734439,0.18974047376042,0.0861678603641136));
#4651=CARTESIAN_POINT('Ctrl Pts',(0.0851480783005177,0.18488869440836,0.0967445739482044));
#4652=CARTESIAN_POINT('Ctrl Pts',(0.0854172084265107,0.179682751719895,
0.106114956982102));
#4653=CARTESIAN_POINT('Ctrl Pts',(0.0858190133561213,0.171184129299045,
0.11897165875365));
#4654=CARTESIAN_POINT('Ctrl Pts',(0.0859436861518166,0.168455602092696,
0.122810142663267));
#4655=CARTESIAN_POINT('Ctrl Pts',(0.0861153576036625,0.164643251274205,
0.127806159667439));
#4656=CARTESIAN_POINT('Ctrl Pts',(0.0861588579918073,0.163672765175926,
0.129048499878036));
#4657=CARTESIAN_POINT('Ctrl Pts',(0.086232120106528,0.162034203839417,0.131097741499518));
#4658=CARTESIAN_POINT('Ctrl Pts',(0.0862615913805076,0.161373962123935,
0.131910829959069));
#4659=CARTESIAN_POINT('Ctrl Pts',(0.0863249699297939,0.15995320109334,0.133633817630943));
#4660=CARTESIAN_POINT('Ctrl Pts',(0.0863589430079704,0.15919099228539,0.134542270416807));
#4661=CARTESIAN_POINT('Ctrl Pts',(0.0864576343687725,0.156973013747056,
0.137140486472966));
#4662=CARTESIAN_POINT('Ctrl Pts',(0.0865230685604199,0.155497845878075,
0.138813450515398));
#4663=CARTESIAN_POINT('Ctrl Pts',(0.0866787064637219,0.151968076551682,
0.142689365380447));
#4664=CARTESIAN_POINT('Ctrl Pts',(0.0867695330139133,0.149892022973317,
0.144872094641434));
#4665=CARTESIAN_POINT('Ctrl Pts',(0.0871323667931436,0.141495184860813,
0.153325835420724));
#4666=CARTESIAN_POINT('Ctrl Pts',(0.0874105706972276,0.134822834945382,
0.159234226834338));
#4667=CARTESIAN_POINT('Ctrl Pts',(0.087962227439207,0.120709396760053,0.170203479250904));
#4668=CARTESIAN_POINT('Ctrl Pts',(0.0882349719929589,0.113277502274384,
0.175246045764377));
#4669=CARTESIAN_POINT('Ctrl Pts',(0.0885784572552341,0.103184536173371,
0.181181289611026));
#4670=CARTESIAN_POINT('Ctrl Pts',(0.0886578565045184,0.100798493016388,
0.182521887043056));
#4671=CARTESIAN_POINT('Ctrl Pts',(0.08879048283163,0.0967226261944965,0.184707426586363));
#4672=CARTESIAN_POINT('Ctrl Pts',(0.0888441874203225,0.0950464799371672,
0.185577081038297));
#4673=CARTESIAN_POINT('Ctrl Pts',(0.0889529855703238,0.0915989345649232,
0.187306754994294));
#4674=CARTESIAN_POINT('Ctrl Pts',(0.0890080348399241,0.0898267019353865,
0.188164688784999));
#4675=CARTESIAN_POINT('Ctrl Pts',(0.0891478428297539,0.0852564324405561,
0.190297742396311));
#4676=CARTESIAN_POINT('Ctrl Pts',(0.0892319020847686,0.082441845979575,
0.191536289850462));
#4677=CARTESIAN_POINT('Ctrl Pts',(0.0895555848625266,0.0713648228624791,
0.196120888605376));
#4678=CARTESIAN_POINT('Ctrl Pts',(0.0897867577630521,0.0629186195632928,
0.198997782209384));
#4679=CARTESIAN_POINT('Ctrl Pts',(0.0902899242664003,0.0439780034012655,
0.204121273539012));
#4680=CARTESIAN_POINT('Ctrl Pts',(0.0905599623203471,0.0334422105464919,
0.206116756716988));
#4681=CARTESIAN_POINT('Ctrl Pts',(0.0909153671621339,0.0202259637134229,
0.207579761361008));
#4682=CARTESIAN_POINT('Ctrl Pts',(0.0909855381615318,0.0176467248153445,
0.207816760948533));
#4683=CARTESIAN_POINT('Ctrl Pts',(0.0910916456718344,0.0138116117295975,
0.208097285699317));
#4684=CARTESIAN_POINT('Ctrl Pts',(0.0911265915004015,0.0125586556480912,
0.208177575026855));
#4685=CARTESIAN_POINT('Ctrl Pts',(0.0911911261688317,0.0102660661488698,
0.208303725000174));
#4686=CARTESIAN_POINT('Ctrl Pts',(0.0912206136444502,0.00922666812628785,
0.208353124774303));
#4687=CARTESIAN_POINT('Ctrl Pts',(0.0912918770230739,0.00673440928176583,
0.20845290262206));
#4688=CARTESIAN_POINT('Ctrl Pts',(0.0913338684791289,0.00528131445300776,
0.208495878085481));
#4689=CARTESIAN_POINT('Ctrl Pts',(0.0914906183023889,-9.35069941317159E-5,
0.208598649861095));
#4690=CARTESIAN_POINT('Ctrl Pts',(0.0916078212759435,-0.00401618191505403,
0.208563071767037));
#4691=CARTESIAN_POINT('Ctrl Pts',(0.0919444913302892,-0.0151150613070653,
0.208149305544777));
#4692=CARTESIAN_POINT('Ctrl Pts',(0.0921675872151309,-0.0222759777824319,
0.207510999067148));
#4693=CARTESIAN_POINT('Ctrl Pts',(0.0927149877374929,-0.0397772265918581,
0.20503470898478));
#4694=CARTESIAN_POINT('Ctrl Pts',(0.0930373040680854,-0.0500392170318539,
0.202783307759431));
#4695=CARTESIAN_POINT('Ctrl Pts',(0.0934387543320961,-0.0630736915911084,
0.198873643848698));
#4696=CARTESIAN_POINT('Ctrl Pts',(0.0935295843810713,-0.0660384019024316,
0.197911442433017));
#4697=CARTESIAN_POINT('Ctrl Pts',(0.0936760872217661,-0.0708466333340606,
0.196230883382921));
#4698=CARTESIAN_POINT('Ctrl Pts',(0.0937324639981501,-0.072703437548475,
0.195552119107523));
#4699=CARTESIAN_POINT('Ctrl Pts',(0.0938422116666546,-0.076329929932483,
0.19416766583366));
#4700=CARTESIAN_POINT('Ctrl Pts',(0.093895612029406,-0.0781001524701626,
0.193463925300781));
#4701=CARTESIAN_POINT('Ctrl Pts',(0.0940014092526641,-0.0816169857510416,
0.192009718285674));
#4702=CARTESIAN_POINT('Ctrl Pts',(0.0940538029772214,-0.0833634704769866,
0.191259427550622));
#4703=CARTESIAN_POINT('Ctrl Pts',(0.0942074096744296,-0.0884944408572357,
0.188971568472518));
#4704=CARTESIAN_POINT('Ctrl Pts',(0.0943073893153477,-0.0918483560483972,
0.187367265740701));
#4705=CARTESIAN_POINT('Ctrl Pts',(0.0946001058365512,-0.101669160209574,
0.182342735736071));
#4706=CARTESIAN_POINT('Ctrl Pts',(0.0947886339548141,-0.108000906175455,
0.178671088131085));
#4707=CARTESIAN_POINT('Ctrl Pts',(0.0949758644127861,-0.11412683989509,
0.174674450557914));
#4708=CARTESIAN_POINT('',(-0.0885983039498625,-5.65044340877042E-16,0.203846000781292));
#4709=CARTESIAN_POINT('Ctrl Pts',(0.0949758644128065,0.053339810873362,
0.201720013479433));
#4710=CARTESIAN_POINT('Ctrl Pts',(0.0946644330732409,0.0650101025512557,
0.198625661410913));
#4711=CARTESIAN_POINT('Ctrl Pts',(0.0943611071013766,0.0763894308472997,
0.194524533290498));
#4712=CARTESIAN_POINT('Ctrl Pts',(0.0939893071109868,0.0889883812337181,
0.188705180683725));
#4713=CARTESIAN_POINT('Ctrl Pts',(0.0939404953437669,0.0906170962125831,
0.187927075377641));
#4714=CARTESIAN_POINT('Ctrl Pts',(0.0938587682938767,0.093295610748952,
0.186604447703329));
#4715=CARTESIAN_POINT('Ctrl Pts',(0.0938261791432035,0.0943512544409856,
0.186071963418811));
#4716=CARTESIAN_POINT('Ctrl Pts',(0.0937622261910105,0.0963965685396582,
0.185018352189078));
#4717=CARTESIAN_POINT('Ctrl Pts',(0.0937308930790192,0.0973866705703569,
0.184498192407972));
#4718=CARTESIAN_POINT('Ctrl Pts',(0.0936674026626146,0.0993670534449224,
0.183437356556037));
#4719=CARTESIAN_POINT('Ctrl Pts',(0.0936352329114113,0.100357245413779,
0.182896546907597));
#4720=CARTESIAN_POINT('Ctrl Pts',(0.0935483122712967,0.102999583728374,
0.181425416435027));
#4721=CARTESIAN_POINT('Ctrl Pts',(0.093493097283836,0.104643500328954,0.180480554125475));
#4722=CARTESIAN_POINT('Ctrl Pts',(0.0931045333265174,0.115998648763126,
0.173746333770641));
#4723=CARTESIAN_POINT('Ctrl Pts',(0.0927522422677725,0.125237842654799,
0.167197795222843));
#4724=CARTESIAN_POINT('Ctrl Pts',(0.0921938536801593,0.139107517380004,
0.155566649085884));
#4725=CARTESIAN_POINT('Ctrl Pts',(0.0919856492141913,0.144098116723731,
0.150948152676925));
#4726=CARTESIAN_POINT('Ctrl Pts',(0.0916834991018188,0.15114738863289,0.143754404810792));
#4727=CARTESIAN_POINT('Ctrl Pts',(0.0915862405401043,0.153384914252873,
0.14136077304589));
#4728=CARTESIAN_POINT('Ctrl Pts',(0.0914078399812497,0.157433783040166,
0.136819612511322));
#4729=CARTESIAN_POINT('Ctrl Pts',(0.0913263977689294,0.159259920783053,
0.134686267974926));
#4730=CARTESIAN_POINT('Ctrl Pts',(0.091190372505126,0.162271810589379,0.131020428074487));
#4731=CARTESIAN_POINT('Ctrl Pts',(0.0911353030558297,0.163480279578308,
0.129507103616917));
#4732=CARTESIAN_POINT('Ctrl Pts',(0.0910245927177121,0.165886748531109,
0.12640598901656));
#4733=CARTESIAN_POINT('Ctrl Pts',(0.0909689821281783,0.167083465787569,
0.12481744901773));
#4734=CARTESIAN_POINT('Ctrl Pts',(0.0908280519245052,0.170083325681697,
0.120714619778482));
#4735=CARTESIAN_POINT('Ctrl Pts',(0.0907434143914571,0.171853599120872,
0.118176873977539));
#4736=CARTESIAN_POINT('Ctrl Pts',(0.09034026994963,0.180113472956346,0.105756174185701));
#4737=CARTESIAN_POINT('Ctrl Pts',(0.0900375925535061,0.185811640941496,
0.0953727706205057));
#4738=CARTESIAN_POINT('Ctrl Pts',(0.0894994305666083,0.19430361225908,0.0761976309661805));
#4739=CARTESIAN_POINT('Ctrl Pts',(0.0892643739499186,0.197453562573464,
0.0675979921564854));
#4740=CARTESIAN_POINT('Ctrl Pts',(0.0889671270223966,0.200529500129438,
0.0571100406741627));
#4741=CARTESIAN_POINT('Ctrl Pts',(0.0889181569326045,0.201008929266232,
0.055394157568255));
#4742=CARTESIAN_POINT('Ctrl Pts',(0.0888378443015442,0.201749489793377,
0.0526061960699426));
#4743=CARTESIAN_POINT('Ctrl Pts',(0.0888068922026102,0.202024215921137,
0.0515378175778082));
#4744=CARTESIAN_POINT('Ctrl Pts',(0.0887432276194439,0.202567098926251,
0.049354868189409));
#4745=CARTESIAN_POINT('Ctrl Pts',(0.0887104903162744,0.202834569916092,
0.0482401527166903));
#4746=CARTESIAN_POINT('Ctrl Pts',(0.0886203844386724,0.203539720927041,
0.0451906409804954));
#4747=CARTESIAN_POINT('Ctrl Pts',(0.0885624956911752,0.203958986864649,
0.0432517221158334));
#4748=CARTESIAN_POINT('Ctrl Pts',(0.0882066626714627,0.206339537799908,
0.0314278716310213));
#4749=CARTESIAN_POINT('Ctrl Pts',(0.0878939630351887,0.207609232952441,
0.0214173351810599));
#4750=CARTESIAN_POINT('Ctrl Pts',(0.0872399242483466,0.208744893843675,
0.000284317276712471));
#4751=CARTESIAN_POINT('Ctrl Pts',(0.0869002568458067,0.20845581318055,-0.0108162869153761));
#4752=CARTESIAN_POINT('Ctrl Pts',(0.0864919495808226,0.206987367311639,
-0.0246505755925734));
#4753=CARTESIAN_POINT('Ctrl Pts',(0.086409939398094,0.206632114600852,-0.0274535136719657));
#4754=CARTESIAN_POINT('Ctrl Pts',(0.0862732288030644,0.205937100281312,
-0.0321671436619247));
#4755=CARTESIAN_POINT('Ctrl Pts',(0.0862180317207225,0.205627425576416,
-0.0340818697651153));
#4756=CARTESIAN_POINT('Ctrl Pts',(0.0861072653739252,0.204946895089829,
-0.0379466806983165));
#4757=CARTESIAN_POINT('Ctrl Pts',(0.0860517231049559,0.204574815762196,
-0.0398963529729049));
#4758=CARTESIAN_POINT('Ctrl Pts',(0.085911376803596,0.203555923133265,-0.0448500882479723));
#4759=CARTESIAN_POINT('Ctrl Pts',(0.0858272416324028,0.202870432838037,
-0.0478457287202986));
#4760=CARTESIAN_POINT('Ctrl Pts',(0.0854250838242232,0.199234948162256,
-0.0622599653165038));
#4761=CARTESIAN_POINT('Ctrl Pts',(0.0851228511173937,0.195385892920781,
-0.0734297449822752));
#4762=CARTESIAN_POINT('Ctrl Pts',(0.0845842941961841,0.186897151553788,
-0.0926085982824163));
#4763=CARTESIAN_POINT('Ctrl Pts',(0.0843483509313156,0.182630872744683,
-0.100748593692895));
#4764=CARTESIAN_POINT('Ctrl Pts',(0.0840498151613491,0.176906041440061,
-0.110110194605209));
#4765=CARTESIAN_POINT('Ctrl Pts',(0.0840005003870293,0.175950704693938,
-0.11162801488822));
#4766=CARTESIAN_POINT('Ctrl Pts',(0.0839197559540301,0.174374994399853,
-0.11406116918686));
#4767=CARTESIAN_POINT('Ctrl Pts',(0.0838887239286554,0.173766727402773,
-0.114984236862179));
#4768=CARTESIAN_POINT('Ctrl Pts',(0.0838250456041215,0.17251441001297,-0.116852125354168));
#4769=CARTESIAN_POINT('Ctrl Pts',(0.0837923764544889,0.17186986136048,-0.117796583517261));
#4770=CARTESIAN_POINT('Ctrl Pts',(0.0837027183188206,0.170093956225213,
-0.120353329614775));
#4771=CARTESIAN_POINT('Ctrl Pts',(0.0836452179695676,0.16894745552761,-0.12195494068544));
#4772=CARTESIAN_POINT('Ctrl Pts',(0.0832819128257833,0.161640663392631,
-0.131862173815692));
#4773=CARTESIAN_POINT('Ctrl Pts',(0.0829605138123448,0.15489152579053,-0.139715565163962));
#4774=CARTESIAN_POINT('Ctrl Pts',(0.0823087948933156,0.140001058499688,
-0.154637797249519));
#4775=CARTESIAN_POINT('Ctrl Pts',(0.0819798309936377,0.131837738792589,
-0.161642753122896));
#4776=CARTESIAN_POINT('Ctrl Pts',(0.0815799450275294,0.120857902423095,
-0.169680350137193));
#4777=CARTESIAN_POINT('Ctrl Pts',(0.0814966368676537,0.118510312446679,
-0.171325570609414));
#4778=CARTESIAN_POINT('Ctrl Pts',(0.0813583900519542,0.114512547262537,
-0.174005997914953));
#4779=CARTESIAN_POINT('Ctrl Pts',(0.0813029301796596,0.112880458369364,
-0.175067438457513));
#4780=CARTESIAN_POINT('Ctrl Pts',(0.0811921086559416,0.109562642236233,
-0.177159637948023));
#4781=CARTESIAN_POINT('Ctrl Pts',(0.0811367661926933,0.107876645734467,
-0.178189605732767));
#4782=CARTESIAN_POINT('Ctrl Pts',(0.0809978790774802,0.103573545583619,
-0.180735035918225));
#4783=CARTESIAN_POINT('Ctrl Pts',(0.0809149725444187,0.100937611875095,
-0.182217801090417));
#4784=CARTESIAN_POINT('Ctrl Pts',(0.0804936367695289,0.0872197295736812,
-0.189545959623131));
#4785=CARTESIAN_POINT('Ctrl Pts',(0.0801734960187239,0.0756589825797793,
-0.194440693953417));
#4786=CARTESIAN_POINT('Ctrl Pts',(0.0797004037972151,0.0581392317509983,
-0.200059043000818));
#4787=CARTESIAN_POINT('Ctrl Pts',(0.0795489484531342,0.0524765175215835,
-0.201614366280209));
#4788=CARTESIAN_POINT('Ctrl Pts',(0.0793290807125185,0.0443846990661468,
-0.203472856087948));
#4789=CARTESIAN_POINT('Ctrl Pts',(0.0792639796114957,0.0420042951339938,
-0.203975816354357));
#4790=CARTESIAN_POINT('Ctrl Pts',(0.0791460410109232,0.037739154539752,
-0.204799166568217));
#4791=CARTESIAN_POINT('Ctrl Pts',(0.0790935722396326,0.0358577792093133,
-0.205135539904663));
#4792=CARTESIAN_POINT('Ctrl Pts',(0.0790089523673186,0.0328575820113079,
-0.205629399488624));
#4793=CARTESIAN_POINT('Ctrl Pts',(0.0789772695681804,0.031741639453717,
-0.205803774018462));
#4794=CARTESIAN_POINT('Ctrl Pts',(0.0789175147292542,0.0296527060993491,
-0.206112783428115));
#4795=CARTESIAN_POINT('Ctrl Pts',(0.0788895047848322,0.0286800940690889,
-0.206249628147715));
#4796=CARTESIAN_POINT('Ctrl Pts',(0.0788123459813368,0.0260171876303492,
-0.206605086223766));
#4797=CARTESIAN_POINT('Ctrl Pts',(0.0787628009001422,0.0243251095236952,
-0.206809826502971));
#4798=CARTESIAN_POINT('Ctrl Pts',(0.0785165326976383,0.0159868177307346,
-0.207714968666874));
#4799=CARTESIAN_POINT('Ctrl Pts',(0.0783128715769835,0.00931211243468586,
-0.208115704970888));
#4800=CARTESIAN_POINT('Ctrl Pts',(0.0777953964460833,-0.00748727961627147,
-0.208314362739106));
#4801=CARTESIAN_POINT('Ctrl Pts',(0.077479896281687,-0.0175999783645569,
-0.207696266603087));
#4802=CARTESIAN_POINT('Ctrl Pts',(0.0770518095300339,-0.0315848343610892,
-0.205812525906296));
#4803=CARTESIAN_POINT('Ctrl Pts',(0.0769320034028149,-0.0355259883679418,
-0.205165777462768));
#4804=CARTESIAN_POINT('Ctrl Pts',(0.0767179302106126,-0.0426321200265002,
-0.203788732242648));
#4805=CARTESIAN_POINT('Ctrl Pts',(0.0766231071083597,-0.0458032682382821,
-0.203096953006281));
#4806=CARTESIAN_POINT('Ctrl Pts',(0.0764713594657483,-0.0509174897692656,
-0.201855405132635));
#4807=CARTESIAN_POINT('Ctrl Pts',(0.0764136757683965,-0.0528709915506693,
-0.201350999093475));
#4808=CARTESIAN_POINT('Ctrl Pts',(0.0763026977136402,-0.056646744864782,
-0.200317328716346));
#4809=CARTESIAN_POINT('Ctrl Pts',(0.0762493517100831,-0.0584697029967982,
-0.199791386798465));
#4810=CARTESIAN_POINT('Ctrl Pts',(0.0761215068495911,-0.062855807442162,
-0.198460763530606));
#4811=CARTESIAN_POINT('Ctrl Pts',(0.0760474514421462,-0.0654110783298774,
-0.197631249916237));
#4812=CARTESIAN_POINT('Ctrl Pts',(0.0757590112732019,-0.0754063641656834,
-0.194171330297843));
#4813=CARTESIAN_POINT('Ctrl Pts',(0.0755512012655471,-0.0827105419010234,
-0.191168329256038));
#4814=CARTESIAN_POINT('Ctrl Pts',(0.0750922119852956,-0.0986785600400147,
-0.18351562895749));
#4815=CARTESIAN_POINT('Ctrl Pts',(0.0748434998880036,-0.107219368091827,
-0.178652559036167));
#4816=CARTESIAN_POINT('Ctrl Pts',(0.0744658331101282,-0.119206286555029,
-0.170655294451526));
#4817=CARTESIAN_POINT('Ctrl Pts',(0.0743435690429092,-0.122942299718545,
-0.167979835768437));
#4818=CARTESIAN_POINT('Ctrl Pts',(0.074175422113797,-0.12780731787707,-0.164246021716069));
#4819=CARTESIAN_POINT('Ctrl Pts',(0.0741328199105507,-0.129017615680429,
-0.16329561108429));
#4820=CARTESIAN_POINT('Ctrl Pts',(0.0740600236051329,-0.131044519166005,
-0.161667252494093));
#4821=CARTESIAN_POINT('Ctrl Pts',(0.0740300831359119,-0.131866703131683,
-0.16099631318923));
#4822=CARTESIAN_POINT('Ctrl Pts',(0.073964727645054,-0.133635151372062,
-0.159530483873863));
#4823=CARTESIAN_POINT('Ctrl Pts',(0.073929232099228,-0.134579525081498,
-0.158733403843718));
#4824=CARTESIAN_POINT('Ctrl Pts',(0.0738228723887447,-0.137364506177712,
-0.156339963685726));
#4825=CARTESIAN_POINT('Ctrl Pts',(0.0737511602557547,-0.139184210822998,
-0.154719634887546));
#4826=CARTESIAN_POINT('Ctrl Pts',(0.0733536979591986,-0.148991024830164,
-0.14567343387966));
#4827=CARTESIAN_POINT('Ctrl Pts',(0.073012743251798,-0.15641311292557,-0.13766006428833));
#4828=CARTESIAN_POINT('Ctrl Pts',(0.0724012936929178,-0.168684094651332,
-0.122124930479891));
#4829=CARTESIAN_POINT('Ctrl Pts',(0.072129937516856,-0.173742765478915,
-0.114801239394924));
#4830=CARTESIAN_POINT('Ctrl Pts',(0.0717763023763751,-0.179905081802369,
-0.104530553753123));
#4831=CARTESIAN_POINT('Ctrl Pts',(0.0716862573489152,-0.181433585817297,
-0.1018496360278));
#4832=CARTESIAN_POINT('Ctrl Pts',(0.071540084536296,-0.183847505873513,
-0.0973880047523145));
#4833=CARTESIAN_POINT('Ctrl Pts',(0.0714833007605567,-0.184768009618598,
-0.0956268421265476));
#4834=CARTESIAN_POINT('Ctrl Pts',(0.0713727167625698,-0.186525996376225,
-0.0921427058823768));
#4835=CARTESIAN_POINT('Ctrl Pts',(0.0713188879910531,-0.187365193350496,
-0.0904208135066795));
#4836=CARTESIAN_POINT('Ctrl Pts',(0.0711875150323276,-0.18937123906248,
-0.0861562435716369));
#4837=CARTESIAN_POINT('Ctrl Pts',(0.0711104795333022,-0.190510825681999,
-0.0836011409812525));
#4838=CARTESIAN_POINT('Ctrl Pts',(0.0706475913979004,-0.197120497126121,
-0.0679400053431591));
#4839=CARTESIAN_POINT('Ctrl Pts',(0.0702868400697061,-0.201288845722246,
-0.0543250246400603));
#4840=CARTESIAN_POINT('Ctrl Pts',(0.0697893436562856,-0.205018423813028,
-0.0354182799300299));
#4841=CARTESIAN_POINT('Ctrl Pts',(0.0696575882977046,-0.205817359357133,
-0.0304103090997111));
#4842=CARTESIAN_POINT('Ctrl Pts',(0.0694631710791574,-0.206703609009654,
-0.0231596252060918));
#4843=CARTESIAN_POINT('Ctrl Pts',(0.0694030736196251,-0.206938989746128,
-0.0209368086034561));
#4844=CARTESIAN_POINT('Ctrl Pts',(0.0692932545488134,-0.207298597498464,
-0.0169237627704099));
#4845=CARTESIAN_POINT('Ctrl Pts',(0.0692438299317451,-0.207435577570122,
-0.0151348923527719));
#4846=CARTESIAN_POINT('Ctrl Pts',(0.0691629147569147,-0.207619506711763,
-0.0122411848680601));
#4847=CARTESIAN_POINT('Ctrl Pts',(0.0691318229374084,-0.207680829268353,
-0.0111373513927136));
#4848=CARTESIAN_POINT('Ctrl Pts',(0.0690680192881887,-0.207787660435862,
-0.00889080078944272));
#4849=CARTESIAN_POINT('Ctrl Pts',(0.069035284517465,-0.207832550073032,
-0.00774807814826562));
#4850=CARTESIAN_POINT('Ctrl Pts',(0.068945421017154,-0.207929106996201,
-0.00463523517252275));
#4851=CARTESIAN_POINT('Ctrl Pts',(0.0688877792662487,-0.207962185261843,
-0.00266466853297409));
#4852=CARTESIAN_POINT('Ctrl Pts',(0.0685286362428621,-0.207993311810963,
0.00948190382970684));
#4853=CARTESIAN_POINT('Ctrl Pts',(0.0682120189328893,-0.207272061088327,
0.019645929483928));
#4854=CARTESIAN_POINT('Ctrl Pts',(0.0675590349225053,-0.204242265224766,
0.0405103804004214));
#4855=CARTESIAN_POINT('Ctrl Pts',(0.067224205083667,-0.201827847186877,
0.051165239013269));
#4856=CARTESIAN_POINT('Ctrl Pts',(0.0668195960708762,-0.197745643653201,
0.0642937890959113));
#4857=CARTESIAN_POINT('Ctrl Pts',(0.0667369237312351,-0.196846854753652,
0.0669884077745023));
#4858=CARTESIAN_POINT('Ctrl Pts',(0.0665993427780948,-0.195241054362299,
0.0714931331150654));
#4859=CARTESIAN_POINT('Ctrl Pts',(0.0665439273914603,-0.194563357480362,
0.0733132595268974));
#4860=CARTESIAN_POINT('Ctrl Pts',(0.0664328914753692,-0.193142923605399,
0.0769707125779759));
#4861=CARTESIAN_POINT('Ctrl Pts',(0.06637729523924,-0.192399218950225,0.0788074541758166));
#4862=CARTESIAN_POINT('Ctrl Pts',(0.066237137086744,-0.19044213004052,0.0834491182930052));
#4863=CARTESIAN_POINT('Ctrl Pts',(0.066153234949653,-0.189192957750875,
0.0862384589232872));
#4864=CARTESIAN_POINT('Ctrl Pts',(0.0657443515638732,-0.182730797017685,
0.0998554528893695));
#4865=CARTESIAN_POINT('Ctrl Pts',(0.0654359404707316,-0.176647540923474,
0.110244952137988));
#4866=CARTESIAN_POINT('Ctrl Pts',(0.0648988044342088,-0.164590623713894,
0.127264006497607));
#4867=CARTESIAN_POINT('Ctrl Pts',(0.064670654277435,-0.159025412154045,
0.13414405750446));
#4868=CARTESIAN_POINT('Ctrl Pts',(0.0643797836553581,-0.151796225262552,
0.141998857602634));
#4869=CARTESIAN_POINT('Ctrl Pts',(0.0643292303086705,-0.150535508541649,
0.143332759020888));
#4870=CARTESIAN_POINT('Ctrl Pts',(0.0642469251370264,-0.148481568300003,
0.145449026517755));
#4871=CARTESIAN_POINT('Ctrl Pts',(0.0642155968464974,-0.147699443668357,
0.146242020816024));
#4872=CARTESIAN_POINT('Ctrl Pts',(0.0641518276438598,-0.14610837970031,
0.147829450834383));
#4873=CARTESIAN_POINT('Ctrl Pts',(0.0641193705108539,-0.145299223898217,
0.148623643299509));
#4874=CARTESIAN_POINT('Ctrl Pts',(0.0640311513832728,-0.143099959004881,
0.150747163282024));
#4875=CARTESIAN_POINT('Ctrl Pts',(0.0639749064324827,-0.141697827836255,
0.152063863919397));
#4876=CARTESIAN_POINT('Ctrl Pts',(0.0635978176099548,-0.132277412317206,
0.160667239102728));
#4877=CARTESIAN_POINT('Ctrl Pts',(0.063259638560397,-0.123717794908936,
0.167336474169887));
#4878=CARTESIAN_POINT('Ctrl Pts',(0.0626001613909702,-0.105950013657353,
0.179072701165609));
#4879=CARTESIAN_POINT('Ctrl Pts',(0.0622797484793067,-0.0967992474220853,
0.184170760170453));
#4880=CARTESIAN_POINT('Ctrl Pts',(0.0618903720266325,-0.0847829901910012,
0.189723116968619));
#4881=CARTESIAN_POINT('Ctrl Pts',(0.0618095719487456,-0.0822392890077344,
0.190837199982799));
#4882=CARTESIAN_POINT('Ctrl Pts',(0.0616741412966385,-0.0778900093451724,
0.192639116030727));
#4883=CARTESIAN_POINT('Ctrl Pts',(0.0616190406209233,-0.0760957809887255,
0.193353342870742));
#4884=CARTESIAN_POINT('Ctrl Pts',(0.0615145783564279,-0.0726476841702786,
0.194670565482311));
#4885=CARTESIAN_POINT('Ctrl Pts',(0.0614651447210604,-0.0709955965551135,
0.195277757324608));
#4886=CARTESIAN_POINT('Ctrl Pts',(0.0613348589138139,-0.0665888615728326,
0.19683412617962));
#4887=CARTESIAN_POINT('Ctrl Pts',(0.061254663176838,-0.06382161385005,0.19774650184637));
#4888=CARTESIAN_POINT('Ctrl Pts',(0.0608111366351666,-0.048236720355893,
0.202524073847709));
#4889=CARTESIAN_POINT('Ctrl Pts',(0.0604694585457807,-0.0350879269918449,
0.205202109223317));
#4890=CARTESIAN_POINT('Ctrl Pts',(0.0599841935656493,-0.0163927180922273,
0.20715963076371));
#4891=CARTESIAN_POINT('Ctrl Pts',(0.0598437808338808,-0.0109922176703538,
0.207512592522564));
#4892=CARTESIAN_POINT('Ctrl Pts',(0.0596381044969764,-0.00326406034176278,
0.207715028828717));
#4893=CARTESIAN_POINT('Ctrl Pts',(0.0595757183082609,-0.000943086436214797,
0.207736898472135));
#4894=CARTESIAN_POINT('Ctrl Pts',(0.0594621609438634,0.00322274480294843,
0.207706294111844));
#4895=CARTESIAN_POINT('Ctrl Pts',(0.0594113176447941,0.00506746820995716,
0.207668144462277));
#4896=CARTESIAN_POINT('Ctrl Pts',(0.0593286455007241,0.00802653674194609,
0.207567467668608));
#4897=CARTESIAN_POINT('Ctrl Pts',(0.0592972462799596,0.00914130593661942,
0.207520538156924));
#4898=CARTESIAN_POINT('Ctrl Pts',(0.0592334481893835,0.0113858775729283,
0.207407909418489));
#4899=CARTESIAN_POINT('Ctrl Pts',(0.0592010345644413,0.0125156496452391,
0.207341951770908));
#4900=CARTESIAN_POINT('Ctrl Pts',(0.0591131201642382,0.0155539828137553,
0.207139624644415));
#4901=CARTESIAN_POINT('Ctrl Pts',(0.0590571424621059,0.017461280460961,
0.206986098739082));
#4902=CARTESIAN_POINT('Ctrl Pts',(0.0586790601443321,0.0301908530711051,
0.205784106939976));
#4903=CARTESIAN_POINT('Ctrl Pts',(0.0583394457719778,0.0409185358122326,
0.203913116730407));
#4904=CARTESIAN_POINT('Ctrl Pts',(0.0577865204969502,0.0582027510685206,
0.199478571827088));
#4905=CARTESIAN_POINT('Ctrl Pts',(0.0575718036363344,0.0648641381315023,
0.197407122282927));
#4906=CARTESIAN_POINT('Ctrl Pts',(0.0572615598942828,0.0745247732872482,
0.193860840874299));
#4907=CARTESIAN_POINT('Ctrl Pts',(0.0571625368275537,0.0776129226448894,
0.192642480258486));
#4908=CARTESIAN_POINT('Ctrl Pts',(0.0569812304582362,0.0832815262626092,
0.190247529122362));
#4909=CARTESIAN_POINT('Ctrl Pts',(0.0568986321053596,0.0858696527666949,
0.189091088391058));
#4910=CARTESIAN_POINT('Ctrl Pts',(0.0567610871677979,0.0901889138613993,
0.187054094662249));
#4911=CARTESIAN_POINT('Ctrl Pts',(0.0567056366110324,0.0919328237249243,
0.186201577614246));
#4912=CARTESIAN_POINT('Ctrl Pts',(0.0565944586139745,0.0954335968800529,
0.184428998105808));
#4913=CARTESIAN_POINT('Ctrl Pts',(0.0565387567020513,0.0971897500263424,
0.183507966038848));
#4914=CARTESIAN_POINT('Ctrl Pts',(0.0563981739163616,0.101625075865023,
0.181100223654754));
#4915=CARTESIAN_POINT('Ctrl Pts',(0.0563139587776604,0.10428505488063,0.179579116086545));
#4916=CARTESIAN_POINT('Ctrl Pts',(0.0559104161713939,0.11701762873108,0.171919333349274));
#4917=CARTESIAN_POINT('Ctrl Pts',(0.0556069633329936,0.126588798908628,
0.164988982345901));
#4918=CARTESIAN_POINT('Ctrl Pts',(0.0550680832715183,0.142412630471514,
0.151336136941693));
#4919=CARTESIAN_POINT('Ctrl Pts',(0.0548330719012371,0.14890697131586,0.144941831222197));
#4920=CARTESIAN_POINT('Ctrl Pts',(0.0545356289335762,0.156148084695656,
0.136807441573595));
#4921=CARTESIAN_POINT('Ctrl Pts',(0.054486307622326,0.157318764529766,0.135457633274836));
#4922=CARTESIAN_POINT('Ctrl Pts',(0.0544054810030617,0.159184368572144,
0.133249573551534));
#4923=CARTESIAN_POINT('Ctrl Pts',(0.0543743708087284,0.159890135409452,
0.132400597999134));
#4924=CARTESIAN_POINT('Ctrl Pts',(0.0543104222779336,0.161314498942027,
0.130659117692323));
#4925=CARTESIAN_POINT('Ctrl Pts',(0.0542775595295227,0.162032553004669,
0.129766201529722));
#4926=CARTESIAN_POINT('Ctrl Pts',(0.0541871333574956,0.163972313975775,
0.127312715122465));
#4927=CARTESIAN_POINT('Ctrl Pts',(0.0541290487806523,0.16517910522301,0.125740521493611));
#4928=CARTESIAN_POINT('Ctrl Pts',(0.053773846724954,0.172341841060107,0.116126878624061));
#4929=CARTESIAN_POINT('Ctrl Pts',(0.0534621393100211,0.17773208785982,0.107680418555971));
#4930=CARTESIAN_POINT('Ctrl Pts',(0.0528103940142627,0.18772389430843,0.0892035378720505));
#4931=CARTESIAN_POINT('Ctrl Pts',(0.0524719972431114,0.192178790029706,
0.079127621285193));
#4932=CARTESIAN_POINT('Ctrl Pts',(0.0520638594975974,0.196754045874267,
0.0660633397436924));
#4933=CARTESIAN_POINT('Ctrl Pts',(0.0519809620461806,0.19763841609423,0.0633614649482229));
#4934=CARTESIAN_POINT('Ctrl Pts',(0.0518430439357382,0.199033247341928,
0.0587841702239807));
#4935=CARTESIAN_POINT('Ctrl Pts',(0.0517875141883545,0.199573359848598,
0.0569182118435844));
#4936=CARTESIAN_POINT('Ctrl Pts',(0.0516762701506509,0.20061128179381,0.0531344048391768));
#4937=CARTESIAN_POINT('Ctrl Pts',(0.0516205798713616,0.201107983242929,
0.0512164552916154));
#4938=CARTESIAN_POINT('Ctrl Pts',(0.0514802112541478,0.202300496217479,
0.0463242270717517));
#4939=CARTESIAN_POINT('Ctrl Pts',(0.0513961929942692,0.202958265005428,
0.0433411433638957));
#4940=CARTESIAN_POINT('Ctrl Pts',(0.0509881260774848,0.205866836345884,
0.0286116166587923));
#4941=CARTESIAN_POINT('Ctrl Pts',(0.0506805000042099,0.207165509649691,
0.0167000852208367));
#4942=CARTESIAN_POINT('Ctrl Pts',(0.0501462538943322,0.207624807588615,
-0.00399778107290073));
#4943=CARTESIAN_POINT('Ctrl Pts',(0.0499201838051842,0.207266049253536,
-0.0127422308043158));
#4944=CARTESIAN_POINT('Ctrl Pts',(0.0496302577889653,0.206159717494401,
-0.0233182216607167));
#4945=CARTESIAN_POINT('Ctrl Pts',(0.0495781302774498,0.205937272109593,
-0.025196071497934));
#4946=CARTESIAN_POINT('Ctrl Pts',(0.0494938589310539,0.20554154376348,-0.0281860027577816));
#4947=CARTESIAN_POINT('Ctrl Pts',(0.0494621725104622,0.205384838817974,
-0.0293001815146199));
#4948=CARTESIAN_POINT('Ctrl Pts',(0.0494022174292156,0.205073906173441,
-0.0313875637212335));
#4949=CARTESIAN_POINT('Ctrl Pts',(0.0493740077487054,0.204921797718833,
-0.0323610315996283));
#4950=CARTESIAN_POINT('Ctrl Pts',(0.0492959265750056,0.204484690692281,
-0.0350334020461074));
#4951=CARTESIAN_POINT('Ctrl Pts',(0.0492456464118207,0.204185444449001,
-0.0367299041984797));
#4952=CARTESIAN_POINT('Ctrl Pts',(0.0489824877142827,0.202525548578617,
-0.0454999107497409));
#4953=CARTESIAN_POINT('Ctrl Pts',(0.0487615239208669,0.200818092352882,
-0.0525026541609985));
#4954=CARTESIAN_POINT('Ctrl Pts',(0.0482398782168686,0.195979759735638,
-0.0686432241183054));
#4955=CARTESIAN_POINT('Ctrl Pts',(0.0479385398706741,0.19256819326961,-0.0776799908368132));
#4956=CARTESIAN_POINT('Ctrl Pts',(0.0475263274967518,0.186910024385899,
-0.0899945852185903));
#4957=CARTESIAN_POINT('Ctrl Pts',(0.0474088556106198,0.185179938079174,
-0.0934959774295397));
#4958=CARTESIAN_POINT('Ctrl Pts',(0.0471983486579773,0.181857817859575,
-0.0997672133688021));
#4959=CARTESIAN_POINT('Ctrl Pts',(0.0471047907679201,0.180298659404422,
-0.102553110214511));
#4960=CARTESIAN_POINT('Ctrl Pts',(0.0469543804168494,0.177655454713064,
-0.107030329676082));
#4961=CARTESIAN_POINT('Ctrl Pts',(0.0468968012327827,0.176610043053775,
-0.108743824926033));
#4962=CARTESIAN_POINT('Ctrl Pts',(0.0467855820060817,0.174525401442728,
-0.112051752953656));
#4963=CARTESIAN_POINT('Ctrl Pts',(0.0467318978325761,0.173488769480882,
-0.113647591088423));
#4964=CARTESIAN_POINT('Ctrl Pts',(0.0466145206704901,0.171155801367371,
-0.117133147519455));
#4965=CARTESIAN_POINT('Ctrl Pts',(0.0465510304474803,0.169849810073745,
-0.119016113127563));
#4966=CARTESIAN_POINT('Ctrl Pts',(0.0463181995948375,0.164900993123922,
-0.125904723467706));
#4967=CARTESIAN_POINT('Ctrl Pts',(0.0461527900594421,0.16106581744029,-0.130768288175718));
#4968=CARTESIAN_POINT('Ctrl Pts',(0.0459646452630436,0.15638444696138,-0.136187446408288));
#4969=CARTESIAN_POINT('Ctrl Pts',(0.0459392168128611,0.155744913240839,
-0.13691735337664));
#4970=CARTESIAN_POINT('Ctrl Pts',(0.0456365763272803,0.148055163929216,
-0.145570471127651));
#4971=CARTESIAN_POINT('Ctrl Pts',(0.045367415622718,0.140412340922768,-0.152946203635596));
#4972=CARTESIAN_POINT('Ctrl Pts',(0.0449640474508488,0.128582528995044,
-0.162727844395471));
#4973=CARTESIAN_POINT('Ctrl Pts',(0.0448374645805838,0.124823428637107,
-0.165624737566892));
#4974=CARTESIAN_POINT('Ctrl Pts',(0.0446642248860882,0.11970640482768,-0.16929512847322));
#4975=CARTESIAN_POINT('Ctrl Pts',(0.0446210852496873,0.118434388547767,
-0.170186048134528));
#4976=CARTESIAN_POINT('Ctrl Pts',(0.044547583598199,0.116274918322658,-0.171662632079141));
#4977=CARTESIAN_POINT('Ctrl Pts',(0.0445174839430264,0.115392735467355,
-0.172255930779312));
#4978=CARTESIAN_POINT('Ctrl Pts',(0.0444520198462648,0.113480431927684,
-0.173520752539972));
#4979=CARTESIAN_POINT('Ctrl Pts',(0.0444165783550743,0.11244883374208,-0.174189939164555));
#4980=CARTESIAN_POINT('Ctrl Pts',(0.0443109456189423,0.109382184582918,
-0.176140675375612));
#4981=CARTESIAN_POINT('Ctrl Pts',(0.0442399284009008,0.107330723282869,
-0.17739600976579));
#4982=CARTESIAN_POINT('Ctrl Pts',(0.0438425183461151,0.0958688773330836,
-0.184138389278139));
#4983=CARTESIAN_POINT('Ctrl Pts',(0.0435008020875886,0.0860588898324094,
-0.18891252304939));
#4984=CARTESIAN_POINT('Ctrl Pts',(0.0428885414887678,0.0676703749980523,
-0.196132697556741));
#4985=CARTESIAN_POINT('Ctrl Pts',(0.0426171261174978,0.0592216034897969,
-0.198839577012709));
#4986=CARTESIAN_POINT('Ctrl Pts',(0.0422632594160403,0.0476388299649824,
-0.201747390954526));
#4987=CARTESIAN_POINT('Ctrl Pts',(0.0421730690358697,0.0446357457527391,
-0.202430579312821));
#4988=CARTESIAN_POINT('Ctrl Pts',(0.0420265795746773,0.0396729237958225,
-0.203443894814242));
#4989=CARTESIAN_POINT('Ctrl Pts',(0.0419696260512784,0.0377216928872289,
-0.203813186496115));
#4990=CARTESIAN_POINT('Ctrl Pts',(0.0418586434505825,0.0338774742104285,
-0.204483697907787));
#4991=CARTESIAN_POINT('Ctrl Pts',(0.0418045869089106,0.0319850142936062,
-0.204786811488975));
#4992=CARTESIAN_POINT('Ctrl Pts',(0.0416725079310421,0.0273136731244965,
-0.205468733176253));
#4993=CARTESIAN_POINT('Ctrl Pts',(0.0415950003253657,0.0245307741018657,
-0.205817485061907));
#4994=CARTESIAN_POINT('Ctrl Pts',(0.0411340279230319,0.00775523061509495,
-0.207574928066079));
#4995=CARTESIAN_POINT('Ctrl Pts',(0.0407751862274614,-0.00634429827301908,
-0.207613469576279));
#4996=CARTESIAN_POINT('Ctrl Pts',(0.0402789570667317,-0.0253970866061806,
-0.205721358191238));
#4997=CARTESIAN_POINT('Ctrl Pts',(0.0401463424203973,-0.0304354142954799,
-0.205033008156916));
#4998=CARTESIAN_POINT('Ctrl Pts',(0.0399507645535682,-0.0376472572244248,
-0.203775797211256));
#4999=CARTESIAN_POINT('Ctrl Pts',(0.0398903834569938,-0.0398448997572374,
-0.203355895012079));
#5000=CARTESIAN_POINT('Ctrl Pts',(0.0397800711418275,-0.0437925790042936,
-0.202535096655849));
#5001=CARTESIAN_POINT('Ctrl Pts',(0.0397304387953433,-0.0455450329325167,
-0.202146893646496));
#5002=CARTESIAN_POINT('Ctrl Pts',(0.039649196310192,-0.0483684166611746,
-0.201482833349399));
#5003=CARTESIAN_POINT('Ctrl Pts',(0.0396179868392864,-0.0494425742867728,
-0.201221094724112));
#5004=CARTESIAN_POINT('Ctrl Pts',(0.039553929889465,-0.0516238952180341,
-0.200671029480405));
#5005=CARTESIAN_POINT('Ctrl Pts',(0.0395210592004975,-0.0527308815149355,
-0.200382100077256));
#5006=CARTESIAN_POINT('Ctrl Pts',(0.0394307598029322,-0.0557409713933947,
-0.199569744534562));
#5007=CARTESIAN_POINT('Ctrl Pts',(0.0393728143228392,-0.0576390648506363,
-0.199028259501198));
#5008=CARTESIAN_POINT('Ctrl Pts',(0.0390162696432577,-0.0691435379937943,
-0.195567681031487));
#5009=CARTESIAN_POINT('Ctrl Pts',(0.0387029363719926,-0.0785348990840873,
-0.19198023453778));
#5010=CARTESIAN_POINT('Ctrl Pts',(0.0380514552891173,-0.0975220339576077,
-0.183098397754455));
#5011=CARTESIAN_POINT('Ctrl Pts',(0.0377148988457331,-0.10703422793988,
-0.177695264704229));
#5012=CARTESIAN_POINT('Ctrl Pts',(0.0373081768446709,-0.118431629149587,
-0.169971345092095));
#5013=CARTESIAN_POINT('Ctrl Pts',(0.0372250439005,-0.120753890264205,-0.16832678152017));
#5014=CARTESIAN_POINT('Ctrl Pts',(0.0370867762843888,-0.124603649773632,
-0.165479656388327));
#5015=CARTESIAN_POINT('Ctrl Pts',(0.0370311300138579,-0.126149417274984,
-0.164302486837419));
#5016=CARTESIAN_POINT('Ctrl Pts',(0.0369262675791493,-0.129054556680313,
-0.162024842298212));
#5017=CARTESIAN_POINT('Ctrl Pts',(0.0368769687234767,-0.130416998618066,
-0.160928555193717));
#5018=CARTESIAN_POINT('Ctrl Pts',(0.0367484634734851,-0.133957978846702,
-0.15800470404399));
#5019=CARTESIAN_POINT('Ctrl Pts',(0.036669871956844,-0.136113074251595,
-0.156149304750793));
#5020=CARTESIAN_POINT('Ctrl Pts',(0.0362153340706065,-0.148492177765953,
-0.145039943798643));
#5021=CARTESIAN_POINT('Ctrl Pts',(0.0358628350089791,-0.157810271776452,
-0.134828077296514));
#5022=CARTESIAN_POINT('Ctrl Pts',(0.0353707557485868,-0.169144350855629,
-0.11960079429086));
#5023=CARTESIAN_POINT('Ctrl Pts',(0.0352353210297142,-0.172086991154275,
-0.115320244561736));
#5024=CARTESIAN_POINT('Ctrl Pts',(0.0350360664735196,-0.176077535759359,
-0.109020180540973));
#5025=CARTESIAN_POINT('Ctrl Pts',(0.0349749285100162,-0.177258058027994,
-0.107086955267984));
#5026=CARTESIAN_POINT('Ctrl Pts',(0.034863377003211,-0.17932513243616,-0.103573515894335));
#5027=CARTESIAN_POINT('Ctrl Pts',(0.0348132722841241,-0.180223121077862,
-0.102000291362984));
#5028=CARTESIAN_POINT('Ctrl Pts',(0.0347314416985604,-0.181637326696006,
-0.0994453387785251));
#5029=CARTESIAN_POINT('Ctrl Pts',(0.0347001265664784,-0.18216650832157,
-0.0984708962182997));
#5030=CARTESIAN_POINT('Ctrl Pts',(0.0346360621637371,-0.18322382788416,
-0.0964860537713762));
#5031=CARTESIAN_POINT('Ctrl Pts',(0.0346032924036,-0.183751505569187,-0.0954754338088919));
#5032=CARTESIAN_POINT('Ctrl Pts',(0.034513628976814,-0.185161084501772,
-0.0927205215251289));
#5033=CARTESIAN_POINT('Ctrl Pts',(0.0344562306873802,-0.186026661626788,
-0.0909680211399958));
#5034=CARTESIAN_POINT('Ctrl Pts',(0.0340850227285107,-0.191404910198657,
-0.0796788795050594));
#5035=CARTESIAN_POINT('Ctrl Pts',(0.0337548705206813,-0.195207541385343,
-0.0698211500550885));
#5036=CARTESIAN_POINT('Ctrl Pts',(0.033207056584413,-0.200277194017059,
-0.0529417144663134));
#5037=CARTESIAN_POINT('Ctrl Pts',(0.0329883874738645,-0.201963595747858,
-0.046066447008485));
#5038=CARTESIAN_POINT('Ctrl Pts',(0.0326732399647006,-0.203924026123776,
-0.0358345734940374));
#5039=CARTESIAN_POINT('Ctrl Pts',(0.0325731546917246,-0.204473587459913,
-0.0325360178438305));
#5040=CARTESIAN_POINT('Ctrl Pts',(0.0323900928123466,-0.205343090630945,
-0.0264047104530999));
#5041=CARTESIAN_POINT('Ctrl Pts',(0.0323067924345289,-0.205684879495648,
-0.0235758595463994));
#5042=CARTESIAN_POINT('Ctrl Pts',(0.032168304723974,-0.206161459520459,
-0.0188069562151231));
#5043=CARTESIAN_POINT('Ctrl Pts',(0.0321126032277054,-0.206327490857333,
-0.0168704395771298));
#5044=CARTESIAN_POINT('Ctrl Pts',(0.0320076695062298,-0.206591038100294,
-0.0131882184155066));
#5045=CARTESIAN_POINT('Ctrl Pts',(0.0319583539971291,-0.206693754295366,
-0.0114430546276816));
#5046=CARTESIAN_POINT('Ctrl Pts',(0.031829874651778,-0.206905321480874,
-0.00685977551932745));
#5047=CARTESIAN_POINT('Ctrl Pts',(0.0317513239971801,-0.206977907463663,
-0.00402033970878835));
#5048=CARTESIAN_POINT('Ctrl Pts',(0.0312963782386893,-0.207060856499004,
0.0126160768428873));
#5049=CARTESIAN_POINT('Ctrl Pts',(0.0309434824236889,-0.205750741274558,
0.0263851163002375));
#5050=CARTESIAN_POINT('Ctrl Pts',(0.0304511463175097,-0.202077359574252,
0.0450050287757449));
#5051=CARTESIAN_POINT('Ctrl Pts',(0.0303158866056028,-0.200883737033791,
0.0500496632034401));
#5052=CARTESIAN_POINT('Ctrl Pts',(0.0301168527734845,-0.198898801842951,
0.0572242760832276));
#5053=CARTESIAN_POINT('Ctrl Pts',(0.0300557518701581,-0.198259906983021,
0.059394427394951));
#5054=CARTESIAN_POINT('Ctrl Pts',(0.0299442556430662,-0.19704608768086,
0.0632809389178136));
#5055=CARTESIAN_POINT('Ctrl Pts',(0.0298941683023501,-0.19648398423488,
0.0650010681267059));
#5056=CARTESIAN_POINT('Ctrl Pts',(0.0298123465408052,-0.195541275075183,
0.0677626158849202));
#5057=CARTESIAN_POINT('Ctrl Pts',(0.0297810220125926,-0.195174743056069,
0.0688087382207185));
#5058=CARTESIAN_POINT('Ctrl Pts',(0.0297169112980995,-0.194414017620524,
0.070925243098378));
#5059=CARTESIAN_POINT('Ctrl Pts',(0.0296841042513683,-0.19401933738021,
0.0719954267878794));
#5060=CARTESIAN_POINT('Ctrl Pts',(0.0295942847408765,-0.1929233854843,0.0748930491243923));
#5061=CARTESIAN_POINT('Ctrl Pts',(0.0295367655378535,-0.192204993236265,
0.0767138742684784));
#5062=CARTESIAN_POINT('Ctrl Pts',(0.0291708762169556,-0.187522210780195,
0.0881063727498824));
#5063=CARTESIAN_POINT('Ctrl Pts',(0.0288467458530938,-0.182869118521588,
0.0973790489445643));
#5064=CARTESIAN_POINT('Ctrl Pts',(0.0281953999353114,-0.172100780281545,
0.115337142658431));
#5065=CARTESIAN_POINT('Ctrl Pts',(0.0278694354152845,-0.165972106509795,
0.123980142329062));
#5066=CARTESIAN_POINT('Ctrl Pts',(0.0274720597225586,-0.157385731897609,
0.134311001828119));
#5067=CARTESIAN_POINT('Ctrl Pts',(0.0273885821524254,-0.155516791364568,
0.136467348720855));
#5068=CARTESIAN_POINT('Ctrl Pts',(0.0272498629385877,-0.152300374776232,
0.140026930744631));
#5069=CARTESIAN_POINT('Ctrl Pts',(0.0271941043746309,-0.150976627565582,
0.14145104947876));
#5070=CARTESIAN_POINT('Ctrl Pts',(0.0270890986390699,-0.148425344189046,
0.144119376416968));
#5071=CARTESIAN_POINT('Ctrl Pts',(0.0270397675452003,-0.147201729137398,
0.145367100799408));
#5072=CARTESIAN_POINT('Ctrl Pts',(0.0269113228370239,-0.143951011611808,
0.148598952975182));
#5073=CARTESIAN_POINT('Ctrl Pts',(0.0268328205356542,-0.141898654667273,
0.150557179032204));
#5074=CARTESIAN_POINT('Ctrl Pts',(0.0263774213699575,-0.129624704430954,
0.161795350138231));
#5075=CARTESIAN_POINT('Ctrl Pts',(0.0260240838856741,-0.118535198573804,
0.1700761059222));
#5076=CARTESIAN_POINT('Ctrl Pts',(0.0255314613704047,-0.102272332360111,
0.17985454374588));
#5077=CARTESIAN_POINT('Ctrl Pts',(0.0253963964052725,-0.0977425204001185,
0.182351918906307));
#5078=CARTESIAN_POINT('Ctrl Pts',(0.0251976089823197,-0.0911061650253756,
0.185692494726059));
#5079=CARTESIAN_POINT('Ctrl Pts',(0.0251365503857622,-0.0890719052457908,
0.186675038622429));
#5080=CARTESIAN_POINT('Ctrl Pts',(0.0250251179900116,-0.0853815876908593,
0.188383429598982));
#5081=CARTESIAN_POINT('Ctrl Pts',(0.0249750512625335,-0.0837313282863825,
0.189121268784439));
#5082=CARTESIAN_POINT('Ctrl Pts',(0.0248932422367813,-0.0810542110418044,
0.190276322203483));
#5083=CARTESIAN_POINT('Ctrl Pts',(0.0248619089174476,-0.080033304476289,
0.190707091174054));
#5084=CARTESIAN_POINT('Ctrl Pts',(0.024797751493309,-0.0779540183109397,
0.191564806858152));
#5085=CARTESIAN_POINT('Ctrl Pts',(0.0247649061351834,-0.0768954530935803,
0.191991243803278));
#5086=CARTESIAN_POINT('Ctrl Pts',(0.024674924683379,-0.0740090981824098,
0.193126299758582));
#5087=CARTESIAN_POINT('Ctrl Pts',(0.0246172796270785,-0.0721746811173833,
0.193817711157319));
#5088=CARTESIAN_POINT('Ctrl Pts',(0.0242529491520457,-0.0606453478543283,
0.197976911293735));
#5089=CARTESIAN_POINT('Ctrl Pts',(0.0239307023044683,-0.0507124226481313,
0.200742296608932));
#5090=CARTESIAN_POINT('Ctrl Pts',(0.0232797381380683,-0.0302024993432735,
0.204833372660102));
#5091=CARTESIAN_POINT('Ctrl Pts',(0.0229523287970167,-0.0196447957780456,
0.206105436596409));
#5092=CARTESIAN_POINT('Ctrl Pts',(0.022553528653056,-0.00618439612102583,
0.206683810701404));
#5093=CARTESIAN_POINT('Ctrl Pts',(0.022469966759177,-0.00333047983466338,
0.206747304123809));
#5094=CARTESIAN_POINT('Ctrl Pts',(0.0223311241389334,0.00146824571752967,
0.206754719655912));
#5095=CARTESIAN_POINT('Ctrl Pts',(0.0222753255439761,0.0034125914046827,
0.206730307374587));
#5096=CARTESIAN_POINT('Ctrl Pts',(0.0221702524102053,0.00710307082791763,
0.20663191190705));
#5097=CARTESIAN_POINT('Ctrl Pts',(0.0221208937683826,0.00884917663612696,
0.206563206647251));
#5098=CARTESIAN_POINT('Ctrl Pts',(0.021992390866522,0.0134260509762379,
0.206324995313808));
#5099=CARTESIAN_POINT('Ctrl Pts',(0.0219138578870823,0.0162545872954563,
0.206119385091734));
#5100=CARTESIAN_POINT('Ctrl Pts',(0.021458490324934,0.0328124531860756,
0.204572881590503));
#5101=CARTESIAN_POINT('Ctrl Pts',(0.0211051893393289,0.0463844301566562,
0.201919251614736));
#5102=CARTESIAN_POINT('Ctrl Pts',(0.0206125900878655,0.0645381254166168,
0.196440379961001));
#5103=CARTESIAN_POINT('Ctrl Pts',(0.0204775055153424,0.0694280365014497,
0.194762102856604));
#5104=CARTESIAN_POINT('Ctrl Pts',(0.0202786858358759,0.0763565458035364,
0.192089679835493));
#5105=CARTESIAN_POINT('Ctrl Pts',(0.0202176130184568,0.0784498193826411,
0.191242599147584));
#5106=CARTESIAN_POINT('Ctrl Pts',(0.0201061523288944,0.0821924644805985,
0.18965617515041));
#5107=CARTESIAN_POINT('Ctrl Pts',(0.0200560713888393,0.0838468252919869,
0.188929176258088));
#5108=CARTESIAN_POINT('Ctrl Pts',(0.0199742326111668,0.0864997816702392,
0.187721570488495));
#5109=CARTESIAN_POINT('Ctrl Pts',(0.0199428836154318,0.0875044219833471,
0.187254471139848));
#5110=CARTESIAN_POINT('Ctrl Pts',(0.0198786820364063,0.0895364110309081,
0.186289754351505));
#5111=CARTESIAN_POINT('Ctrl Pts',(0.0198458080242252,0.0905635034649007,
0.185791650604427));
#5112=CARTESIAN_POINT('Ctrl Pts',(0.0197557200015047,0.0933443714665292,
0.184414436047234));
#5113=CARTESIAN_POINT('Ctrl Pts',(0.0196979957999848,0.0950898257429979,
0.183518816363345));
#5114=CARTESIAN_POINT('Ctrl Pts',(0.0193382277547419,0.105771414678699,
0.177844275992203));
#5115=CARTESIAN_POINT('Ctrl Pts',(0.0190211059666921,0.11435859855712,0.172437963105448));
#5116=CARTESIAN_POINT('Ctrl Pts',(0.0183690566268507,0.131207032979124,
0.160013651345963));
#5117=CARTESIAN_POINT('Ctrl Pts',(0.0180356274448474,0.13938428946321,0.152931616105584));
#5118=CARTESIAN_POINT('Ctrl Pts',(0.0176318304299567,0.148962618355389,
0.143224306065745));
#5119=CARTESIAN_POINT('Ctrl Pts',(0.017548773896803,0.150912766264457,0.141164804458479));
#5120=CARTESIAN_POINT('Ctrl Pts',(0.0174104941799039,0.154125315507959,
0.137629142150525));
#5121=CARTESIAN_POINT('Ctrl Pts',(0.0173547636416433,0.155410401512071,
0.136174145070835));
#5122=CARTESIAN_POINT('Ctrl Pts',(0.0172496516615133,0.157814880125948,
0.133373206484755));
#5123=CARTESIAN_POINT('Ctrl Pts',(0.0172001888501262,0.158938042826791,
0.132030723620918));
#5124=CARTESIAN_POINT('Ctrl Pts',(0.0170710334901738,0.161847432491313,
0.128462081416322));
#5125=CARTESIAN_POINT('Ctrl Pts',(0.0169919639715283,0.163604849885818,
0.126212897805132));
#5126=CARTESIAN_POINT('Ctrl Pts',(0.0165397556727152,0.173498123100495,
0.112995916432926));
#5127=CARTESIAN_POINT('Ctrl Pts',(0.0161895761128661,0.180577814018642,
0.101279533220833));
#5128=CARTESIAN_POINT('Ctrl Pts',(0.0156989859945986,0.188694125167982,
0.0842371106224348));
#5129=CARTESIAN_POINT('Ctrl Pts',(0.0155624916101811,0.190759384280223,
0.0794401854905543));
#5130=CARTESIAN_POINT('Ctrl Pts',(0.0153618335584549,0.19345898552437,0.0724516304280707));
#5131=CARTESIAN_POINT('Ctrl Pts',(0.0153003811114126,0.194242360761458,
0.0703196851759844));
#5132=CARTESIAN_POINT('Ctrl Pts',(0.0151882968207244,0.19558810708337,0.0664617777964371));
#5133=CARTESIAN_POINT('Ctrl Pts',(0.0151379767658828,0.196163196269563,
0.0647404933726945));
#5134=CARTESIAN_POINT('Ctrl Pts',(0.0150558339401017,0.197053170262859,
0.0619550498447014));
#5135=CARTESIAN_POINT('Ctrl Pts',(0.0150244248943716,0.197382301416191,
0.060895544407284));
#5136=CARTESIAN_POINT('Ctrl Pts',(0.0149601959310554,0.198032189495827,
0.0587423654315013));
#5137=CARTESIAN_POINT('Ctrl Pts',(0.0149273558128623,0.198352465768971,
0.0576485698208635));
#5138=CARTESIAN_POINT('Ctrl Pts',(0.0148375196747414,0.199197002234923,
0.0546731831453691));
#5139=CARTESIAN_POINT('Ctrl Pts',(0.0147800186748089,0.199703636277321,
0.0527867230460642));
#5140=CARTESIAN_POINT('Ctrl Pts',(0.0144082734526905,0.202772270230475,
0.0406770868550771));
#5141=CARTESIAN_POINT('Ctrl Pts',(0.0140776942357518,0.204574945916112,
0.0302775247662884));
#5142=CARTESIAN_POINT('Ctrl Pts',(0.0135299798744027,0.20624505252665,0.012775691028076));
#5143=CARTESIAN_POINT('Ctrl Pts',(0.013311810628082,0.206555050922918,0.00573534389358516));
#5144=CARTESIAN_POINT('Ctrl Pts',(0.0129972017247809,0.206481136188824,
-0.00464056647516671));
#5145=CARTESIAN_POINT('Ctrl Pts',(0.0128971810160888,0.206376705327234,
-0.00797299769746184));
#5146=CARTESIAN_POINT('Ctrl Pts',(0.0127141779924088,0.206033917742523,
-0.0141394858560581));
#5147=CARTESIAN_POINT('Ctrl Pts',(0.0126308741928974,0.20581759866955,-0.0169739745228207));
#5148=CARTESIAN_POINT('Ctrl Pts',(0.0124922814327012,0.205355126495026,
-0.0217362769813876));
#5149=CARTESIAN_POINT('Ctrl Pts',(0.0124364810125584,0.205140141080791,
-0.0236667041859148));
#5150=CARTESIAN_POINT('Ctrl Pts',(0.0123312941099195,0.204679848963303,
-0.027329468943749));
#5151=CARTESIAN_POINT('Ctrl Pts',(0.0122818252670206,0.204439695768679,
-0.0290622839271086));
#5152=CARTESIAN_POINT('Ctrl Pts',(0.0121527782639553,0.203750791806054,
-0.0336076741549895));
#5153=CARTESIAN_POINT('Ctrl Pts',(0.0120738197895981,0.203265832923795,
-0.0364144001037194));
#5154=CARTESIAN_POINT('Ctrl Pts',(0.011620762166147,0.200115463533229,-0.052639829208163));
#5155=CARTESIAN_POINT('Ctrl Pts',(0.0112697504510367,0.196180217069639,
-0.0657775115832439));
#5156=CARTESIAN_POINT('Ctrl Pts',(0.0107786269159076,0.188994907462019,
-0.083239897730557));
#5157=CARTESIAN_POINT('Ctrl Pts',(0.0106425062970237,0.186834164753567,
-0.0879743005347293));
#5158=CARTESIAN_POINT('Ctrl Pts',(0.0104423268305967,0.183478669055622,
-0.0946465480938242));
#5159=CARTESIAN_POINT('Ctrl Pts',(0.0103809632791853,0.182427194879514,
-0.0966542602010869));
#5160=CARTESIAN_POINT('Ctrl Pts',(0.0102690186369792,0.1804760016334,-0.100235106924124));
#5161=CARTESIAN_POINT('Ctrl Pts',(0.0102187477790973,0.179588223145778,
-0.101814489721682));
#5162=CARTESIAN_POINT('Ctrl Pts',(0.0101366525451983,0.178123755061028,
-0.104341304287546));
#5163=CARTESIAN_POINT('Ctrl Pts',(0.010105240338239,0.177560028101652,-0.105296137760002));
#5164=CARTESIAN_POINT('Ctrl Pts',(0.0100409625755737,0.176400883913187,
-0.107223807555377));
#5165=CARTESIAN_POINT('Ctrl Pts',(0.0100080762500865,0.175805032826906,
-0.108196356743941));
#5166=CARTESIAN_POINT('Ctrl Pts',(0.00991803316190897,0.174164744363612,
-0.110824457071698));
#5167=CARTESIAN_POINT('Ctrl Pts',(0.00986036839452034,0.173104763942574,
-0.112470154258453));
#5168=CARTESIAN_POINT('Ctrl Pts',(0.00949948725976769,0.166398199855762,
-0.122564087030588));
#5169=CARTESIAN_POINT('Ctrl Pts',(0.00918108283181263,0.160157239606252,
-0.130600638838918));
#5170=CARTESIAN_POINT('Ctrl Pts',(0.00853052745259324,0.146180852724267,
-0.146089949384079));
#5171=CARTESIAN_POINT('Ctrl Pts',(0.00819979804914477,0.138404236493603,
-0.153466025121018));
#5172=CARTESIAN_POINT('Ctrl Pts',(0.007797704432179,0.127872267402354,-0.162004653114575));
#5173=CARTESIAN_POINT('Ctrl Pts',(0.00771393252287203,0.125616616004785,
-0.163757091769315));
#5174=CARTESIAN_POINT('Ctrl Pts',(0.00757476952414155,0.12176523881079,
-0.166623126027308));
#5175=CARTESIAN_POINT('Ctrl Pts',(0.00751885856280612,0.120188827141941,
-0.167761977745299));
#5176=CARTESIAN_POINT('Ctrl Pts',(0.00740698688341826,0.11697648705516,
-0.170014296218429));
#5177=CARTESIAN_POINT('Ctrl Pts',(0.00735104811761539,0.115340165348192,
-0.171126857191679));
#5178=CARTESIAN_POINT('Ctrl Pts',(0.0072102808778245,0.111147904222718,
-0.17388995854275));
#5179=CARTESIAN_POINT('Ctrl Pts',(0.00712610859771028,0.108570990602421,
-0.175507848797165));
#5180=CARTESIAN_POINT('Ctrl Pts',(0.00671686600589563,0.0957201224211913,
-0.18318543769983));
#5181=CARTESIAN_POINT('Ctrl Pts',(0.00640823433704297,0.084969872475891,
-0.188403920596874));
#5182=CARTESIAN_POINT('Ctrl Pts',(0.00587610515645521,0.0658284383102053,
-0.195724020146644));
#5183=CARTESIAN_POINT('Ctrl Pts',(0.00565320107737163,0.0576449662306166,
-0.198282420296309));
#5184=CARTESIAN_POINT('Ctrl Pts',(0.00536560824715411,0.0474496591687998,
-0.20078508329785));
#5185=CARTESIAN_POINT('Ctrl Pts',(0.00531207320313047,0.0455665200069356,
-0.201219366651827));
#5186=CARTESIAN_POINT('Ctrl Pts',(0.00522596384296009,0.0425695664498953,
-0.201866276070618));
#5187=CARTESIAN_POINT('Ctrl Pts',(0.00519387549255164,0.0414596131170249,
-0.202096301676949));
#5188=CARTESIAN_POINT('Ctrl Pts',(0.00513350273831704,0.0393860836928832,
-0.202508210688384));
#5189=CARTESIAN_POINT('Ctrl Pts',(0.00510528359063082,0.0384230178693165,
-0.202692391796473));
#5190=CARTESIAN_POINT('Ctrl Pts',(0.00502771822619633,0.0357910348484139,
-0.203176306558302));
#5191=CARTESIAN_POINT('Ctrl Pts',(0.00497797758194879,0.034119667375596,
-0.203462331910255));
#5192=CARTESIAN_POINT('Ctrl Pts',(0.00473261161697892,0.0259403591599498,
-0.204758434517174));
#5193=CARTESIAN_POINT('Ctrl Pts',(0.00453019671583808,0.019390173067369,
-0.205476883420241));
#5194=CARTESIAN_POINT('Ctrl Pts',(0.00410532004793274,0.00573816105639274,
-0.206315638681156));
#5195=CARTESIAN_POINT('Ctrl Pts',(0.00388284317865779,-0.00135852200355432,
-0.206385127794123));
#5196=CARTESIAN_POINT('Ctrl Pts',(0.00341475606855612,-0.0164450979268887,
-0.205754678485202));
#5197=CARTESIAN_POINT('Ctrl Pts',(0.00317034756660934,-0.0244195873056856,
-0.204954820993304));
#5198=CARTESIAN_POINT('Ctrl Pts',(0.00285330558129964,-0.0349976465293714,
-0.203267609598751));
#5199=CARTESIAN_POINT('Ctrl Pts',(0.00277411781315716,-0.0376592310535163,
-0.202789259196557));
#5200=CARTESIAN_POINT('Ctrl Pts',(0.00264079301701626,-0.0421735304917381,
-0.201885988247356));
#5201=CARTESIAN_POINT('Ctrl Pts',(0.00258621534950548,-0.0440311711388387,
-0.201487531877332));
#5202=CARTESIAN_POINT('Ctrl Pts',(0.00247471087348537,-0.0478452692085524,
-0.200614152769985));
#5203=CARTESIAN_POINT('Ctrl Pts',(0.00241784391193869,-0.0498008168264351,
-0.200136135247469));
#5204=CARTESIAN_POINT('Ctrl Pts',(0.00227113217811658,-0.0548699785765873,
-0.198818110705147));
#5205=CARTESIAN_POINT('Ctrl Pts',(0.00218206530418598,-0.0579714699239983,
-0.197933581872624));
#5206=CARTESIAN_POINT('Ctrl Pts',(0.0019860257616204,-0.0648346766695261,
-0.195801024606095));
#5207=CARTESIAN_POINT('Ctrl Pts',(0.00187966227720941,-0.0685837631364564,
-0.194516569627872));
#5208=CARTESIAN_POINT('Ctrl Pts',(0.00150868485743779,-0.0816733593336828,
-0.189606293786766));
#5209=CARTESIAN_POINT('Ctrl Pts',(0.00125168387393918,-0.0907844699123067,
-0.185408976583264));
#5210=CARTESIAN_POINT('Ctrl Pts',(0.000817569503902566,-0.105323999471768,
-0.177379701804744));
#5211=CARTESIAN_POINT('Ctrl Pts',(0.000643266453575133,-0.110937644737635,
-0.17391853477139));
#5212=CARTESIAN_POINT('Ctrl Pts',(0.000414936876753361,-0.117772038250584,
-0.169238067461297));
#5213=CARTESIAN_POINT('Ctrl Pts',(0.000367801536518444,-0.119156632839498,
-0.168264566270912));
#5214=CARTESIAN_POINT('Ctrl Pts',(0.000292492077014507,-0.121322783270684,
-0.166701319912965));
#5215=CARTESIAN_POINT('Ctrl Pts',(0.000264705093486436,-0.122112398560605,
-0.166122875637239));
#5216=CARTESIAN_POINT('Ctrl Pts',(0.000204200716253741,-0.123809689750682,
-0.164860814833277));
#5217=CARTESIAN_POINT('Ctrl Pts',(0.000171403543067668,-0.12471590340162,
-0.164175262499611));
#5218=CARTESIAN_POINT('Ctrl Pts',(8.19863307781377E-5,-0.127151486725542,
-0.162300857632637));
#5219=CARTESIAN_POINT('Ctrl Pts',(2.48708362568449E-5,-0.128669827647747,
-0.161097881937237));
#5220=CARTESIAN_POINT('Ctrl Pts',(-0.000291730697511966,-0.136902369513791,
-0.154384162391248));
#5221=CARTESIAN_POINT('Ctrl Pts',(-0.000562379531510232,-0.143279869689986,
-0.14847450919039));
#5222=CARTESIAN_POINT('Ctrl Pts',(-0.00120134582017187,-0.157380861725763,
-0.133646598461773));
#5223=CARTESIAN_POINT('Ctrl Pts',(-0.00156819525348867,-0.164750495667961,
-0.124432631090596));
#5224=CARTESIAN_POINT('Ctrl Pts',(-0.00200971860015261,-0.172986238884175,
-0.112106120769597));
#5225=CARTESIAN_POINT('Ctrl Pts',(-0.00209943544691137,-0.174622820556535,
-0.109535033849643));
#5226=CARTESIAN_POINT('Ctrl Pts',(-0.00224559246090344,-0.177227497065571,
-0.105235551654555));
#5227=CARTESIAN_POINT('Ctrl Pts',(-0.00230267035966714,-0.178228738279031,
-0.103527812202811));
#5228=CARTESIAN_POINT('Ctrl Pts',(-0.00241485701915682,-0.180164205995287,
-0.100114931435667));
#5229=CARTESIAN_POINT('Ctrl Pts',(-0.00246997719613419,-0.181099216747817,
-0.0984104641207044));
#5230=CARTESIAN_POINT('Ctrl Pts',(-0.00260486289374263,-0.18334640541941,
-0.0941729425590867));
#5231=CARTESIAN_POINT('Ctrl Pts',(-0.00268409033182646,-0.184630394158218,
-0.0916253795961859));
#5232=CARTESIAN_POINT('Ctrl Pts',(-0.0030547804041191,-0.190454544902788,
-0.0794472814996656));
#5233=CARTESIAN_POINT('Ctrl Pts',(-0.00333326697376234,-0.194297237882205,
-0.0695009924803556));
#5234=CARTESIAN_POINT('Ctrl Pts',(-0.00387459150862407,-0.200275519083634,
-0.049556446003184));
#5235=CARTESIAN_POINT('Ctrl Pts',(-0.00413711320601767,-0.2024710337752,
-0.0396076025106929));
#5236=CARTESIAN_POINT('Ctrl Pts',(-0.00446960350420628,-0.20420081938702,
-0.027604797205706));
#5237=CARTESIAN_POINT('Ctrl Pts',(-0.00452375287841363,-0.204451873306046,
-0.0256680051471115));
#5238=CARTESIAN_POINT('Ctrl Pts',(-0.00461064151154286,-0.204805518174858,
-0.0225977367933586));
#5239=CARTESIAN_POINT('Ctrl Pts',(-0.00464288119860747,-0.204926330382077,
-0.0214664661169527));
#5240=CARTESIAN_POINT('Ctrl Pts',(-0.00470718446009679,-0.205146635183744,
-0.0192279904073163));
#5241=CARTESIAN_POINT('Ctrl Pts',(-0.0047392429460541,-0.205246546279073,
-0.0181208914922366));
#5242=CARTESIAN_POINT('Ctrl Pts',(-0.0048243940119594,-0.20548619119516,
-0.0152015170800342));
#5243=CARTESIAN_POINT('Ctrl Pts',(-0.00487790751539934,-0.205610899977675,
-0.0133880964796465));
#5244=CARTESIAN_POINT('Ctrl Pts',(-0.00522261807842505,-0.206252787389791,
-0.00181804420375994));
#5245=CARTESIAN_POINT('Ctrl Pts',(-0.00552846000882111,-0.206098997578939,
0.00796330841853102));
#5246=CARTESIAN_POINT('Ctrl Pts',(-0.00617152525256965,-0.204314431426895,
0.028465558841799));
#5247=CARTESIAN_POINT('Ctrl Pts',(-0.00650727895408541,-0.20253089196516,
0.0391446491487763));
#5248=CARTESIAN_POINT('Ctrl Pts',(-0.006921841365989,-0.199170628521209,
0.0526340498364804));
#5249=CARTESIAN_POINT('Ctrl Pts',(-0.00701295336505316,-0.198356036938652,
0.0556163877903301));
#5250=CARTESIAN_POINT('Ctrl Pts',(-0.00716076853949166,-0.196907924603023,
0.0604844591939478));
#5251=CARTESIAN_POINT('Ctrl Pts',(-0.00721813769565562,-0.196313654189365,
0.0623813353373946));
#5252=CARTESIAN_POINT('Ctrl Pts',(-0.00733048497965145,-0.195086030277465,
0.0661098673964872));
#5253=CARTESIAN_POINT('Ctrl Pts',(-0.00738548146106172,-0.194454095357117,
0.0679417796162624));
#5254=CARTESIAN_POINT('Ctrl Pts',(-0.00751932604574869,-0.192840308986324,
0.0724143127236557));
#5255=CARTESIAN_POINT('Ctrl Pts',(-0.00759765719775361,-0.19182995965475,
0.0750442494195224));
#5256=CARTESIAN_POINT('Ctrl Pts',(-0.00776566769708757,-0.189522066097839,
0.0807022842221964));
#5257=CARTESIAN_POINT('Ctrl Pts',(-0.00785499908811797,-0.188205182332614,
0.083721672033404));
#5258=CARTESIAN_POINT('Ctrl Pts',(-0.00812828366097264,-0.183909705194165,
0.0929594590966228));
#5259=CARTESIAN_POINT('Ctrl Pts',(-0.00830863490784498,-0.180690964729992,
0.0990609526538244));
#5260=CARTESIAN_POINT('Ctrl Pts',(-0.00876920842985996,-0.17166080876992,
0.114275895702591));
#5261=CARTESIAN_POINT('Ctrl Pts',(-0.00904712776857333,-0.165427540592623,
0.123114308618843));
#5262=CARTESIAN_POINT('Ctrl Pts',(-0.00939578971532703,-0.157319880482193,
0.132879971924716));
#5263=CARTESIAN_POINT('Ctrl Pts',(-0.00944840534735912,-0.156089730833647,
0.134320735923729));
#5264=CARTESIAN_POINT('Ctrl Pts',(-0.00953342055177374,-0.154097254884354,
0.136590122766211));
#5265=CARTESIAN_POINT('Ctrl Pts',(-0.0095653572331745,-0.153347711569839,
0.137429838503353));
#5266=CARTESIAN_POINT('Ctrl Pts',(-0.00962970709788065,-0.1518368692484,
0.139094736954002));
#5267=CARTESIAN_POINT('Ctrl Pts',(-0.00966212635310176,-0.151075646834555,
0.139919905275205));
#5268=CARTESIAN_POINT('Ctrl Pts',(-0.00974927635085954,-0.149027579766138,
0.142103883287807));
#5269=CARTESIAN_POINT('Ctrl Pts',(-0.00980446213685371,-0.147728876334846,
0.143451444794107));
#5270=CARTESIAN_POINT('Ctrl Pts',(-0.00993072988101326,-0.144747235354223,
0.146461970283493));
#5271=CARTESIAN_POINT('Ctrl Pts',(-0.0100021504555645,-0.143053635833571,
0.148114002574098));
#5272=CARTESIAN_POINT('Ctrl Pts',(-0.0102449318214542,-0.137255461555411,
0.153577991263805));
#5273=CARTESIAN_POINT('Ctrl Pts',(-0.0104192359251514,-0.133023866595887,
0.157251490173582));
#5274=CARTESIAN_POINT('Ctrl Pts',(-0.010992669608529,-0.118682519002091,
0.168709759983377));
#5275=CARTESIAN_POINT('Ctrl Pts',(-0.0113918123020687,-0.107998341638999,
0.175728767319569));
#5276=CARTESIAN_POINT('Ctrl Pts',(-0.0118599716478083,-0.0941165129651924,
0.183104714721087));
#5277=CARTESIAN_POINT('Ctrl Pts',(-0.0119472352978413,-0.091469775274996,
0.184438592353362));
#5278=CARTESIAN_POINT('Ctrl Pts',(-0.0120905729361437,-0.0870226963582789,
0.18656069673228));
#5279=CARTESIAN_POINT('Ctrl Pts',(-0.0121472331166286,-0.0852382207195116,
0.18738110429481));
#5280=CARTESIAN_POINT('Ctrl Pts',(-0.0122594358327623,-0.081652040450309,
0.18896809964992));
#5281=CARTESIAN_POINT('Ctrl Pts',(-0.01231497568523,-0.0798505902418268,
0.189734770118796));
#5282=CARTESIAN_POINT('Ctrl Pts',(-0.0124524770295064,-0.0753269816054749,
0.191584215770113));
#5283=CARTESIAN_POINT('Ctrl Pts',(-0.0125338523585613,-0.0725921192779582,
0.192634818220016));
#5284=CARTESIAN_POINT('Ctrl Pts',(-0.0127096691440692,-0.0665673208809812,
0.194802900553702));
#5285=CARTESIAN_POINT('Ctrl Pts',(-0.0128036984297189,-0.0632696174220955,
0.195896198565363));
#5286=CARTESIAN_POINT('Ctrl Pts',(-0.0131006727642618,-0.0526534220968196,
0.199120057919719));
#5287=CARTESIAN_POINT('Ctrl Pts',(-0.0132992069841867,-0.0452436044678152,
0.200927992631521));
#5288=CARTESIAN_POINT('Ctrl Pts',(-0.0137420292423878,-0.0285157687954137,
0.20403740949925));
#5289=CARTESIAN_POINT('Ctrl Pts',(-0.0139856673586703,-0.0191743262068925,
0.205119781407726));
#5290=CARTESIAN_POINT('Ctrl Pts',(-0.0142986333941449,-0.00776964216771485,
0.205654848853956));
#5291=CARTESIAN_POINT('Ctrl Pts',(-0.0143547717766115,-0.00574598495799751,
0.205719864501543));
#5292=CARTESIAN_POINT('Ctrl Pts',(-0.0144441293287619,-0.00256954140109008,
0.205774980083506));
#5293=CARTESIAN_POINT('Ctrl Pts',(-0.0144768015214662,-0.00141722301539984,
0.205785286866865));
#5294=CARTESIAN_POINT('Ctrl Pts',(-0.0145412431251099,0.000835535562260566,
0.205786499146882));
#5295=CARTESIAN_POINT('Ctrl Pts',(-0.0145729948266264,0.00193590799086858,
0.20577825755648));
#5296=CARTESIAN_POINT('Ctrl Pts',(-0.0146562435585981,0.00479789105987176,
0.20573384696194));
#5297=CARTESIAN_POINT('Ctrl Pts',(-0.014708127582745,0.00655920226564842,
0.205683866957714));
#5298=CARTESIAN_POINT('Ctrl Pts',(-0.015030727598331,0.0173944673756014,
0.20523698584017));
#5299=CARTESIAN_POINT('Ctrl Pts',(-0.0153143246424054,0.0264344764331657,
0.204261949330703));
#5300=CARTESIAN_POINT('Ctrl Pts',(-0.0159631152339868,0.046862989349327,
0.200678898687224));
#5301=CARTESIAN_POINT('Ctrl Pts',(-0.016326774162026,0.058154405917936,
0.19769249647792));
#5302=CARTESIAN_POINT('Ctrl Pts',(-0.01676562535005,0.072002535887926,0.192739534771823));
#5303=CARTESIAN_POINT('Ctrl Pts',(-0.0168555411922381,0.0748497141755045,
0.191649276914243));
#5304=CARTESIAN_POINT('Ctrl Pts',(-0.0170020057673134,0.0795041599294399,
0.189747362106627));
#5305=CARTESIAN_POINT('Ctrl Pts',(-0.0170591940503125,0.081325785539795,
0.188972149918861));
#5306=CARTESIAN_POINT('Ctrl Pts',(-0.0171715942490922,0.0849135075382992,
0.187383836391877));
#5307=CARTESIAN_POINT('Ctrl Pts',(-0.0172268176393349,0.0866798338089258,
0.186571748812562));
#5308=CARTESIAN_POINT('Ctrl Pts',(-0.0173619640639708,0.0910092053377961,
0.184506473612101));
#5309=CARTESIAN_POINT('Ctrl Pts',(-0.0174413477901106,0.0935582183662294,
0.183224777529193));
#5310=CARTESIAN_POINT('Ctrl Pts',(-0.0178140830837234,0.105533155986912,
0.17688823321367));
#5311=CARTESIAN_POINT('Ctrl Pts',(-0.0180942967054808,0.11458241699909,
0.171156510861856));
#5312=CARTESIAN_POINT('Ctrl Pts',(-0.0186353237645502,0.131208563709954,
0.158711147377628));
#5313=CARTESIAN_POINT('Ctrl Pts',(-0.0188958804393128,0.138817929256872,
0.152091030454001));
#5314=CARTESIAN_POINT('Ctrl Pts',(-0.0192262071041612,0.147286349064356,
0.143553611379063));
#5315=CARTESIAN_POINT('Ctrl Pts',(-0.0192804598683775,0.14864183342039,
0.14214756001887));
#5316=CARTESIAN_POINT('Ctrl Pts',(-0.0193675117006721,0.150754862061128,
0.139892236164144));
#5317=CARTESIAN_POINT('Ctrl Pts',(-0.0193998102797337,0.151525754048314,
0.139055615206831));
#5318=CARTESIAN_POINT('Ctrl Pts',(-0.0194642409718869,0.15303628907803,
0.13738872111146));
#5319=CARTESIAN_POINT('Ctrl Pts',(-0.0194963681701109,0.153776201296886,
0.136558779329809));
#5320=CARTESIAN_POINT('Ctrl Pts',(-0.0195817371789933,0.155708949533284,
0.134355117533984));
#5321=CARTESIAN_POINT('Ctrl Pts',(-0.0196354017077089,0.15689034735348,
0.132971483254207));
#5322=CARTESIAN_POINT('Ctrl Pts',(-0.0199504353703388,0.163646648669603,
0.124842484293525));
#5323=CARTESIAN_POINT('Ctrl Pts',(-0.0202235585830958,0.168804523584061,
0.117762290881813));
#5324=CARTESIAN_POINT('Ctrl Pts',(-0.0208694194344535,0.17986767232713,
0.100340971642964));
#5325=CARTESIAN_POINT('Ctrl Pts',(-0.0212407441890636,0.185358047332301,
0.0897725083416965));
#5326=CARTESIAN_POINT('Ctrl Pts',(-0.0216862300758462,0.19106602766555,
0.0759841433089951));
#5327=CARTESIAN_POINT('Ctrl Pts',(-0.0217758144656995,0.192164939674692,
0.0731538700896893));
#5328=CARTESIAN_POINT('Ctrl Pts',(-0.0219219161185671,0.193875478527337,
0.0684417405248728));
#5329=CARTESIAN_POINT('Ctrl Pts',(-0.0219790653302008,0.194523315486175,
0.0665735497396849));
#5330=CARTESIAN_POINT('Ctrl Pts',(-0.0220915131200502,0.195755087831925,
0.0628487848368053));
#5331=CARTESIAN_POINT('Ctrl Pts',(-0.0221468210780468,0.196339811242999,
0.0609926822808857));
#5332=CARTESIAN_POINT('Ctrl Pts',(-0.0222824080884819,0.19771979608555,
0.0563849872117134));
#5333=CARTESIAN_POINT('Ctrl Pts',(-0.0223621406354307,0.198484094589258,
0.0536245334641951));
#5334=CARTESIAN_POINT('Ctrl Pts',(-0.0225336950782241,0.200021428884497,
0.0475841801820857));
#5335=CARTESIAN_POINT('Ctrl Pts',(-0.0226251419812906,0.200772021680543,
0.0442994062284235));
#5336=CARTESIAN_POINT('Ctrl Pts',(-0.0229087246577355,0.202871558490829,
0.0339461168430547));
#5337=CARTESIAN_POINT('Ctrl Pts',(-0.0230969276931271,0.203930480438155,
0.0268242945462772));
#5338=CARTESIAN_POINT('Ctrl Pts',(-0.0235494529867514,0.205578953773881,
0.00954514870468167));
#5339=CARTESIAN_POINT('Ctrl Pts',(-0.0238123693127779,0.205792566099908,
-0.000628874106314474));
#5340=CARTESIAN_POINT('Ctrl Pts',(-0.0241453321279259,0.205148772260059,
-0.0127245497222509));
#5341=CARTESIAN_POINT('Ctrl Pts',(-0.0241995635618374,0.205017337356331,
-0.0146710737790815));
#5342=CARTESIAN_POINT('Ctrl Pts',(-0.024286601234983,0.204765426934888,
-0.0177487876451923));
#5343=CARTESIAN_POINT('Ctrl Pts',(-0.024318908015362,0.204663249443823,
-0.0188813684298969));
#5344=CARTESIAN_POINT('Ctrl Pts',(-0.0243833806715927,0.204442526911963,
-0.0211200181880982));
#5345=CARTESIAN_POINT('Ctrl Pts',(-0.0244155420751802,0.204324393547032,
-0.0222260626788086));
#5346=CARTESIAN_POINT('Ctrl Pts',(-0.024501048517433,0.203989110173136,
-0.0251407931897724));
#5347=CARTESIAN_POINT('Ctrl Pts',(-0.0245548179908007,0.203756868880067,
-0.0269476538247376));
#5348=CARTESIAN_POINT('Ctrl Pts',(-0.0248641411446594,0.202297929667462,
-0.0372161185092073));
#5349=CARTESIAN_POINT('Ctrl Pts',(-0.0251309056045695,0.20056786780274,
-0.0455976484002397));
#5350=CARTESIAN_POINT('Ctrl Pts',(-0.0257773119459565,0.195141811081392,
-0.065517553756782));
#5351=CARTESIAN_POINT('Ctrl Pts',(-0.0261556877691033,0.190938350657359,
-0.0768854272741972));
#5352=CARTESIAN_POINT('Ctrl Pts',(-0.0266071644087645,0.184466388543832,
-0.0905478291094141));
#5353=CARTESIAN_POINT('Ctrl Pts',(-0.0266963530655097,0.183113056567691,
-0.0932491663137633));
#5354=CARTESIAN_POINT('Ctrl Pts',(-0.0268420167388867,0.18077757705757,
-0.0976650933422945));
#5355=CARTESIAN_POINT('Ctrl Pts',(-0.0268991148147679,0.179829382026795,
-0.0993970919702997));
#5356=CARTESIAN_POINT('Ctrl Pts',(-0.0270116082995859,0.177896289388953,
-0.102810434428185));
#5357=CARTESIAN_POINT('Ctrl Pts',(-0.0270670106261642,0.176912143685118,
-0.10449197377715));
#5358=CARTESIAN_POINT('Ctrl Pts',(-0.0272031050243492,0.174415745703735,
-0.108621568397458));
#5359=CARTESIAN_POINT('Ctrl Pts',(-0.0272832420875495,0.17287570476275,
-0.111052357968182));
#5360=CARTESIAN_POINT('Ctrl Pts',(-0.0276616140222445,0.165279321478479,
-0.122503318779017));
#5361=CARTESIAN_POINT('Ctrl Pts',(-0.0279462544176941,0.158565011328003,
-0.131066387603422));
#5362=CARTESIAN_POINT('Ctrl Pts',(-0.0284847408078921,0.144579413047981,
-0.146252811403922));
#5363=CARTESIAN_POINT('Ctrl Pts',(-0.0287384686830653,0.137448444555208,
-0.152964956447173));
#5364=CARTESIAN_POINT('Ctrl Pts',(-0.0290615838786732,0.128337717722967,
-0.160388726692975));
#5365=CARTESIAN_POINT('Ctrl Pts',(-0.0291164202373398,0.126791015818408,
-0.161612381020222));
#5366=CARTESIAN_POINT('Ctrl Pts',(-0.0292042135895254,0.124321592005702,
-0.163508821358985));
#5367=CARTESIAN_POINT('Ctrl Pts',(-0.0292366571099784,0.123410467985846,
-0.164196529363717));
#5368=CARTESIAN_POINT('Ctrl Pts',(-0.029301181301572,0.12160309519268,-0.165537196668402));
#5369=CARTESIAN_POINT('Ctrl Pts',(-0.0293332536727938,0.120707219165699,
-0.16619054829089));
#5370=CARTESIAN_POINT('Ctrl Pts',(-0.0294181878272326,0.118339671567668,
-0.167887956831807));
#5371=CARTESIAN_POINT('Ctrl Pts',(-0.0294714635136997,0.116859441964362,
-0.168919926379851));
#5372=CARTESIAN_POINT('Ctrl Pts',(-0.02978523617563,0.10815257803891,-0.174821024892572));
#5373=CARTESIAN_POINT('Ctrl Pts',(-0.0300574479542472,0.100635414329703,
-0.179245503638672));
#5374=CARTESIAN_POINT('Ctrl Pts',(-0.0307041910862485,0.0822159972683272,
-0.188564005467791));
#5375=CARTESIAN_POINT('Ctrl Pts',(-0.0310773423169582,0.0711223041241808,
-0.193011597140583));
#5376=CARTESIAN_POINT('Ctrl Pts',(-0.0315244437805418,0.0568053823217073,
-0.197350107461354));
#5377=CARTESIAN_POINT('Ctrl Pts',(-0.0316139710558611,0.0538862843360039,
-0.198164634445563));
#5378=CARTESIAN_POINT('Ctrl Pts',(-0.0317600559361201,0.0490355072009831,
-0.199403171042378));
#5379=CARTESIAN_POINT('Ctrl Pts',(-0.0318172427895999,0.0471138348432156,
-0.199864397263102));
#5380=CARTESIAN_POINT('Ctrl Pts',(-0.0319298226991337,0.0432863429235032,
-0.200724830690209));
#5381=CARTESIAN_POINT('Ctrl Pts',(-0.0319852241561532,0.041380903318695,
-0.201124812800974));
#5382=CARTESIAN_POINT('Ctrl Pts',(-0.0321211574491536,0.0366536484729798,
-0.202047176589608));
#5383=CARTESIAN_POINT('Ctrl Pts',(-0.0322011386534298,0.0338260092109598,
-0.202537633210734));
#5384=CARTESIAN_POINT('Ctrl Pts',(-0.0323733007260723,0.0276491832471771,
-0.203476142665053));
#5385=CARTESIAN_POINT('Ctrl Pts',(-0.0324651027177545,0.0242973212994529,
-0.203901131508687));
#5386=CARTESIAN_POINT('Ctrl Pts',(-0.0327503578356925,0.0137375886869692,
-0.204976075206905));
#5387=CARTESIAN_POINT('Ctrl Pts',(-0.0329398288916217,0.00650490183973759,
-0.205327941220213));
#5388=CARTESIAN_POINT('Ctrl Pts',(-0.033391529695254,-0.0107981574416219,
-0.205254481619868));
#5389=CARTESIAN_POINT('Ctrl Pts',(-0.0336524649846902,-0.0208481902918378,
-0.204471367469497));
#5390=CARTESIAN_POINT('Ctrl Pts',(-0.0339832026919463,-0.0327271828237793,
-0.202659887464065));
#5391=CARTESIAN_POINT('Ctrl Pts',(-0.0340374739160023,-0.0346503977828065,
-0.202338490695366));
#5392=CARTESIAN_POINT('Ctrl Pts',(-0.0341245846726324,-0.0376872785081671,
-0.201786368169742));
#5393=CARTESIAN_POINT('Ctrl Pts',(-0.034156924835563,-0.0388041214071012,
-0.201573713056131));
#5394=CARTESIAN_POINT('Ctrl Pts',(-0.034221482566989,-0.0410104557990572,
-0.201134571372168));
#5395=CARTESIAN_POINT('Ctrl Pts',(-0.0342536959833451,-0.0420999612256165,
-0.200908486896998));
#5396=CARTESIAN_POINT('Ctrl Pts',(-0.0343393828868563,-0.0449701606466855,
-0.200288487670608));
#5397=CARTESIAN_POINT('Ctrl Pts',(-0.034393282608578,-0.0467475434226288,
-0.199879666953687));
#5398=CARTESIAN_POINT('Ctrl Pts',(-0.0347052555300589,-0.0568965416378132,
-0.197402327999728));
#5399=CARTESIAN_POINT('Ctrl Pts',(-0.0349747364134774,-0.0651365264483573,
-0.194831276023577));
#5400=CARTESIAN_POINT('Ctrl Pts',(-0.0356203928337088,-0.0843729696571967,
-0.18747070921803));
#5401=CARTESIAN_POINT('Ctrl Pts',(-0.0359952291095014,-0.095160483468155,
-0.182221119082507));
#5402=CARTESIAN_POINT('Ctrl Pts',(-0.0364437885465298,-0.108023746365681,
-0.174504653680278));
#5403=CARTESIAN_POINT('Ctrl Pts',(-0.0365332396204052,-0.11058386016356,
-0.172890869732462));
#5404=CARTESIAN_POINT('Ctrl Pts',(-0.0366792604382364,-0.114754712530509,
-0.170131052484599));
#5405=CARTESIAN_POINT('Ctrl Pts',(-0.0367364571032856,-0.116386230586918,
-0.169017306262875));
#5406=CARTESIAN_POINT('Ctrl Pts',(-0.036849100703848,-0.11959393589874,
-0.166759034338111));
#5407=CARTESIAN_POINT('Ctrl Pts',(-0.0369045552925458,-0.121170416830353,
-0.165615274868239));
#5408=CARTESIAN_POINT('Ctrl Pts',(-0.0370407061121267,-0.125032128989858,
-0.162728785360646));
#5409=CARTESIAN_POINT('Ctrl Pts',(-0.0371208487931247,-0.127297508379995,
-0.160960163650451));
#5410=CARTESIAN_POINT('Ctrl Pts',(-0.0372934103149525,-0.132148844880118,
-0.157005917751261));
#5411=CARTESIAN_POINT('Ctrl Pts',(-0.0373854475373348,-0.134719389310076,
-0.154802690334887));
#5412=CARTESIAN_POINT('Ctrl Pts',(-0.037671834500556,-0.142632272296644,
-0.147673545088691));
#5413=CARTESIAN_POINT('Ctrl Pts',(-0.0378621672686054,-0.147768287891517,
-0.142526946843597));
#5414=CARTESIAN_POINT('Ctrl Pts',(-0.0383131111011754,-0.159296685840588,
-0.129677559681629));
#5415=CARTESIAN_POINT('Ctrl Pts',(-0.038572503173142,-0.165420047908409,
-0.121758427243112));
#5416=CARTESIAN_POINT('Ctrl Pts',(-0.0389016054501189,-0.172020041965636,
-0.111796058504694));
#5417=CARTESIAN_POINT('Ctrl Pts',(-0.0389560122083928,-0.173075633803681,
-0.110152139463197));
#5418=CARTESIAN_POINT('Ctrl Pts',(-0.0390433016738597,-0.174708502518883,
-0.107527429680339));
#5419=CARTESIAN_POINT('Ctrl Pts',(-0.0390756822920544,-0.175301392060643,
-0.106556478001047));
#5420=CARTESIAN_POINT('Ctrl Pts',(-0.0391402838767943,-0.176457848910372,
-0.104626656657328));
#5421=CARTESIAN_POINT('Ctrl Pts',(-0.0391725000558569,-0.177021742150494,
-0.103668058126432));
#5422=CARTESIAN_POINT('Ctrl Pts',(-0.0392581435888067,-0.178488325556659,
-0.101127842475322));
#5423=CARTESIAN_POINT('Ctrl Pts',(-0.0393119957651925,-0.179377792811541,
-0.0995386941855108));
#5424=CARTESIAN_POINT('Ctrl Pts',(-0.039622204147593,-0.18432735679993,
-0.0904124516727422));
#5425=CARTESIAN_POINT('Ctrl Pts',(-0.0398898149203149,-0.187933333707894,
-0.0826387776340177));
#5426=CARTESIAN_POINT('Ctrl Pts',(-0.0405357917549962,-0.195414600772363,
-0.0634496787879763));
#5427=CARTESIAN_POINT('Ctrl Pts',(-0.0409128672912885,-0.19879106941733,
-0.051872983837334));
#5428=CARTESIAN_POINT('Ctrl Pts',(-0.0413633425945457,-0.201721001306413,
-0.037104607633679));
#5429=CARTESIAN_POINT('Ctrl Pts',(-0.0414526757347682,-0.202243256162913,
-0.0341294669081714));
#5430=CARTESIAN_POINT('Ctrl Pts',(-0.0415985837261149,-0.202997963069326,
-0.029192301358633));
#5431=CARTESIAN_POINT('Ctrl Pts',(-0.0416557823182243,-0.203268100688887,
-0.0272365286973823));
#5432=CARTESIAN_POINT('Ctrl Pts',(-0.0417684876655901,-0.2037486866431,
-0.0233433181349941));
#5433=CARTESIAN_POINT('Ctrl Pts',(-0.0418240010979559,-0.203959843038426,
-0.0214061703226797));
#5434=CARTESIAN_POINT('Ctrl Pts',(-0.0419604090603058,-0.204414548262869,
-0.0166000399885034));
#5435=CARTESIAN_POINT('Ctrl Pts',(-0.0420407463563836,-0.204625361092391,
-0.0137283639585783));
#5436=CARTESIAN_POINT('Ctrl Pts',(-0.0422137927500308,-0.20495283726769,
-0.00746399094078236));
#5437=CARTESIAN_POINT('Ctrl Pts',(-0.0423061167665408,-0.20504588126385,
-0.00407089237771895));
#5438=CARTESIAN_POINT('Ctrl Pts',(-0.0425939021266425,-0.205073664473012,
0.00662644934057365));
#5439=CARTESIAN_POINT('Ctrl Pts',(-0.0427853022582753,-0.20470255352815,
0.0139258233769213));
#5440=CARTESIAN_POINT('Ctrl Pts',(-0.0432353023423307,-0.202911682741761,
0.0310481579865519));
#5441=CARTESIAN_POINT('Ctrl Pts',(-0.0434927723775581,-0.201167100144006,
0.0408186573704426));
#5442=CARTESIAN_POINT('Ctrl Pts',(-0.0438198452526265,-0.19823933356161,
0.0523222260530654));
#5443=CARTESIAN_POINT('Ctrl Pts',(-0.0438744232283607,-0.197729052365553,
0.054213323066469));
#5444=CARTESIAN_POINT('Ctrl Pts',(-0.0439619352718865,-0.196879365062448,
0.0571917733405784));
#5445=CARTESIAN_POINT('Ctrl Pts',(-0.0439943636718968,-0.196557869419129,
0.0582841237066098));
#5446=CARTESIAN_POINT('Ctrl Pts',(-0.0440590097975555,-0.195904617185282,
0.0604372453708971));
#5447=CARTESIAN_POINT('Ctrl Pts',(-0.0440912218590841,-0.195573309187509,
0.0614980845405791));
#5448=CARTESIAN_POINT('Ctrl Pts',(-0.0441767822425222,-0.194677539355587,
0.0642863773662076));
#5449=CARTESIAN_POINT('Ctrl Pts',(-0.0442305532879092,-0.194098690991864,
0.0660091156201492));
#5450=CARTESIAN_POINT('Ctrl Pts',(-0.0445416487940063,-0.190653350825612,
0.0758282917330847));
#5451=CARTESIAN_POINT('Ctrl Pts',(-0.044810319031308,-0.187302920057987,
0.0837457828484067));
#5452=CARTESIAN_POINT('Ctrl Pts',(-0.0454562905514357,-0.178106983910178,
0.102160776869141));
#5453=CARTESIAN_POINT('Ctrl Pts',(-0.0458322780316355,-0.17181621882006,
0.112401471778039));
#5454=CARTESIAN_POINT('Ctrl Pts',(-0.0462818678678303,-0.162865476760982,
0.124459414983923));
#5455=CARTESIAN_POINT('Ctrl Pts',(-0.046371289471838,-0.161011243811975,
0.126845297184511));
#5456=CARTESIAN_POINT('Ctrl Pts',(-0.0465173261045276,-0.157859222335476,
0.130721146504152));
#5457=CARTESIAN_POINT('Ctrl Pts',(-0.0465745659254608,-0.156591426977073,
0.132234877943468));
#5458=CARTESIAN_POINT('Ctrl Pts',(-0.0466873442085042,-0.154029489693043,
0.135205553338496));
#5459=CARTESIAN_POINT('Ctrl Pts',(-0.0467428894842043,-0.152736045020547,
0.136662832631121));
#5460=CARTESIAN_POINT('Ctrl Pts',(-0.0468793652496936,-0.149480730568259,
0.14022683453442));
#5461=CARTESIAN_POINT('Ctrl Pts',(-0.0469597384754491,-0.147494880545208,
0.142311109244057));
#5462=CARTESIAN_POINT('Ctrl Pts',(-0.0473202499386086,-0.1382887898729,
0.151574772325408));
#5463=CARTESIAN_POINT('Ctrl Pts',(-0.0475886596331425,-0.13058361671659,
0.158252156927608));
#5464=CARTESIAN_POINT('Ctrl Pts',(-0.0481284348808715,-0.114033788651364,
0.170563035828389));
#5465=CARTESIAN_POINT('Ctrl Pts',(-0.0483991024107791,-0.105189196669418,
0.176147016911073));
#5466=CARTESIAN_POINT('Ctrl Pts',(-0.0487407338765923,-0.0942408927601853,
0.181940153186513));
#5467=CARTESIAN_POINT('Ctrl Pts',(-0.0487949078761927,-0.0925112373254233,
0.182824108699559));
#5468=CARTESIAN_POINT('Ctrl Pts',(-0.0488819355002636,-0.0897511173603919,
0.184185512726865));
#5469=CARTESIAN_POINT('Ctrl Pts',(-0.0489142936319248,-0.0887287971683908,
0.184679234007438));
#5470=CARTESIAN_POINT('Ctrl Pts',(-0.0489789783380051,-0.086694981576486,
0.185640668870509));
#5471=CARTESIAN_POINT('Ctrl Pts',(-0.0490113023326282,-0.0856836919722087,
0.186108666429409));
#5472=CARTESIAN_POINT('Ctrl Pts',(-0.0490974461082072,-0.0829998901074798,
0.187324155076386));
#5473=CARTESIAN_POINT('Ctrl Pts',(-0.0491516980453148,-0.0813210690737417,
0.18805749733202));
#5474=CARTESIAN_POINT('Ctrl Pts',(-0.0492753389856326,-0.0775128079303477,
0.189660514178579));
#5475=CARTESIAN_POINT('Ctrl Pts',(-0.049345044645187,-0.0753780985280798,
0.190517033788353));
#5476=CARTESIAN_POINT('Ctrl Pts',(-0.0495787902083242,-0.0682393237186527,
0.193242661274799));
#5477=CARTESIAN_POINT('Ctrl Pts',(-0.0497455549369809,-0.0631766060868649,
0.194951936057134));
#5478=CARTESIAN_POINT('Ctrl Pts',(-0.0503260667910933,-0.0454233576714427,
0.200182046941306));
#5479=CARTESIAN_POINT('Ctrl Pts',(-0.0507405515391987,-0.0324637845458009,
0.202676623060898));
#5480=CARTESIAN_POINT('Ctrl Pts',(-0.0512207086796249,-0.0164742072895084,
0.204181673401355));
#5481=CARTESIAN_POINT('Ctrl Pts',(-0.0513062472383062,-0.0135884182019378,
0.204391763327617));
#5482=CARTESIAN_POINT('Ctrl Pts',(-0.0514420863198993,-0.00894515753935494,
0.20463108130616));
#5483=CARTESIAN_POINT('Ctrl Pts',(-0.0514930216008325,-0.00719008972970073,
0.204698929158036));
#5484=CARTESIAN_POINT('Ctrl Pts',(-0.0515992853670413,-0.00349985079853883,
0.204794092534218));
#5485=CARTESIAN_POINT('Ctrl Pts',(-0.0516545275913438,-0.00156472163653415,
0.20481657277762));
#5486=CARTESIAN_POINT('Ctrl Pts',(-0.0517886828329689,0.00317348300094587,
0.204804489700814));
#5487=CARTESIAN_POINT('Ctrl Pts',(-0.0518670842517306,0.00597610429707258,
0.204739823945576));
#5488=CARTESIAN_POINT('Ctrl Pts',(-0.0522462949541618,0.0196737047482668,
0.204142362247443));
#5489=CARTESIAN_POINT('Ctrl Pts',(-0.0525332044124407,0.030515786752239,
0.202797619665331));
#5490=CARTESIAN_POINT('Ctrl Pts',(-0.0530757768601075,0.0508184151707369,
0.198613290633054));
#5491=CARTESIAN_POINT('Ctrl Pts',(-0.0533313424512838,0.060282577003722,
0.195941346952196));
#5492=CARTESIAN_POINT('Ctrl Pts',(-0.0536565121172896,0.0713678644965119,
0.191931130139876));
#5493=CARTESIAN_POINT('Ctrl Pts',(-0.0537113925950314,0.0732080789410474,
0.191235245979165));
#5494=CARTESIAN_POINT('Ctrl Pts',(-0.0537993007289542,0.0760987003638801,
0.190094233426263));
#5495=CARTESIAN_POINT('Ctrl Pts',(-0.0538318165007303,0.0771559219183502,
0.189666667535075));
#5496=CARTESIAN_POINT('Ctrl Pts',(-0.0538965520099077,0.0792351191391051,
0.188805494186754));
#5497=CARTESIAN_POINT('Ctrl Pts',(-0.0539287646150661,0.0802572251397051,
0.188372373209096));
#5498=CARTESIAN_POINT('Ctrl Pts',(-0.0540142084730135,0.0829375725853398,
0.187210748156929));
#5499=CARTESIAN_POINT('Ctrl Pts',(-0.0540678591135481,0.0845897612343569,
0.186468501438985));
#5500=CARTESIAN_POINT('Ctrl Pts',(-0.0543908538759355,0.0943744821276185,
0.181915640493403));
#5501=CARTESIAN_POINT('Ctrl Pts',(-0.0546726447750234,0.10225878500639,
0.177594922750901));
#5502=CARTESIAN_POINT('Ctrl Pts',(-0.0553174349225668,0.119564519273304,
0.166573330779376));
#5503=CARTESIAN_POINT('Ctrl Pts',(-0.0556788943019595,0.128754573880036,
0.159564248118582));
#5504=CARTESIAN_POINT('Ctrl Pts',(-0.0561160717447924,0.139560057266629,
0.149776277971961));
#5505=CARTESIAN_POINT('Ctrl Pts',(-0.0562062437829871,0.141768874204335,
0.147683997295009));
#5506=CARTESIAN_POINT('Ctrl Pts',(-0.0563532086742968,0.145335776025458,
0.144151213397036));
#5507=CARTESIAN_POINT('Ctrl Pts',(-0.0564106402163133,0.146721039204401,
0.142738856717569));
#5508=CARTESIAN_POINT('Ctrl Pts',(-0.0565235970159685,0.149427496532713,
0.13989827630831));
#5509=CARTESIAN_POINT('Ctrl Pts',(-0.0565791324273448,0.150749236676515,
0.138470851997631));
#5510=CARTESIAN_POINT('Ctrl Pts',(-0.0567152258854227,0.153964297098459,
0.134897916337585));
#5511=CARTESIAN_POINT('Ctrl Pts',(-0.0567952365875495,0.1558333802479,0.1327311299058));
#5512=CARTESIAN_POINT('Ctrl Pts',(-0.0569673962513102,0.159800987077838,
0.127931762936132));
#5513=CARTESIAN_POINT('Ctrl Pts',(-0.0570591692101342,0.161881252387033,
0.125285147783696));
#5514=CARTESIAN_POINT('Ctrl Pts',(-0.0573439806246527,0.168201406424688,
0.116822928300697));
#5515=CARTESIAN_POINT('Ctrl Pts',(-0.0575330713324841,0.172200568765391,
0.110834330065457));
#5516=CARTESIAN_POINT('Ctrl Pts',(-0.0579851037247488,0.181013966303399,
0.095998937860752));
#5517=CARTESIAN_POINT('Ctrl Pts',(-0.05824672177374,0.185507232717764,0.0869833596549358));
#5518=CARTESIAN_POINT('Ctrl Pts',(-0.0585782019743003,0.190055542506968,
0.0758747011332153));
#5519=CARTESIAN_POINT('Ctrl Pts',(-0.0586325030826933,0.190766631047208,
0.0740647682771877));
#5520=CARTESIAN_POINT('Ctrl Pts',(-0.0587197112699926,0.191851957692353,
0.0711821458179766));
#5521=CARTESIAN_POINT('Ctrl Pts',(-0.0587521208697224,0.192243261078001,
0.0701159950598852));
#5522=CARTESIAN_POINT('Ctrl Pts',(-0.0588168919491252,0.193000814174928,
0.0679975543246733));
#5523=CARTESIAN_POINT('Ctrl Pts',(-0.0588492505696964,0.193367376141907,
0.0669454449243652));
#5524=CARTESIAN_POINT('Ctrl Pts',(-0.0589354744458064,0.1943136452084,0.0641562946383858));
#5525=CARTESIAN_POINT('Ctrl Pts',(-0.058989771912353,0.194878650254027,
0.0624143614891929));
#5526=CARTESIAN_POINT('Ctrl Pts',(-0.059113514901756,0.196100068683033,
0.0584688827249478));
#5527=CARTESIAN_POINT('Ctrl Pts',(-0.059183277118587,0.196742868539861,
0.0562613816663946));
#5528=CARTESIAN_POINT('Ctrl Pts',(-0.0594172269659764,0.198754549947135,
0.0488922226478164));
#5529=CARTESIAN_POINT('Ctrl Pts',(-0.0595841393755954,0.199958503405831,
0.043687843099147));
#5530=CARTESIAN_POINT('Ctrl Pts',(-0.0601643257212385,0.203414951508509,
0.0255384297438058));
#5531=CARTESIAN_POINT('Ctrl Pts',(-0.0605783151596818,0.204624070156814,
0.0124270704244737));
#5532=CARTESIAN_POINT('Ctrl Pts',(-0.0610581540228162,0.204555899270869,
-0.00360238034951409));
#5533=CARTESIAN_POINT('Ctrl Pts',(-0.0611437905385246,0.204482264714549,
-0.00649456386377553));
#5534=CARTESIAN_POINT('Ctrl Pts',(-0.061279788219909,0.204265434850284,
-0.0111385328825421));
#5535=CARTESIAN_POINT('Ctrl Pts',(-0.0613307847351816,0.20416094705428,
-0.0128917115793151));
#5536=CARTESIAN_POINT('Ctrl Pts',(-0.0614371829037358,0.203893911531323,
-0.016573547824897));
#5537=CARTESIAN_POINT('Ctrl Pts',(-0.0614924980731843,0.203726543890453,
-0.0185016883356372));
#5538=CARTESIAN_POINT('Ctrl Pts',(-0.0616268529363507,0.20324976478178,
-0.0232169788159633));
#5539=CARTESIAN_POINT('Ctrl Pts',(-0.0617053797581076,0.202910366425402,
-0.0260007160965209));
#5540=CARTESIAN_POINT('Ctrl Pts',(-0.062082087331049,0.200986858608866,
-0.0394671775974011));
#5541=CARTESIAN_POINT('Ctrl Pts',(-0.0623666683374127,0.198615955935434,
-0.0500203490264988));
#5542=CARTESIAN_POINT('Ctrl Pts',(-0.0629097139723775,0.192490488752457,
-0.0698117033936314));
#5543=CARTESIAN_POINT('Ctrl Pts',(-0.0631680174894412,0.188872739900413,
-0.0790605726101674));
#5544=CARTESIAN_POINT('Ctrl Pts',(-0.0634959821525685,0.183756210781164,
-0.0897723874594015));
#5545=CARTESIAN_POINT('Ctrl Pts',(-0.0635505538375343,0.182889114516801,
-0.0915227497390388));
#5546=CARTESIAN_POINT('Ctrl Pts',(-0.0636381067731334,0.181477592378833,
-0.0942722989458759));
#5547=CARTESIAN_POINT('Ctrl Pts',(-0.0636705846093488,0.180949679997262,
-0.0952798421501623));
#5548=CARTESIAN_POINT('Ctrl Pts',(-0.0637354007876521,0.179888756180151,
-0.097264179292416));
#5549=CARTESIAN_POINT('Ctrl Pts',(-0.0637677347020249,0.179356135675017,
-0.0982411081903904));
#5550=CARTESIAN_POINT('Ctrl Pts',(-0.0638537573057514,0.17792931552722,
-0.100808064622418));
#5551=CARTESIAN_POINT('Ctrl Pts',(-0.0639078740520911,0.177021751766994,
-0.102390560650023));
#5552=CARTESIAN_POINT('Ctrl Pts',(-0.0642230973678607,0.171668271568337,
-0.111442282690711));
#5553=CARTESIAN_POINT('Ctrl Pts',(-0.0644958206144951,0.166770638174246,
-0.118633915245524));
#5554=CARTESIAN_POINT('Ctrl Pts',(-0.0651403770852897,0.154182410313361,
-0.134799689950701));
#5555=CARTESIAN_POINT('Ctrl Pts',(-0.0655107966971064,0.146142105287372,
-0.143463263410972));
#5556=CARTESIAN_POINT('Ctrl Pts',(-0.0659557754417243,0.135156935951643,
-0.153417842604302));
#5557=CARTESIAN_POINT('Ctrl Pts',(-0.0660455902292786,0.132869203400183,
-0.155400274494024));
#5558=CARTESIAN_POINT('Ctrl Pts',(-0.0661921877095766,0.129017153472687,
-0.158591346523683));
#5559=CARTESIAN_POINT('Ctrl Pts',(-0.0662496001994436,0.127477824344611,
-0.159829380299616));
#5560=CARTESIAN_POINT('Ctrl Pts',(-0.0663626732857663,0.124385519792798,
-0.162243490098171));
#5561=CARTESIAN_POINT('Ctrl Pts',(-0.0664183414467526,0.12283319273577,
-0.163420067561665));
#5562=CARTESIAN_POINT('Ctrl Pts',(-0.066555054919988,0.118948290068317,
-0.166278157298279));
#5563=CARTESIAN_POINT('Ctrl Pts',(-0.0666355435095899,0.1165965966037,-0.167933003206119));
#5564=CARTESIAN_POINT('Ctrl Pts',(-0.0670100835924637,0.105367096926175,
-0.175486041751087));
#5565=CARTESIAN_POINT('Ctrl Pts',(-0.0672910589017538,0.0960717309342585,
-0.180734049215543));
#5566=CARTESIAN_POINT('Ctrl Pts',(-0.0678298471044573,0.0774503654929296,
-0.189405178652224));
#5567=CARTESIAN_POINT('Ctrl Pts',(-0.0680874503721494,0.06820042122833,
-0.192921788589195));
#5568=CARTESIAN_POINT('Ctrl Pts',(-0.0684146780528675,0.0568601070216457,
-0.196315298657511));
#5569=CARTESIAN_POINT('Ctrl Pts',(-0.0684693217928024,0.0549795576646432,
-0.196848752778999));
#5570=CARTESIAN_POINT('Ctrl Pts',(-0.0685569754834775,0.051992786584286,
-0.197649864706773));
#5571=CARTESIAN_POINT('Ctrl Pts',(-0.0685894808218504,0.050891476004572,
-0.197935415217327));
#5572=CARTESIAN_POINT('Ctrl Pts',(-0.0686543405159876,0.0487086003574166,
-0.198481969965243));
#5573=CARTESIAN_POINT('Ctrl Pts',(-0.0686866902488219,0.047627199623888,
-0.19874336120766));
#5574=CARTESIAN_POINT('Ctrl Pts',(-0.06877274404681,0.0447677497499022,
-0.199409852255148));
#5575=CARTESIAN_POINT('Ctrl Pts',(-0.0688268760413648,0.0429863073375663,
-0.199799996169631));
#5576=CARTESIAN_POINT('Ctrl Pts',(-0.0691420543163508,0.0326919970029144,
-0.201910431588121));
#5577=CARTESIAN_POINT('Ctrl Pts',(-0.0694147039052515,0.0240815676025596,
-0.203110175905624));
#5578=CARTESIAN_POINT('Ctrl Pts',(-0.0700591952123188,0.00366365993685279,
-0.204638561449658));
#5579=CARTESIAN_POINT('Ctrl Pts',(-0.0704296248835809,-0.00814858956010122,
-0.204499430144646));
#5580=CARTESIAN_POINT('Ctrl Pts',(-0.0708746420404388,-0.0228939371095539,
-0.203045914343746));
#5581=CARTESIAN_POINT('Ctrl Pts',(-0.0709644769225803,-0.0258979998426301,
-0.202682284482194));
#5582=CARTESIAN_POINT('Ctrl Pts',(-0.0711111232216788,-0.0308478934640569,
-0.201971283833896));
#5583=CARTESIAN_POINT('Ctrl Pts',(-0.0711685640798366,-0.0327987195427376,
-0.201662146991209));
#5584=CARTESIAN_POINT('Ctrl Pts',(-0.0712817068501646,-0.036664095245736,
-0.200992051220054));
#5585=CARTESIAN_POINT('Ctrl Pts',(-0.0713374160923099,-0.0385785785015185,
-0.200631896409697));
#5586=CARTESIAN_POINT('Ctrl Pts',(-0.0714742611737822,-0.0433068138553775,
-0.199672233576665));
#5587=CARTESIAN_POINT('Ctrl Pts',(-0.071554839037087,-0.0461136292202001,
-0.199040579725045));
#5588=CARTESIAN_POINT('Ctrl Pts',(-0.0719316769583332,-0.0593236022551824,
-0.195773295452408));
#5589=CARTESIAN_POINT('Ctrl Pts',(-0.0722146461664425,-0.0695221416680895,
-0.192380153500073));
#5590=CARTESIAN_POINT('Ctrl Pts',(-0.0727526187760253,-0.0884015204863517,
-0.184399196132977));
#5591=CARTESIAN_POINT('Ctrl Pts',(-0.0730074702849702,-0.0971119022002481,
-0.179956759973885));
#5592=CARTESIAN_POINT('Ctrl Pts',(-0.0733319270703953,-0.107154849894781,
-0.173890892892877));
#5593=CARTESIAN_POINT('Ctrl Pts',(-0.0733869586278232,-0.108824384224521,
-0.172849266925274));
#5594=CARTESIAN_POINT('Ctrl Pts',(-0.0734751011609883,-0.111437263320361,
-0.171166111760654));
#5595=CARTESIAN_POINT('Ctrl Pts',(-0.0735076987415898,-0.112390749536498,
-0.170540529418395));
#5596=CARTESIAN_POINT('Ctrl Pts',(-0.073572606552649,-0.114262220906738,
-0.169290094042598));
#5597=CARTESIAN_POINT('Ctrl Pts',(-0.0736049098110442,-0.11518042632168,
-0.168665689440087));
#5598=CARTESIAN_POINT('Ctrl Pts',(-0.0736906358939636,-0.117584402750034,
-0.167002069533868));
#5599=CARTESIAN_POINT('Ctrl Pts',(-0.0737444803177103,-0.119061506999899,
-0.16595048805698));
#5600=CARTESIAN_POINT('Ctrl Pts',(-0.0740631330426319,-0.127630211575044,
-0.159676555804924));
#5601=CARTESIAN_POINT('Ctrl Pts',(-0.074339918310879,-0.134391798586226,
-0.154019322555676));
#5602=CARTESIAN_POINT('Ctrl Pts',(-0.0749845775234626,-0.149207851983039,
-0.139898690049795));
#5603=CARTESIAN_POINT('Ctrl Pts',(-0.0753509750620338,-0.156944689617644,
-0.131145298288155));
#5604=CARTESIAN_POINT('Ctrl Pts',(-0.0757925535062177,-0.165698018077973,
-0.119345580279567));
#5605=CARTESIAN_POINT('Ctrl Pts',(-0.0758826005816581,-0.16744926615135,
-0.116871645331602));
#5606=CARTESIAN_POINT('Ctrl Pts',(-0.0760295204045111,-0.170250313382403,
-0.112721857960227));
#5607=CARTESIAN_POINT('Ctrl Pts',(-0.0760870261814534,-0.171331977520726,
-0.111068110406532));
#5608=CARTESIAN_POINT('Ctrl Pts',(-0.0762002492320851,-0.173431590299807,
-0.107754032839686));
#5609=CARTESIAN_POINT('Ctrl Pts',(-0.0762559746327142,-0.174450130528234,
-0.106094317996548));
#5610=CARTESIAN_POINT('Ctrl Pts',(-0.0763927761555151,-0.17691213914026,
-0.101950698053009));
#5611=CARTESIAN_POINT('Ctrl Pts',(-0.0764732964288185,-0.178327242558902,
-0.0994504083340499));
#5612=CARTESIAN_POINT('Ctrl Pts',(-0.0768411218907104,-0.184619934113018,
-0.0877636338746637));
#5613=CARTESIAN_POINT('Ctrl Pts',(-0.0771160493404646,-0.188844167144164,
-0.0782427150174829));
#5614=CARTESIAN_POINT('Ctrl Pts',(-0.0776554657575504,-0.195714884316328,
-0.0588934667169279));
#5615=CARTESIAN_POINT('Ctrl Pts',(-0.0779195449937427,-0.198389723082234,
-0.0491064237276469));
#5616=CARTESIAN_POINT('Ctrl Pts',(-0.0782538471571315,-0.200697760058634,
-0.037254337011429));
#5617=CARTESIAN_POINT('Ctrl Pts',(-0.0783082492924961,-0.201041912783552,
-0.035341818279315));
#5618=CARTESIAN_POINT('Ctrl Pts',(-0.0783956304843964,-0.201543760580358,
-0.0323045891521818));
#5619=CARTESIAN_POINT('Ctrl Pts',(-0.0784281117438749,-0.201719481771204,
-0.0311829653975729));
#5620=CARTESIAN_POINT('Ctrl Pts',(-0.0784930553327654,-0.202049172525306,
-0.0289571791100634));
#5621=CARTESIAN_POINT('Ctrl Pts',(-0.0785255153146767,-0.202203467656831,
-0.0278531305686672));
#5622=CARTESIAN_POINT('Ctrl Pts',(-0.0786120826288205,-0.202587742951059,
-0.0249287781232127));
#5623=CARTESIAN_POINT('Ctrl Pts',(-0.0786666254502377,-0.202802225514104,
-0.0231065300169792));
#5624=CARTESIAN_POINT('Ctrl Pts',(-0.0787909912039835,-0.203230692053014,
-0.0189884289529667));
#5625=CARTESIAN_POINT('Ctrl Pts',(-0.078861133897712,-0.203430390457989,
-0.0166913415147771));
#5626=CARTESIAN_POINT('Ctrl Pts',(-0.0790968377779856,-0.203965501163252,
-0.00903374141758448));
#5627=CARTESIAN_POINT('Ctrl Pts',(-0.0792651528954498,-0.204128178054899,
-0.00366343187347495));
#5628=CARTESIAN_POINT('Ctrl Pts',(-0.0798434866147329,-0.203959375096325,
0.0147077163466427));
#5629=CARTESIAN_POINT('Ctrl Pts',(-0.0802540601478578,-0.202597780311679,
0.0276680012861173));
#5630=CARTESIAN_POINT('Ctrl Pts',(-0.0807314206770448,-0.199435837237862,
0.0432549325378876));
#5631=CARTESIAN_POINT('Ctrl Pts',(-0.080817563234114,-0.198798260109619,
0.0460865915474563));
#5632=CARTESIAN_POINT('Ctrl Pts',(-0.0809542343043499,-0.197677956384098,
0.0506098160341733));
#5633=CARTESIAN_POINT('Ctrl Pts',(-0.0810054056109887,-0.197233373299629,
0.0523103969105822));
#5634=CARTESIAN_POINT('Ctrl Pts',(-0.0811120831135652,-0.196253606366003,
0.0558696151026788));
#5635=CARTESIAN_POINT('Ctrl Pts',(-0.0811675038524561,-0.195713857078761,
0.0577268215410883));
#5636=CARTESIAN_POINT('Ctrl Pts',(-0.0813019615316596,-0.194329228053968,
0.0622502621539042));
#5637=CARTESIAN_POINT('Ctrl Pts',(-0.0813804886951512,-0.19345578350593,
0.0649073571182682));
#5638=CARTESIAN_POINT('Ctrl Pts',(-0.0817563787325069,-0.188964882544243,
0.0776782086526863));
#5639=CARTESIAN_POINT('Ctrl Pts',(-0.0820402620973132,-0.18460746101758,
0.0875139373009887));
#5640=CARTESIAN_POINT('Ctrl Pts',(-0.0825837080416451,-0.174768685704585,
0.105697757252401));
#5641=CARTESIAN_POINT('Ctrl Pts',(-0.0828430842724198,-0.169409595874658,
0.114077681748778));
#5642=CARTESIAN_POINT('Ctrl Pts',(-0.0831721962009106,-0.162295258410867,
0.123592804570332));
#5643=CARTESIAN_POINT('Ctrl Pts',(-0.0832267454286283,-0.161106905597471,
0.12513558368334));
#5644=CARTESIAN_POINT('Ctrl Pts',(-0.0833143196422302,-0.159190525352303,
0.127551124276578));
#5645=CARTESIAN_POINT('Ctrl Pts',(-0.0833468438515818,-0.158476983109187,
0.128435240486391));
#5646=CARTESIAN_POINT('Ctrl Pts',(-0.0834118314563479,-0.157049133370435,
0.130174464505841));
#5647=CARTESIAN_POINT('Ctrl Pts',(-0.0834442917875354,-0.156335148196139,
0.13102975246278));
#5648=CARTESIAN_POINT('Ctrl Pts',(-0.0835308014987079,-0.154428877629172,
0.133275602227519));
#5649=CARTESIAN_POINT('Ctrl Pts',(-0.083585284696251,-0.153224790917086,
0.134656027265168));
#5650=CARTESIAN_POINT('Ctrl Pts',(-0.0837094777656955,-0.150466791680432,
0.137733212569464));
#5651=CARTESIAN_POINT('Ctrl Pts',(-0.0837795058126869,-0.148902427900766,
0.139420270851688));
#5652=CARTESIAN_POINT('Ctrl Pts',(-0.0840145918738587,-0.143605259857827,
0.144942434674901));
#5653=CARTESIAN_POINT('Ctrl Pts',(-0.084182388095941,-0.13975005735539,
0.14865701410202));
#5654=CARTESIAN_POINT('Ctrl Pts',(-0.0847612011926776,-0.126024860164706,
0.160877505960048));
#5655=CARTESIAN_POINT('Ctrl Pts',(-0.085172824397429,-0.115488440745158,
0.168587912843856));
#5656=CARTESIAN_POINT('Ctrl Pts',(-0.0856510108983335,-0.101798497555804,
0.17672045483608));
#5657=CARTESIAN_POINT('Ctrl Pts',(-0.0857370369249269,-0.0992768747632334,
0.178146672724988));
#5658=CARTESIAN_POINT('Ctrl Pts',(-0.0858735975219153,-0.0951785453201991,
0.180350814086748));
#5659=CARTESIAN_POINT('Ctrl Pts',(-0.0859247718273423,-0.0936206813606316,
0.181162891384119));
#5660=CARTESIAN_POINT('Ctrl Pts',(-0.0860315117663559,-0.090325362057698,
0.182826890082057));
#5661=CARTESIAN_POINT('Ctrl Pts',(-0.0860869910415588,-0.0885858776560064,
0.183674420296841));
#5662=CARTESIAN_POINT('Ctrl Pts',(-0.0862217085102934,-0.0842983377945604,
0.185688476151437));
#5663=CARTESIAN_POINT('Ctrl Pts',(-0.0863004332649157,-0.0817377832427146,
0.186827498801183));
#5664=CARTESIAN_POINT('Ctrl Pts',(-0.0866794230616636,-0.069161978806801,
0.1921140219809));
#5665=CARTESIAN_POINT('Ctrl Pts',(-0.086965922541451,-0.0588502323911635,
0.19551156959099));
#5666=CARTESIAN_POINT('Ctrl Pts',(-0.0873122771661655,-0.0460546070334656,
0.198623560355461));
#5667=CARTESIAN_POINT('Ctrl Pts',(-0.0873734798797549,-0.0437825626476182,
0.199135077919403));
#5668=CARTESIAN_POINT('Ctrl Pts',(-0.0874375987915526,-0.0413995077457977,
0.199628846044555));
#5669=CARTESIAN_POINT('Ctrl Pts',(-0.0874403637172595,-0.0412967408195588,
0.199650056574471));
#5670=CARTESIAN_POINT('Ctrl Pts',(-0.0875549858865479,-0.0370362746160101,
0.200525964280799));
#5671=CARTESIAN_POINT('Ctrl Pts',(-0.0876673234264523,-0.0328529293672298,
0.20125067209615));
#5672=CARTESIAN_POINT('Ctrl Pts',(-0.0878895731638069,-0.0246723038315925,
0.202405963727848));
#5673=CARTESIAN_POINT('Ctrl Pts',(-0.0879992487835944,-0.020678861628207,
0.202849967784044));
#5674=CARTESIAN_POINT('Ctrl Pts',(-0.0881539735834733,-0.0151755274546813,
0.203297570949404));
#5675=CARTESIAN_POINT('Ctrl Pts',(-0.0881965322824073,-0.0136747788015661,
0.203402912872887));
#5676=CARTESIAN_POINT('Ctrl Pts',(-0.0882692687701892,-0.0111362959067389,
0.203552858656199));
#5677=CARTESIAN_POINT('Ctrl Pts',(-0.0882991991357531,-0.0100991164567334,
0.2036061681242));
#5678=CARTESIAN_POINT('Ctrl Pts',(-0.0883582098230229,-0.00807029294568311,
0.203694894722207));
#5679=CARTESIAN_POINT('Ctrl Pts',(-0.0883872614174911,-0.00707872517276675,
0.203731002137629));
#5680=CARTESIAN_POINT('Ctrl Pts',(-0.0884763414835335,-0.00405834922086554,
0.203818896457895));
#5681=CARTESIAN_POINT('Ctrl Pts',(-0.0885369869904141,-0.00202940420658198,
0.203847606422383));
#5682=CARTESIAN_POINT('Ctrl Pts',(-0.0885983039498624,-3.8462588200316E-16,
0.203846000781292));
#5683=CARTESIAN_POINT('Ctrl Pts',(-0.0885983039498622,-7.10007293553342E-15,
0.203846000781292));
#5684=CARTESIAN_POINT('Ctrl Pts',(-0.0888871663344608,0.00956046326663146,
0.203838436653545));
#5685=CARTESIAN_POINT('Ctrl Pts',(-0.0891898143087824,0.0191081277427759,
0.203157953116012));
#5686=CARTESIAN_POINT('Ctrl Pts',(-0.089722284666658,0.0358168819174531,
0.200778200298942));
#5687=CARTESIAN_POINT('Ctrl Pts',(-0.0899522226451215,0.0430003047790485,
0.199357110051914));
#5688=CARTESIAN_POINT('Ctrl Pts',(-0.0902814593117305,0.0533791802517699,
0.19671653328841));
#5689=CARTESIAN_POINT('Ctrl Pts',(-0.0903846552363976,0.0566452164830611,
0.195798237601024));
#5690=CARTESIAN_POINT('Ctrl Pts',(-0.0905729670627178,0.0626357693091177,
0.193951408318281));
#5691=CARTESIAN_POINT('Ctrl Pts',(-0.0906584281783404,0.0653664779587325,
0.193045849869903));
#5692=CARTESIAN_POINT('Ctrl Pts',(-0.0908000705823765,0.0699125855679494,
0.19143070353743));
#5693=CARTESIAN_POINT('Ctrl Pts',(-0.090856790571409,0.0717386116185316,
0.190752326930388));
#5694=CARTESIAN_POINT('Ctrl Pts',(-0.0909700894267645,0.0753962339799674,
0.189333528066378));
#5695=CARTESIAN_POINT('Ctrl Pts',(-0.0910266490940646,0.0772273548817203,
0.188592441739885));
#5696=CARTESIAN_POINT('Ctrl Pts',(-0.0911687047369334,0.0818369570832763,
0.18664842197673));
#5697=CARTESIAN_POINT('Ctrl Pts',(-0.0912535454720767,0.0845999642246,0.185409983401511));
#5698=CARTESIAN_POINT('Ctrl Pts',(-0.0916593259287176,0.0978344164519308,
0.179120346039323));
#5699=CARTESIAN_POINT('Ctrl Pts',(-0.0919645467386326,0.107888591098195,
0.173241079114081));
#5700=CARTESIAN_POINT('Ctrl Pts',(-0.0925011000100807,0.124540247536682,
0.16148666834167));
#5701=CARTESIAN_POINT('Ctrl Pts',(-0.0927319548748565,0.131361054703667,
0.155980832495126));
#5702=CARTESIAN_POINT('Ctrl Pts',(-0.0930261565269171,0.139146553688534,
0.148820322997664));
#5703=CARTESIAN_POINT('Ctrl Pts',(-0.093077360399692,0.140470505255763,
0.147569450224961));
#5704=CARTESIAN_POINT('Ctrl Pts',(-0.0931608580008442,0.142574245235492,
0.145527711553754));
#5705=CARTESIAN_POINT('Ctrl Pts',(-0.0931927284327755,0.143364657438158,
0.144747936419613));
#5706=CARTESIAN_POINT('Ctrl Pts',(-0.0932579018178226,0.144954036827079,
0.143154078690743));
#5707=CARTESIAN_POINT('Ctrl Pts',(-0.0932912253733904,0.145752631374853,
0.142339656829595));
#5708=CARTESIAN_POINT('Ctrl Pts',(-0.0933825454594574,0.147904984607208,
0.140107424519771));
#5709=CARTESIAN_POINT('Ctrl Pts',(-0.0934410582702429,0.14924516849343,
0.138676710768007));
#5710=CARTESIAN_POINT('Ctrl Pts',(-0.0937960533623688,0.157163944047297,
0.129974480415774));
#5711=CARTESIAN_POINT('Ctrl Pts',(-0.0941067710180748,0.16323085895256,
0.122254802707773));
#5712=CARTESIAN_POINT('Ctrl Pts',(-0.0947581613184691,0.174778755704302,
0.10515292628836));
#5713=CARTESIAN_POINT('Ctrl Pts',(-0.0950971757849153,0.180114283763611,
0.0957078575470078));
#5714=CARTESIAN_POINT('Ctrl Pts',(-0.0955060248447676,0.185848452363983,
0.0833523730613178));
#5715=CARTESIAN_POINT('Ctrl Pts',(-0.0955888772057506,0.18697100073829,
0.0807974430694535));
#5716=CARTESIAN_POINT('Ctrl Pts',(-0.0957275136167077,0.188781690634205,
0.0764351093283032));
#5717=CARTESIAN_POINT('Ctrl Pts',(-0.0957837851246276,0.189497219089747,
0.0746395104960307));
#5718=CARTESIAN_POINT('Ctrl Pts',(-0.0958903865621715,0.190814883799479,
0.0711909651664539));
#5719=CARTESIAN_POINT('Ctrl Pts',(-0.0959407911590657,0.19142137460148,
0.0695398678437789));
#5720=CARTESIAN_POINT('Ctrl Pts',(-0.0960736010799355,0.192974393387844,
0.0651366134399038));
#5721=CARTESIAN_POINT('Ctrl Pts',(-0.0961553382755927,0.193883469144527,
0.0623716591194757));
#5722=CARTESIAN_POINT('Ctrl Pts',(-0.0965938799288794,0.198494242620622,
0.047264489911334));
#5723=CARTESIAN_POINT('Ctrl Pts',(-0.0969304270249283,0.201077984092515,
0.034611501297433));
#5724=CARTESIAN_POINT('Ctrl Pts',(-0.0974126057226437,0.203022190915554,
0.0164380745919249));
#5725=CARTESIAN_POINT('Ctrl Pts',(-0.097555544683667,0.203382548002309,
0.0110559444192278));
#5726=CARTESIAN_POINT('Ctrl Pts',(-0.0977647013050855,0.203591340832319,
0.00335901189172261));
#5727=CARTESIAN_POINT('Ctrl Pts',(-0.0978280275609001,0.203614676717832,
0.00105118742377876));
#5728=CARTESIAN_POINT('Ctrl Pts',(-0.0979432791926261,0.203586094922383,
-0.00309103944380613));
#5729=CARTESIAN_POINT('Ctrl Pts',(-0.0979948748502937,0.203548627442257,
-0.00492529674826362));
#5730=CARTESIAN_POINT('Ctrl Pts',(-0.0980788633792199,0.203448582907476,
-0.00787108389928209));
#5731=CARTESIAN_POINT('Ctrl Pts',(-0.0981108246298538,0.203401681224422,
-0.00898304103118218));
#5732=CARTESIAN_POINT('Ctrl Pts',(-0.098176018376483,0.203288393913067,
-0.0112306849042388));
#5733=CARTESIAN_POINT('Ctrl Pts',(-0.0982092693550302,0.203221599958654,
-0.0123663298133832));
#5734=CARTESIAN_POINT('Ctrl Pts',(-0.0983001135592499,0.203014756722334,
-0.0154426832075916));
#5735=CARTESIAN_POINT('Ctrl Pts',(-0.0983582138446237,0.202856386025606,
-0.0173820282882446));
#5736=CARTESIAN_POINT('Ctrl Pts',(-0.0987174825105151,0.201717484954508,
-0.0292309136394858));
#5737=CARTESIAN_POINT('Ctrl Pts',(-0.0990333950266747,0.200038381050549,
-0.0390597235611864));
#5738=CARTESIAN_POINT('Ctrl Pts',(-0.0996838129689094,0.195092180570722,
-0.0590518884574129));
#5739=CARTESIAN_POINT('Ctrl Pts',(-0.100016824954563,0.191731915819572,
-0.0691622750698193));
#5740=CARTESIAN_POINT('Ctrl Pts',(-0.100420960964069,0.186503896335872,
-0.0815553753102225));
#5741=CARTESIAN_POINT('Ctrl Pts',(-0.100504554335329,0.185357090567177,
-0.0841239610148708));
#5742=CARTESIAN_POINT('Ctrl Pts',(-0.10064407680203,0.18333143896858,-0.0884196093161269));
#5743=CARTESIAN_POINT('Ctrl Pts',(-0.10070050687401,0.182480492292528,-0.0901593720124841));
#5744=CARTESIAN_POINT('Ctrl Pts',(-0.100813980664081,0.180705171314909,
-0.093661532731785));
#5745=CARTESIAN_POINT('Ctrl Pts',(-0.100870992567453,0.179779517504326,
-0.095423053609939));
#5746=CARTESIAN_POINT('Ctrl Pts',(-0.10101576557384,0.177343391732108,-0.0998984380780747));
#5747=CARTESIAN_POINT('Ctrl Pts',(-0.101102818984754,0.175796367257407,
-0.10259184319514));
#5748=CARTESIAN_POINT('Ctrl Pts',(-0.101446152512049,0.169377182457768,
-0.113198301740537));
#5749=CARTESIAN_POINT('Ctrl Pts',(-0.101693227006025,0.164027372090721,
-0.12080926288989));
#5750=CARTESIAN_POINT('Ctrl Pts',(-0.102223471150289,0.151370890759195,
-0.136424043468506));
#5751=CARTESIAN_POINT('Ctrl Pts',(-0.102505130820563,0.143907589093726,
-0.144264541948698));
#5752=CARTESIAN_POINT('Ctrl Pts',(-0.102857755209163,0.134465426764279,
-0.152720789368436));
#5753=CARTESIAN_POINT('Ctrl Pts',(-0.102910295443398,0.133056699466425,
-0.153947865246831));
#5754=CARTESIAN_POINT('Ctrl Pts',(-0.102995452143622,0.130776890086686,
-0.155879094294726));
#5755=CARTESIAN_POINT('Ctrl Pts',(-0.103027616068623,0.12991655955138,-0.15659575889832));
#5756=CARTESIAN_POINT('Ctrl Pts',(-0.103092808301664,0.128176076191093,
-0.158021411719145));
#5757=CARTESIAN_POINT('Ctrl Pts',(-0.103125849820166,0.127295825942568,
-0.158730254342008));
#5758=CARTESIAN_POINT('Ctrl Pts',(-0.103215436028257,0.124912301403205,
-0.160617101990225));
#5759=CARTESIAN_POINT('Ctrl Pts',(-0.103272464854479,0.123398271762191,
-0.161781319018594));
#5760=CARTESIAN_POINT('Ctrl Pts',(-0.103403567921411,0.119917535056085,
-0.164380642427859));
#5761=CARTESIAN_POINT('Ctrl Pts',(-0.103478010012966,0.117941002459975,
-0.165802102816637));
#5762=CARTESIAN_POINT('Ctrl Pts',(-0.103735836874839,0.111072825438884,
-0.170556752684973));
#5763=CARTESIAN_POINT('Ctrl Pts',(-0.103922457042904,0.106061459103199,
-0.173711702239548));
#5764=CARTESIAN_POINT('Ctrl Pts',(-0.104484551160411,0.0906104182049493,
-0.182522216907124));
#5765=CARTESIAN_POINT('Ctrl Pts',(-0.104859101351603,0.0798059679266086,
-0.187487712362645));
#5766=CARTESIAN_POINT('Ctrl Pts',(-0.105307833581471,0.0657960050933809,
-0.192496603179385));
#5767=CARTESIAN_POINT('Ctrl Pts',(-0.105397584980068,0.0629394763269585,
-0.193446951697951));
#5768=CARTESIAN_POINT('Ctrl Pts',(-0.105544311928165,0.0581783939791429,
-0.1949144430365));
#5769=CARTESIAN_POINT('Ctrl Pts',(-0.105601909824017,0.056285538122327,
-0.195467875561797));
#5770=CARTESIAN_POINT('Ctrl Pts',(-0.105715532178123,0.0525047965189388,
-0.196513879399756));
#5771=CARTESIAN_POINT('Ctrl Pts',(-0.105771561086753,0.050617271666986,
-0.197006988537085));
#5772=CARTESIAN_POINT('Ctrl Pts',(-0.10590954607064,0.0459133588549428,
-0.198163874093105));
#5773=CARTESIAN_POINT('Ctrl Pts',(-0.105990931194835,0.0430893344776358,
-0.198794869588186));
#5774=CARTESIAN_POINT('Ctrl Pts',(-0.106166470988411,0.0369006768137121,
-0.200039698442924));
#5775=CARTESIAN_POINT('Ctrl Pts',(-0.106260227252568,0.0335320629004662,
-0.200629368334745));
#5776=CARTESIAN_POINT('Ctrl Pts',(-0.106554588389671,0.022795855573573,
-0.202230942183274));
#5777=CARTESIAN_POINT('Ctrl Pts',(-0.106750955150366,0.015386831708952,
-0.202924026613463));
#5778=CARTESIAN_POINT('Ctrl Pts',(-0.107196785397337,-0.00150618834435436,
-0.203573776590351));
#5779=CARTESIAN_POINT('Ctrl Pts',(-0.107445472782122,-0.0109826667082596,
-0.203276351714604));
#5780=CARTESIAN_POINT('Ctrl Pts',(-0.107763291986274,-0.022366733067056,
-0.202119929714752));
#5781=CARTESIAN_POINT('Ctrl Pts',(-0.10781872263152,-0.0243269872268338,
-0.201891911590847));
#5782=CARTESIAN_POINT('Ctrl Pts',(-0.107907441418113,-0.0274152518568398,
-0.201487007087451));
#5783=CARTESIAN_POINT('Ctrl Pts',(-0.107940210298292,-0.0285456380206589,
-0.201329102735284));
#5784=CARTESIAN_POINT('Ctrl Pts',(-0.108005424193555,-0.0307727562521972,
-0.200998840346049));
#5785=CARTESIAN_POINT('Ctrl Pts',(-0.108037861623655,-0.031869498460378,
-0.20082700477331));
#5786=CARTESIAN_POINT('Ctrl Pts',(-0.108123937653389,-0.0347530222136023,
-0.200350978011779));
#5787=CARTESIAN_POINT('Ctrl Pts',(-0.10817799920667,-0.0365372459591224,
-0.200031849382137));
#5788=CARTESIAN_POINT('Ctrl Pts',(-0.108487492681485,-0.0466215118849179,
-0.198088596091919));
#5789=CARTESIAN_POINT('Ctrl Pts',(-0.108753990874106,-0.0548180102344744,
-0.195971426056999));
#5790=CARTESIAN_POINT('Ctrl Pts',(-0.109399108661276,-0.0742161331054777,
-0.189647290925108));
#5791=CARTESIAN_POINT('Ctrl Pts',(-0.109776464738808,-0.0852258054588279,
-0.184950511551913));
#5792=CARTESIAN_POINT('Ctrl Pts',(-0.110227588034741,-0.098407482888413,
-0.177897693823034));
#5793=CARTESIAN_POINT('Ctrl Pts',(-0.110317182756646,-0.101023776655747,
-0.17642240576881));
#5794=CARTESIAN_POINT('Ctrl Pts',(-0.110463752190868,-0.1053011855174,-0.173883963748242));
#5795=CARTESIAN_POINT('Ctrl Pts',(-0.110521345283158,-0.106981214406842,
-0.172853635402879));
#5796=CARTESIAN_POINT('Ctrl Pts',(-0.110635029880152,-0.110294941941288,
-0.170754506105937));
#5797=CARTESIAN_POINT('Ctrl Pts',(-0.110691124627486,-0.111928758590867,
-0.169686273812211));
#5798=CARTESIAN_POINT('Ctrl Pts',(-0.110829412030947,-0.115951069695379,
-0.166972918704203));
#5799=CARTESIAN_POINT('Ctrl Pts',(-0.110911029176065,-0.118320244795537,
-0.165299901090847));
#5800=CARTESIAN_POINT('Ctrl Pts',(-0.111087151809171,-0.123411897492515,
-0.161538610280421));
#5801=CARTESIAN_POINT('Ctrl Pts',(-0.111181254543759,-0.126118963586849,
-0.159430940549868));
#5802=CARTESIAN_POINT('Ctrl Pts',(-0.111477359994936,-0.134558266954967,
-0.152510259179326));
#5803=CARTESIAN_POINT('Ctrl Pts',(-0.111675067147918,-0.140078756936572,
-0.147448789175655));
#5804=CARTESIAN_POINT('Ctrl Pts',(-0.112119214753724,-0.151837488022533,
-0.135407530771404));
#5805=CARTESIAN_POINT('Ctrl Pts',(-0.112364962254657,-0.157898359101994,
-0.12827823922944));
#5806=CARTESIAN_POINT('Ctrl Pts',(-0.112679941103373,-0.164628694336143,
-0.119154763818315));
#5807=CARTESIAN_POINT('Ctrl Pts',(-0.11273589533783,-0.165787216587001,
-0.117534964544406));
#5808=CARTESIAN_POINT('Ctrl Pts',(-0.112825269785497,-0.167574047657049,
-0.114957392461315));
#5809=CARTESIAN_POINT('Ctrl Pts',(-0.112858158583556,-0.168218404665808,
-0.114010884588111));
#5810=CARTESIAN_POINT('Ctrl Pts',(-0.112923426930655,-0.169470078694825,
-0.112138425058853));
#5811=CARTESIAN_POINT('Ctrl Pts',(-0.112955795685449,-0.170077879595673,
-0.11121287785884));
#5812=CARTESIAN_POINT('Ctrl Pts',(-0.113041412349489,-0.171652923997591,
-0.108771136951335));
#5813=CARTESIAN_POINT('Ctrl Pts',(-0.113095074627374,-0.172607651428782,
-0.107246976654452));
#5814=CARTESIAN_POINT('Ctrl Pts',(-0.113415554422912,-0.178130902775509,
-0.0981634636724467));
#5815=CARTESIAN_POINT('Ctrl Pts',(-0.113694508547991,-0.182222534043093,
-0.0903252892228326));
#5816=CARTESIAN_POINT('Ctrl Pts',(-0.11430652047744,-0.190036643212442,
-0.0726338980110736));
#5817=CARTESIAN_POINT('Ctrl Pts',(-0.114638484272054,-0.193530320880477,
-0.062706481312278));
#5818=CARTESIAN_POINT('Ctrl Pts',(-0.115022849827626,-0.196788194395728,
-0.0505022910119548));
#5819=CARTESIAN_POINT('Ctrl Pts',(-0.115086964414425,-0.19730356971771,
-0.0484426899518037));
#5820=CARTESIAN_POINT('Ctrl Pts',(-0.11519964787455,-0.198159474001594,
-0.0447794137090723));
#5821=CARTESIAN_POINT('Ctrl Pts',(-0.115248412880314,-0.198512962385235,
-0.0431793704448621));
#5822=CARTESIAN_POINT('Ctrl Pts',(-0.115296864412765,-0.198847141835903,
-0.0415748331373604));
#5823=CARTESIAN_POINT('',(-0.112099379783506,-4.95278477249117E-6,-0.20323060339237));
#5824=CARTESIAN_POINT('Ctrl Pts',(-0.115397018636758,-0.104198437918961,
-0.174385413812032));
#5825=CARTESIAN_POINT('Ctrl Pts',(-0.115384332864191,-0.10382388311584,
-0.174609604051108));
#5826=CARTESIAN_POINT('Ctrl Pts',(-0.115371602184257,-0.103448608614293,
-0.174832586630671));
#5827=CARTESIAN_POINT('Ctrl Pts',(-0.11533990887483,-0.102515735692916,
-0.175382828573154));
#5828=CARTESIAN_POINT('Ctrl Pts',(-0.115320894963659,-0.101957290048021,
-0.175708639268425));
#5829=CARTESIAN_POINT('Ctrl Pts',(-0.11524760542583,-0.099808812544799,
-0.176948413662343));
#5830=CARTESIAN_POINT('Ctrl Pts',(-0.115192709291158,-0.098208008800488,
-0.177843501655665));
#5831=CARTESIAN_POINT('Ctrl Pts',(-0.114901483080243,-0.0897419810053274,
-0.182428006300048));
#5832=CARTESIAN_POINT('Ctrl Pts',(-0.114655694253091,-0.082681001216474,
-0.185741926272489));
#5833=CARTESIAN_POINT('Ctrl Pts',(-0.11417183467016,-0.0685149200709316,
-0.191421291703955));
#5834=CARTESIAN_POINT('Ctrl Pts',(-0.113934267072967,-0.0614345538135075,
-0.193816230139101));
#5835=CARTESIAN_POINT('Ctrl Pts',(-0.113511325692097,-0.0483786156219205,
-0.197444036799082));
#5836=CARTESIAN_POINT('Ctrl Pts',(-0.113324625344225,-0.0424487332892644,
-0.198808281862235));
#5837=CARTESIAN_POINT('Ctrl Pts',(-0.113074934986601,-0.034251017931877,
-0.200310349129501));
#5838=CARTESIAN_POINT('Ctrl Pts',(-0.113008077024123,-0.0320290103914732,
-0.20067940198352));
#5839=CARTESIAN_POINT('Ctrl Pts',(-0.112886666663269,-0.0279444847702229,
-0.201288174521421));
#5840=CARTESIAN_POINT('Ctrl Pts',(-0.112831924258203,-0.0260839079335397,
-0.201539167096043));
#5841=CARTESIAN_POINT('Ctrl Pts',(-0.112727444935679,-0.0224973352602302,
-0.201972460388557));
#5842=CARTESIAN_POINT('Ctrl Pts',(-0.112677646984603,-0.0207719607523998,
-0.202158503551386));
#5843=CARTESIAN_POINT('Ctrl Pts',(-0.11257228322973,-0.01708892530137,-0.202507955152269));
#5844=CARTESIAN_POINT('Ctrl Pts',(-0.112516829207826,-0.0151308495778248,
-0.20266512023064));
#5845=CARTESIAN_POINT('Ctrl Pts',(-0.112338859693238,-0.00878808330875168,
-0.203081731933575));
#5846=CARTESIAN_POINT('Ctrl Pts',(-0.112218245649818,-0.00439718121475648,
-0.203227383740322));
#5847=CARTESIAN_POINT('Ctrl Pts',(-0.112099379783506,-4.95278477245163E-6,
-0.20323060339237));
#5848=CARTESIAN_POINT('Ctrl Pts',(-0.112099379783507,-4.95278478328341E-6,
-0.20323060339237));
#5849=CARTESIAN_POINT('Ctrl Pts',(-0.111697143539334,0.0148581321532554,
-0.203241498536516));
#5850=CARTESIAN_POINT('Ctrl Pts',(-0.111319349772726,0.0296766639489657,
-0.201621351701456));
#5851=CARTESIAN_POINT('Ctrl Pts',(-0.110853999409815,0.046386133639152,
-0.197912455785733));
#5852=CARTESIAN_POINT('Ctrl Pts',(-0.11079209140659,0.0485779662748643,
-0.19738757200985));
#5853=CARTESIAN_POINT('Ctrl Pts',(-0.110679187043208,0.0525033208678966,
-0.196378294661781));
#5854=CARTESIAN_POINT('Ctrl Pts',(-0.110628511154759,0.0542399996730488,
-0.195907108344383));
#5855=CARTESIAN_POINT('Ctrl Pts',(-0.110545799374468,0.0570269078688249,
-0.195111135006828));
#5856=CARTESIAN_POINT('Ctrl Pts',(-0.110514187798065,0.0580811657446988,
-0.194800764621076));
#5857=CARTESIAN_POINT('Ctrl Pts',(-0.110449692594196,0.06020802402633,-0.19415585166203));
#5858=CARTESIAN_POINT('Ctrl Pts',(-0.110416790302943,0.0612804766182159,
-0.193820933628712));
#5859=CARTESIAN_POINT('Ctrl Pts',(-0.110326724661375,0.0641847702300562,
-0.1928874716863));
#5860=CARTESIAN_POINT('Ctrl Pts',(-0.110269046078258,0.0660109568148176,
-0.192271758011369));
#5861=CARTESIAN_POINT('Ctrl Pts',(-0.109907597678621,0.0772747433399973,
-0.188294946330182));
#5862=CARTESIAN_POINT('Ctrl Pts',(-0.109588391383583,0.0864619252298919,
-0.184266385222666));
#5863=CARTESIAN_POINT('Ctrl Pts',(-0.108937373627982,0.104610856203982,
-0.174652743504249));
#5864=CARTESIAN_POINT('Ctrl Pts',(-0.108606991807168,0.113511040828592,
-0.169014162436477));
#5865=CARTESIAN_POINT('Ctrl Pts',(-0.108205282017159,0.124190637414921,
-0.16102408753446));
#5866=CARTESIAN_POINT('Ctrl Pts',(-0.108121386388179,0.126410921984093,
-0.159289810471734));
#5867=CARTESIAN_POINT('Ctrl Pts',(-0.107981979498491,0.1300829902661,-0.156296568022005));
#5868=CARTESIAN_POINT('Ctrl Pts',(-0.107925939217911,0.131554251209892,
-0.15506217273333));
#5869=CARTESIAN_POINT('Ctrl Pts',(-0.107813762013286,0.134488442810068,
-0.152528654559569));
#5870=CARTESIAN_POINT('Ctrl Pts',(-0.107757648783345,0.135950550567474,
-0.151228890087252));
#5871=CARTESIAN_POINT('Ctrl Pts',(-0.107616307842437,0.139616742298588,
-0.147873777281657));
#5872=CARTESIAN_POINT('Ctrl Pts',(-0.107531756880173,0.14179430197502,-0.145790141916348));
#5873=CARTESIAN_POINT('Ctrl Pts',(-0.107129386039466,0.152057551748329,
-0.13552280895362));
#5874=CARTESIAN_POINT('Ctrl Pts',(-0.106827443866408,0.159484898976716,
-0.126711165858732));
#5875=CARTESIAN_POINT('Ctrl Pts',(-0.106291227029177,0.171258513261008,
-0.110063640788843));
#5876=CARTESIAN_POINT('Ctrl Pts',(-0.106057336509443,0.175908365955472,
-0.102480309425694));
#5877=CARTESIAN_POINT('Ctrl Pts',(-0.105759906065444,0.180885172784924,
-0.0930267013160027));
#5878=CARTESIAN_POINT('Ctrl Pts',(-0.105709302259169,0.18170158991259,-0.0914247452105732));
#5879=CARTESIAN_POINT('Ctrl Pts',(-0.105626691256402,0.182982545226205,
-0.0888267676892504));
#5880=CARTESIAN_POINT('Ctrl Pts',(-0.105595107223407,0.1834604318166,-0.0878374230026361));
#5881=CARTESIAN_POINT('Ctrl Pts',(-0.105530653042223,0.184410852540632,
-0.0858284493515036));
#5882=CARTESIAN_POINT('Ctrl Pts',(-0.10549776404632,0.184883001754454,-0.084808674267201));
#5883=CARTESIAN_POINT('Ctrl Pts',(-0.105407716065151,0.18614227123802,-0.0820286819800862));
#5884=CARTESIAN_POINT('Ctrl Pts',(-0.105350041460066,0.186912859244997,
-0.0802611181702219));
#5885=CARTESIAN_POINT('Ctrl Pts',(-0.104989306657117,0.191524174511957,
-0.0692596158448197));
#5886=CARTESIAN_POINT('Ctrl Pts',(-0.104670872495346,0.194705019296429,
-0.0597640833947797));
#5887=CARTESIAN_POINT('Ctrl Pts',(-0.104127219095354,0.198942704243677,
-0.0431351345601098));
#5888=CARTESIAN_POINT('Ctrl Pts',(-0.103901479835619,0.200343293060136,
-0.0361083463463533));
#5889=CARTESIAN_POINT('Ctrl Pts',(-0.103577668340393,0.201849897772422,
-0.0257142116846997));
#5890=CARTESIAN_POINT('Ctrl Pts',(-0.103475715178197,0.202247762304272,
-0.0223948966496685));
#5891=CARTESIAN_POINT('Ctrl Pts',(-0.103289592897799,0.202831899793716,
-0.0162412317120371));
#5892=CARTESIAN_POINT('Ctrl Pts',(-0.103205078620916,0.203040963253497,
-0.0134098962142833));
#5893=CARTESIAN_POINT('Ctrl Pts',(-0.103064977163167,0.203292184377898,
-0.00865349206586388));
#5894=CARTESIAN_POINT('Ctrl Pts',(-0.103008847918278,0.203366400970176,
-0.00673055191409828));
#5895=CARTESIAN_POINT('Ctrl Pts',(-0.102896745564006,0.203460897205697,
-0.00285596192842467));
#5896=CARTESIAN_POINT('Ctrl Pts',(-0.102840791838776,0.203480395762872,
-0.000904496350852663));
#5897=CARTESIAN_POINT('Ctrl Pts',(-0.102700370929612,0.203458657931141,
0.00403476219116959));
#5898=CARTESIAN_POINT('Ctrl Pts',(-0.102616562953633,0.203379671450673,
0.00702192936329958));
#5899=CARTESIAN_POINT('Ctrl Pts',(-0.10220140769948,0.202653796535848,0.0219860107651485));
#5900=CARTESIAN_POINT('Ctrl Pts',(-0.101887596902384,0.201014224670863,
0.0338906709476046));
#5901=CARTESIAN_POINT('Ctrl Pts',(-0.101349862660401,0.196446720052267,
0.0538276858049863));
#5902=CARTESIAN_POINT('Ctrl Pts',(-0.101126753447253,0.194045374247422,
0.0619475387001052));
#5903=CARTESIAN_POINT('Ctrl Pts',(-0.100841304834742,0.190528678709116,
0.0715867257901601));
#5904=CARTESIAN_POINT('Ctrl Pts',(-0.100790634987128,0.189888793900118,
0.0732708853387127));
#5905=CARTESIAN_POINT('Ctrl Pts',(-0.100707955671052,0.188822558701906,
0.0759688266688667));
#5906=CARTESIAN_POINT('Ctrl Pts',(-0.100676371311777,0.188410189139757,
0.0769880416117369));
#5907=CARTESIAN_POINT('Ctrl Pts',(-0.100611967262238,0.187560070203871,
0.0790412319529733));
#5908=CARTESIAN_POINT('Ctrl Pts',(-0.100579129412223,0.187121980533168,
0.0800750315486939));
#5909=CARTESIAN_POINT('Ctrl Pts',(-0.100489315925846,0.185910330063461,
0.0828697243922909));
#5910=CARTESIAN_POINT('Ctrl Pts',(-0.100431828229339,0.185120345034514,
0.084623356878943));
#5911=CARTESIAN_POINT('Ctrl Pts',(-0.100060469213966,0.179914621571156,
0.0957553867783785));
#5912=CARTESIAN_POINT('Ctrl Pts',(-0.099730080521206,0.174813167860749,
0.104796170936394));
#5913=CARTESIAN_POINT('Ctrl Pts',(-0.0991821246910944,0.165179872965376,
0.119181165091403));
#5914=CARTESIAN_POINT('Ctrl Pts',(-0.0989635027875342,0.161021290165248,
0.124751827484239));
#5915=CARTESIAN_POINT('Ctrl Pts',(-0.0986483404291369,0.154485830629034,
0.13263075513017));
#5916=CARTESIAN_POINT('Ctrl Pts',(-0.0985481454307556,0.152324701257303,
0.135111225366051));
#5917=CARTESIAN_POINT('Ctrl Pts',(-0.0983648434881166,0.148210673069266,
0.139608234686751));
#5918=CARTESIAN_POINT('Ctrl Pts',(-0.0982814092678853,0.14627436161722,
0.141638850158955));
#5919=CARTESIAN_POINT('Ctrl Pts',(-0.0981425907803694,0.142944333562095,
0.144989515163089));
#5920=CARTESIAN_POINT('Ctrl Pts',(-0.0980866851974244,0.141572824463728,
0.146331041100645));
#5921=CARTESIAN_POINT('Ctrl Pts',(-0.0979812861286374,0.138929605709014,
0.148844332987163));
#5922=CARTESIAN_POINT('Ctrl Pts',(-0.0979317090303858,0.137661532625754,
0.150019671888657));
#5923=CARTESIAN_POINT('Ctrl Pts',(-0.0978023133767097,0.134287741512544,
0.15306773901002));
#5924=CARTESIAN_POINT('Ctrl Pts',(-0.0977231312022125,0.132157833233233,
0.15491314341243));
#5925=CARTESIAN_POINT('Ctrl Pts',(-0.0972714237687129,0.11964832639646,
0.165304845158899));
#5926=CARTESIAN_POINT('Ctrl Pts',(-0.0969221873386189,0.108480742635336,
0.172849852316119));
#5927=CARTESIAN_POINT('Ctrl Pts',(-0.0964324938933923,0.0921142899559447,
0.181689685351934));
#5928=CARTESIAN_POINT('Ctrl Pts',(-0.0962959411705288,0.0874861997432779,
0.183966856129168));
#5929=CARTESIAN_POINT('Ctrl Pts',(-0.0960950897638163,0.0807266661849377,
0.186979784468427));
#5930=CARTESIAN_POINT('Ctrl Pts',(-0.0960335410458,0.0786616133098888,0.187859631880789));
#5931=CARTESIAN_POINT('Ctrl Pts',(-0.0959212375894087,0.0749204428709779,
0.189381089655797));
#5932=CARTESIAN_POINT('Ctrl Pts',(-0.0958707993645877,0.0732495795994433,
0.190035014688923));
#5933=CARTESIAN_POINT('Ctrl Pts',(-0.0957884160658411,0.0705426531220274,
0.191053414034117));
#5934=CARTESIAN_POINT('Ctrl Pts',(-0.0957568913713938,0.0695118873469275,
0.191431728407766));
#5935=CARTESIAN_POINT('Ctrl Pts',(-0.0956925174628203,0.0674194416449441,
0.192180575139924));
#5936=CARTESIAN_POINT('Ctrl Pts',(-0.0956596488938607,0.0663576466006508,
0.192550689046287));
#5937=CARTESIAN_POINT('Ctrl Pts',(-0.0955696011270798,0.0634640605818229,
0.193532539413372));
#5938=CARTESIAN_POINT('Ctrl Pts',(-0.0955119048962926,0.0616265625831429,
0.194127053297641));
#5939=CARTESIAN_POINT('Ctrl Pts',(-0.0951486618707616,0.0501329944605757,
0.197666086092438));
#5940=CARTESIAN_POINT('Ctrl Pts',(-0.0948274775314092,0.0402778167382132,
0.199915772816785));
#5941=CARTESIAN_POINT('Ctrl Pts',(-0.0941762283059805,0.0199271855693066,
0.202993988237586));
#5942=CARTESIAN_POINT('Ctrl Pts',(-0.0938475344341933,0.00945191763648436,
0.203759253070337));
#5943=CARTESIAN_POINT('Ctrl Pts',(-0.0934475491650933,-0.00385347516554957,
0.203702054583236));
#5944=CARTESIAN_POINT('Ctrl Pts',(-0.0933638004660622,-0.00667030524889859,
0.20363147398812));
#5945=CARTESIAN_POINT('Ctrl Pts',(-0.0932246418124111,-0.0114033101476492,
0.203414527094928));
#5946=CARTESIAN_POINT('Ctrl Pts',(-0.0931687035927645,-0.0133204932970334,
0.203299450837649));
#5947=CARTESIAN_POINT('Ctrl Pts',(-0.0930567416589233,-0.0171863598778499,
0.203012470279237));
#5948=CARTESIAN_POINT('Ctrl Pts',(-0.0930007413839921,-0.0191347662810335,
0.202839573036064));
#5949=CARTESIAN_POINT('Ctrl Pts',(-0.0928597245285139,-0.0240761443042861,
0.202329236546704));
#5950=CARTESIAN_POINT('Ctrl Pts',(-0.0927753821551964,-0.027064682149983,
0.201953420284776));
#5951=CARTESIAN_POINT('Ctrl Pts',(-0.09237006198695,-0.04155733117834,0.199803407822777));
#5952=CARTESIAN_POINT('Ctrl Pts',(-0.092065372153669,-0.0529030734570392,
0.197111480019534));
#5953=CARTESIAN_POINT('Ctrl Pts',(-0.0915288579300157,-0.0723169385907818,
0.190708315523784));
#5954=CARTESIAN_POINT('Ctrl Pts',(-0.0912974954997038,-0.0804890955367108,
0.187412295006351));
#5955=CARTESIAN_POINT('Ctrl Pts',(-0.0910029091769301,-0.0900446124393933,
0.182818850881525));
#5956=CARTESIAN_POINT('Ctrl Pts',(-0.0909523496719528,-0.0916563748147432,
0.182017616995183));
#5957=CARTESIAN_POINT('Ctrl Pts',(-0.0908698304521612,-0.094234991703374,
0.180692887853079));
#5958=CARTESIAN_POINT('Ctrl Pts',(-0.0908382942973497,-0.0952085975550788,
0.180182720781429));
#5959=CARTESIAN_POINT('Ctrl Pts',(-0.0907739743194424,-0.0971684556745975,
0.17913548099288));
#5960=CARTESIAN_POINT('Ctrl Pts',(-0.0907411721815504,-0.0981544961374629,
0.178598080256655));
#5961=CARTESIAN_POINT('Ctrl Pts',(-0.090651446594751,-0.100817698976947,
0.177117952378137));
#5962=CARTESIAN_POINT('Ctrl Pts',(-0.0905940112745972,-0.102486029656368,
0.176159598244644));
#5963=CARTESIAN_POINT('Ctrl Pts',(-0.0902229745836211,-0.113058323543189,
0.169885833589306));
#5964=CARTESIAN_POINT('Ctrl Pts',(-0.0898928569728126,-0.121559324594436,
0.163921411296439));
#5965=CARTESIAN_POINT('Ctrl Pts',(-0.0893448675751244,-0.134948789260349,
0.152913520685312));
#5966=CARTESIAN_POINT('Ctrl Pts',(-0.0891259576141277,-0.140098067520971,
0.148218055062886));
#5967=CARTESIAN_POINT('Ctrl Pts',(-0.0888104803915821,-0.147314432206402,
0.140926361422031));
#5968=CARTESIAN_POINT('Ctrl Pts',(-0.0887102441911032,-0.149574821374611,
0.138528786340221));
#5969=CARTESIAN_POINT('Ctrl Pts',(-0.0885268989750497,-0.15365292349325,
0.133987402611204));
#5970=CARTESIAN_POINT('Ctrl Pts',(-0.0884434614171506,-0.155486329934272,
0.131858777708107));
#5971=CARTESIAN_POINT('Ctrl Pts',(-0.0883046905207327,-0.158497234166873,
0.128213245220207));
#5972=CARTESIAN_POINT('Ctrl Pts',(-0.0882488343682783,-0.159698348355042,
0.126716389859365));
#5973=CARTESIAN_POINT('Ctrl Pts',(-0.0881369411000881,-0.16208171394694,
0.123658677076503));
#5974=CARTESIAN_POINT('Ctrl Pts',(-0.0880809290230895,-0.163262970667537,
0.122097301118569));
#5975=CARTESIAN_POINT('Ctrl Pts',(-0.0879396922023707,-0.166209451677753,
0.118083739033637));
#5976=CARTESIAN_POINT('Ctrl Pts',(-0.0878551475890704,-0.167942978734915,
0.115608867196506));
#5977=CARTESIAN_POINT('Ctrl Pts',(-0.0874548668758958,-0.175984867339251,
0.103566610067251));
#5978=CARTESIAN_POINT('Ctrl Pts',(-0.0871548100672414,-0.181533641452364,
0.0935171806118659));
#5979=CARTESIAN_POINT('Ctrl Pts',(-0.0866187730831056,-0.189873140403662,
0.0748544490697827));
#5980=CARTESIAN_POINT('Ctrl Pts',(-0.0863831290808749,-0.192991493492083,
0.0664213062420937));
#5981=CARTESIAN_POINT('Ctrl Pts',(-0.0860837727504258,-0.196055435588396,
0.0560851610689288));
#5982=CARTESIAN_POINT('Ctrl Pts',(-0.0860332558969527,-0.196544008084056,
0.0543532093047754));
#5983=CARTESIAN_POINT('Ctrl Pts',(-0.085950801375167,-0.197293992103904,
0.0515533677492288));
#5984=CARTESIAN_POINT('Ctrl Pts',(-0.0859192867724109,-0.197569795079131,
0.0504894210324682));
#5985=CARTESIAN_POINT('Ctrl Pts',(-0.0858550095513385,-0.198109980697988,
0.0483340520754379));
#5986=CARTESIAN_POINT('Ctrl Pts',(-0.0858222286188504,-0.198373977669611,
0.0472425663487081));
#5987=CARTESIAN_POINT('Ctrl Pts',(-0.0857325662557653,-0.199065749700582,
0.0442754972039916));
#5988=CARTESIAN_POINT('Ctrl Pts',(-0.0856751734000051,-0.199476031507673,
0.0423959666883569));
#5989=CARTESIAN_POINT('Ctrl Pts',(-0.0853048529412999,-0.201924572106099,
0.0303649680240676));
#5990=CARTESIAN_POINT('Ctrl Pts',(-0.0849754626118105,-0.203214178897931,
0.0200766916541843));
#5991=CARTESIAN_POINT('Ctrl Pts',(-0.0844276367950085,-0.204056106528473,
0.00275927534986741));
#5992=CARTESIAN_POINT('Ctrl Pts',(-0.0842082017806662,-0.204036678406515,
-0.00422954095602288));
#5993=CARTESIAN_POINT('Ctrl Pts',(-0.0838921039031707,-0.203480018089532,
-0.0144990722351423));
#5994=CARTESIAN_POINT('Ctrl Pts',(-0.083791752724492,-0.203221412755443,
-0.0177896238099264));
#5995=CARTESIAN_POINT('Ctrl Pts',(-0.0836082349330786,-0.20259467199251,
-0.0238703139198911));
#5996=CARTESIAN_POINT('Ctrl Pts',(-0.0835247381687288,-0.202248433611307,
-0.0266618904597167));
#5997=CARTESIAN_POINT('Ctrl Pts',(-0.0833859240540193,-0.201568885849245,
-0.0313452797472079));
#5998=CARTESIAN_POINT('Ctrl Pts',(-0.0833300820009285,-0.201266404739416,
-0.0332411385517624));
#5999=CARTESIAN_POINT('Ctrl Pts',(-0.0832248730351227,-0.200640918829196,
-0.0368345495533187));
#6000=CARTESIAN_POINT('Ctrl Pts',(-0.0831754214608532,-0.200323021309711,
-0.0385328153425803));
#6001=CARTESIAN_POINT('Ctrl Pts',(-0.0830465255112698,-0.199431540747412,
-0.0429818338069774));
#6002=CARTESIAN_POINT('Ctrl Pts',(-0.0829677110845428,-0.198822614281337,
-0.045725133605779));
#6003=CARTESIAN_POINT('Ctrl Pts',(-0.0825141982764567,-0.194949009374192,
-0.0616162728004152));
#6004=CARTESIAN_POINT('Ctrl Pts',(-0.0821631705601672,-0.190437343690458,
-0.0744248258274029));
#6005=CARTESIAN_POINT('Ctrl Pts',(-0.0816723288396653,-0.182511107436995,
-0.091341248667252));
#6006=CARTESIAN_POINT('Ctrl Pts',(-0.0815365973970219,-0.180157926900514,
-0.0959067179273524));
#6007=CARTESIAN_POINT('Ctrl Pts',(-0.0813368337475711,-0.176534634012825,
-0.102329320205058));
#6008=CARTESIAN_POINT('Ctrl Pts',(-0.0812755283713596,-0.175402089532915,
-0.104261827529516));
#6009=CARTESIAN_POINT('Ctrl Pts',(-0.0811636371053547,-0.173306807579015,
-0.107705901404217));
#6010=CARTESIAN_POINT('Ctrl Pts',(-0.0811133653908673,-0.17235552708275,
-0.109224173684358));
#6011=CARTESIAN_POINT('Ctrl Pts',(-0.0810312233559962,-0.170789487905988,
-0.11165200953411));
#6012=CARTESIAN_POINT('Ctrl Pts',(-0.0809997710701666,-0.170187153152253,
-0.112569486890522));
#6013=CARTESIAN_POINT('Ctrl Pts',(-0.0809355226458782,-0.168952631963954,
-0.114417270281096));
#6014=CARTESIAN_POINT('Ctrl Pts',(-0.0809027069069059,-0.168320094082261,
-0.11534730233843));
#6015=CARTESIAN_POINT('Ctrl Pts',(-0.0808127871114975,-0.166580070130388,
-0.117860782641928));
#6016=CARTESIAN_POINT('Ctrl Pts',(-0.0807551662350166,-0.165457747621239,
-0.119433802605865));
#6017=CARTESIAN_POINT('Ctrl Pts',(-0.0803929454691367,-0.158341540304119,
-0.129114079065817));
#6018=CARTESIAN_POINT('Ctrl Pts',(-0.0800727663588462,-0.151776377820332,
-0.136783901450574));
#6019=CARTESIAN_POINT('Ctrl Pts',(-0.079421304420534,-0.137242358790939,
-0.15141627487258));
#6020=CARTESIAN_POINT('Ctrl Pts',(-0.0790914313476061,-0.129244830873238,
-0.15830876924555));
#6021=CARTESIAN_POINT('Ctrl Pts',(-0.078690418803753,-0.118476722080321,
-0.16622352583988));
#6022=CARTESIAN_POINT('Ctrl Pts',(-0.0786067041059782,-0.116168914671792,
-0.16784717057949));
#6023=CARTESIAN_POINT('Ctrl Pts',(-0.0784676619431661,-0.112234185171069,
-0.170495143888549));
#6024=CARTESIAN_POINT('Ctrl Pts',(-0.078411804733024,-0.110625141058014,
-0.171545276178918));
#6025=CARTESIAN_POINT('Ctrl Pts',(-0.0783000581165469,-0.107349465587038,
-0.173617742648228));
#6026=CARTESIAN_POINT('Ctrl Pts',(-0.0782441911796899,-0.105682493269995,
-0.17463916016469));
#6027=CARTESIAN_POINT('Ctrl Pts',(-0.0781036354209505,-0.10141598602006,
-0.177169800065184));
#6028=CARTESIAN_POINT('Ctrl Pts',(-0.078019615428481,-0.0987973014971675,
-0.178645828521163));
#6029=CARTESIAN_POINT('Ctrl Pts',(-0.0776095630649133,-0.0857036251848797,
-0.185649517476549));
#6030=CARTESIAN_POINT('Ctrl Pts',(-0.0773004682185081,-0.0747939312223609,
-0.190315614100443));
#6031=CARTESIAN_POINT('Ctrl Pts',(-0.0767626246488153,-0.0552852381360614,
-0.19671982591643));
#6032=CARTESIAN_POINT('Ctrl Pts',(-0.0765344896505915,-0.0468649963614266,
-0.198900104542527));
#6033=CARTESIAN_POINT('Ctrl Pts',(-0.0762438895883289,-0.0365771567641785,
-0.200874322835481));
#6034=CARTESIAN_POINT('Ctrl Pts',(-0.0761937838385038,-0.0348181919788503,
-0.201187999460627));
#6035=CARTESIAN_POINT('Ctrl Pts',(-0.0761118572829098,-0.0319734242778526,
-0.201656897119462));
#6036=CARTESIAN_POINT('Ctrl Pts',(-0.0760804512604565,-0.0308900792057174,
-0.201826516605758));
#6037=CARTESIAN_POINT('Ctrl Pts',(-0.0760162363931049,-0.0286917749799803,
-0.202152599984484));
#6038=CARTESIAN_POINT('Ctrl Pts',(-0.0759834071544717,-0.0275767780874498,
-0.202308585953443));
#6039=CARTESIAN_POINT('Ctrl Pts',(-0.0758933518850083,-0.0245395760753735,
-0.202707921142442));
#6040=CARTESIAN_POINT('Ctrl Pts',(-0.0758356058494767,-0.0226151205133293,
-0.202933155845161));
#6041=CARTESIAN_POINT('Ctrl Pts',(-0.0754768092842234,-0.0107702668055772,
-0.20414893312653));
#6042=CARTESIAN_POINT('Ctrl Pts',(-0.0751605496816924,-0.000791704260438706,
-0.204439562671824));
#6043=CARTESIAN_POINT('Ctrl Pts',(-0.0745094976597673,0.0198089934659269,
-0.203530817738904));
#6044=CARTESIAN_POINT('Ctrl Pts',(-0.0741762274916488,0.0303971058597161,
-0.202229533616295));
#6045=CARTESIAN_POINT('Ctrl Pts',(-0.0737719942073863,0.0436056290734722,
-0.199544891327021));
#6046=CARTESIAN_POINT('Ctrl Pts',(-0.0736881747483175,0.0463635420534459,
-0.198924441400355));
#6047=CARTESIAN_POINT('Ctrl Pts',(-0.073549036159601,0.0509739021037563,
-0.197786163354592));
#6048=CARTESIAN_POINT('Ctrl Pts',(-0.0734931844831721,0.0528334985325385,
-0.197299072637079));
#6049=CARTESIAN_POINT('Ctrl Pts',(-0.0733815100225183,0.0565687541214294,
-0.196264095733814));
#6050=CARTESIAN_POINT('Ctrl Pts',(-0.0733257086497321,0.0584439794458618,
-0.195715399193575));
#6051=CARTESIAN_POINT('Ctrl Pts',(-0.0731854474957161,0.0631772175420998,
-0.194256361557884));
#6052=CARTESIAN_POINT('Ctrl Pts',(-0.0731016518527964,0.0660235826790829,
-0.193309798179277));
#6053=CARTESIAN_POINT('Ctrl Pts',(-0.0726884250111242,0.0801230178996751,
-0.188273372011353));
#6054=CARTESIAN_POINT('Ctrl Pts',(-0.0723763655755106,0.0910216750005594,
-0.183261996769325));
#6055=CARTESIAN_POINT('Ctrl Pts',(-0.0718353637237716,0.108967453127293,
-0.17301444428252));
#6056=CARTESIAN_POINT('Ctrl Pts',(-0.0716071474914748,0.116233039232303,
-0.16822668828334));
#6057=CARTESIAN_POINT('Ctrl Pts',(-0.0713177209655374,0.124556213747311,
-0.161946407881931));
#6058=CARTESIAN_POINT('Ctrl Pts',(-0.0712690553903341,0.125927468943858,
-0.160884065591));
#6059=CARTESIAN_POINT('Ctrl Pts',(-0.0711888967158048,0.128135114782383,
-0.159128347959976));
#6060=CARTESIAN_POINT('Ctrl Pts',(-0.0711577869730726,0.128979796451901,
-0.158445522818178));
#6061=CARTESIAN_POINT('Ctrl Pts',(-0.0710934787541559,0.130699377267533,
-0.157032643469824));
#6062=CARTESIAN_POINT('Ctrl Pts',(-0.0710602504080634,0.13157369629517,
-0.156301939448943));
#6063=CARTESIAN_POINT('Ctrl Pts',(-0.0709678392666575,0.133968496715226,
-0.154266266186113));
#6064=CARTESIAN_POINT('Ctrl Pts',(-0.0709080918819058,0.135475962764825,
-0.152946205008584));
#6065=CARTESIAN_POINT('Ctrl Pts',(-0.0705662519689841,0.143893937248833,
-0.145353219470931));
#6066=CARTESIAN_POINT('Ctrl Pts',(-0.0702710844813773,0.150387793762231,
-0.13863508932894));
#6067=CARTESIAN_POINT('Ctrl Pts',(-0.069624735557539,0.163578570706348,
-0.122972552507857));
#6068=CARTESIAN_POINT('Ctrl Pts',(-0.0692754224348282,0.170048202510862,
-0.113875196493765));
#6069=CARTESIAN_POINT('Ctrl Pts',(-0.0688559348349212,0.177198112706164,
-0.101848681528743));
#6070=CARTESIAN_POINT('Ctrl Pts',(-0.0687715640835766,0.178601268303301,
-0.0993721056669106));
#6071=CARTESIAN_POINT('Ctrl Pts',(-0.0686318087046166,0.18086630271142,
-0.0951720154300218));
#6072=CARTESIAN_POINT('Ctrl Pts',(-0.0685758798036479,0.181756363251324,
-0.0934641916416747));
#6073=CARTESIAN_POINT('Ctrl Pts',(-0.0684642765333515,0.183498622687615,
-0.0900026266753439));
#6074=CARTESIAN_POINT('Ctrl Pts',(-0.0684086197293796,0.18435012688831,
-0.0882487613454783));
#6075=CARTESIAN_POINT('Ctrl Pts',(-0.068269181293253,0.186437914883405,
-0.083787040608543));
#6076=CARTESIAN_POINT('Ctrl Pts',(-0.068186048309555,0.18764036468863,-0.0810638513972776));
#6077=CARTESIAN_POINT('Ctrl Pts',(-0.067764961459449,0.193498087729817,
-0.0669723023672772));
#6078=CARTESIAN_POINT('Ctrl Pts',(-0.0674454839370002,0.197180555004271,
-0.0552272898022113));
#6079=CARTESIAN_POINT('Ctrl Pts',(-0.0669731400632362,0.201009223612703,
-0.0375886562382276));
#6080=CARTESIAN_POINT('Ctrl Pts',(-0.0668217537973806,0.201993235962163,
-0.031905592461465));
#6081=CARTESIAN_POINT('Ctrl Pts',(-0.0665736758264994,0.203178682156647,
-0.0227793233396102));
#6082=CARTESIAN_POINT('Ctrl Pts',(-0.0664795989867863,0.203535483210498,
-0.019359442872286));
#6083=CARTESIAN_POINT('Ctrl Pts',(-0.0663443650249338,0.20391523693823,
-0.0145470570499652));
#6084=CARTESIAN_POINT('Ctrl Pts',(-0.0663050778518732,0.204010427948431,
-0.013160796823533));
#6085=CARTESIAN_POINT('Ctrl Pts',(-0.0662357641211785,0.204151937574142,
-0.0107393070896619));
#6086=CARTESIAN_POINT('Ctrl Pts',(-0.0662059218332221,0.204204526454794,
-0.00970449331526287));
#6087=CARTESIAN_POINT('Ctrl Pts',(-0.0661378397779908,0.204305710963065,
-0.00736262761315546));
#6088=CARTESIAN_POINT('Ctrl Pts',(-0.0660994655072424,0.20434963766351,
-0.00605542792878007));
#6089=CARTESIAN_POINT('Ctrl Pts',(-0.0659744633128599,0.204450989235373,
-0.00183353511432165));
#6090=CARTESIAN_POINT('Ctrl Pts',(-0.0658865068863285,0.204458649768669,
0.00108195723568877));
#6091=CARTESIAN_POINT('Ctrl Pts',(-0.0654867630960413,0.204213504297049,
0.0141553470715857));
#6092=CARTESIAN_POINT('Ctrl Pts',(-0.0651631412909024,0.203266318249568,
0.0242857120377331));
#6093=CARTESIAN_POINT('Ctrl Pts',(-0.064575074121674,0.200144188655171,
0.0427233476578432));
#6094=CARTESIAN_POINT('Ctrl Pts',(-0.064309933412174,0.198192261841291,
0.0510456127404092));
#6095=CARTESIAN_POINT('Ctrl Pts',(-0.063962845392627,0.194855223597614,
0.0621057839245531));
#6096=CARTESIAN_POINT('Ctrl Pts',(-0.0638733992316925,0.193921376601108,
0.064970336215578));
#6097=CARTESIAN_POINT('Ctrl Pts',(-0.0637277388317335,0.192277235750791,
0.069659319222423));
#6098=CARTESIAN_POINT('Ctrl Pts',(-0.0636708753106988,0.191603454953412,
0.0714960230179871));
#6099=CARTESIAN_POINT('Ctrl Pts',(-0.0635598044508469,0.190224313047785,
0.0750948725395718));
#6100=CARTESIAN_POINT('Ctrl Pts',(-0.0635055740187927,0.18952056960251,
0.0768574249462087));
#6101=CARTESIAN_POINT('Ctrl Pts',(-0.0633725625025283,0.187719640623517,
0.0811916602899867));
#6102=CARTESIAN_POINT('Ctrl Pts',(-0.0632943231529151,0.18659404291946,
0.0837511229513483));
#6103=CARTESIAN_POINT('Ctrl Pts',(-0.0628379081529659,0.179643794295681,
0.0987144165495027));
#6104=CARTESIAN_POINT('Ctrl Pts',(-0.0624840090777456,0.172636473387968,
0.110529960800292));
#6105=CARTESIAN_POINT('Ctrl Pts',(-0.0619913072663164,0.161474036342112,
0.12565764774913));
#6106=CARTESIAN_POINT('Ctrl Pts',(-0.0618568785408435,0.158295469393313,
0.129644483380668));
#6107=CARTESIAN_POINT('Ctrl Pts',(-0.0616588367475724,0.153516293767915,
0.135199910490767));
#6108=CARTESIAN_POINT('Ctrl Pts',(-0.0615979119504525,0.152033616261112,
0.136867455108782));
#6109=CARTESIAN_POINT('Ctrl Pts',(-0.0614866619239998,0.149315026024977,
0.139826142085299));
#6110=CARTESIAN_POINT('Ctrl Pts',(-0.0614366469743518,0.148088899281925,
0.141125974244763));
#6111=CARTESIAN_POINT('Ctrl Pts',(-0.0613548689091195,0.146083062379745,
0.143197373050938));
#6112=CARTESIAN_POINT('Ctrl Pts',(-0.0613235199187941,0.145313885391192,
0.143979023759529));
#6113=CARTESIAN_POINT('Ctrl Pts',(-0.061259435257101,0.143742654847247,
0.145550281472113));
#6114=CARTESIAN_POINT('Ctrl Pts',(-0.0612266794256529,0.142940292210145,
0.146339533306353));
#6115=CARTESIAN_POINT('Ctrl Pts',(-0.0611368708820013,0.140740618038239,
0.148467860370597));
#6116=CARTESIAN_POINT('Ctrl Pts',(-0.0610793005592052,0.139330769797906,
0.149793792704366));
#6117=CARTESIAN_POINT('Ctrl Pts',(-0.0607188498426508,0.130484754717872,
0.157879967426982));
#6118=CARTESIAN_POINT('Ctrl Pts',(-0.0604005228102588,0.122577995064383,
0.16410482931533));
#6119=CARTESIAN_POINT('Ctrl Pts',(-0.059747468717222,0.105398198702371,
0.175689697111639));
#6120=CARTESIAN_POINT('Ctrl Pts',(-0.0594142518625335,0.0960970298788653,
0.180954677742291));
#6121=CARTESIAN_POINT('Ctrl Pts',(-0.0590109113240419,0.0838841060720185,
0.186657425916403));
#6122=CARTESIAN_POINT('Ctrl Pts',(-0.0589278637823088,0.081316927913015,
0.187792399817587));
#6123=CARTESIAN_POINT('Ctrl Pts',(-0.0587897002738549,0.0769566762475616,
0.189613774164033));
#6124=CARTESIAN_POINT('Ctrl Pts',(-0.0587340649370943,0.0751758477690784,
0.190328404647071));
#6125=CARTESIAN_POINT('Ctrl Pts',(-0.058622598085396,0.0715579952124849,
0.191721437439753));
#6126=CARTESIAN_POINT('Ctrl Pts',(-0.0585667917378275,0.0697207581981972,
0.192398727412579));
#6127=CARTESIAN_POINT('Ctrl Pts',(-0.058426074966018,0.0650243229166108,
0.194053847598875));
#6128=CARTESIAN_POINT('Ctrl Pts',(-0.0583418421761218,0.0621526569851188,
0.194994893973052));
#6129=CARTESIAN_POINT('Ctrl Pts',(-0.0579378333063914,0.0481130425151026,
0.199253638937586));
#6130=CARTESIAN_POINT('Ctrl Pts',(-0.0576342843524065,0.0366965539968452,
0.201676720964909));
#6131=CARTESIAN_POINT('Ctrl Pts',(-0.0570972037083905,0.0162891854608674,
0.204216325775333));
#6132=CARTESIAN_POINT('Ctrl Pts',(-0.0568640973861914,0.00738037565549589,
0.204738043153228));
#6133=CARTESIAN_POINT('Ctrl Pts',(-0.0565679388066931,-0.00332326522829665,
0.204665588905952));
#6134=CARTESIAN_POINT('Ctrl Pts',(-0.0565178828873592,-0.00511248892013721,
0.204630022961));
#6135=CARTESIAN_POINT('Ctrl Pts',(-0.0564360671596481,-0.00799759385766787,
0.204534840462244));
#6136=CARTESIAN_POINT('Ctrl Pts',(-0.056404722847998,-0.00909387436289962,
0.204489852774868));
#6137=CARTESIAN_POINT('Ctrl Pts',(-0.0563406866764139,-0.011313072121682,
0.204380919997997));
#6138=CARTESIAN_POINT('Ctrl Pts',(-0.0563079751912106,-0.0124359350971028,
0.204316529459296));
#6139=CARTESIAN_POINT('Ctrl Pts',(-0.0562183628424611,-0.0154855163928542,
0.204116441651511));
#6140=CARTESIAN_POINT('Ctrl Pts',(-0.056160947249777,-0.0174109244940467,
0.203962736855939));
#6141=CARTESIAN_POINT('Ctrl Pts',(-0.0557947316404311,-0.0295424977636432,
0.202821383717708));
#6142=CARTESIAN_POINT('Ctrl Pts',(-0.0554698470796983,-0.0396644583683913,
0.201095700036538));
#6143=CARTESIAN_POINT('Ctrl Pts',(-0.0548175030744735,-0.059765184151099,
0.196092222154773));
#6144=CARTESIAN_POINT('Ctrl Pts',(-0.0544913102940553,-0.0697075639521709,
0.192791086572883));
#6145=CARTESIAN_POINT('Ctrl Pts',(-0.0540940049579218,-0.0819555962127933,
0.187652888309402));
#6146=CARTESIAN_POINT('Ctrl Pts',(-0.0540105702023988,-0.0845339992969188,
0.186507973593957));
#6147=CARTESIAN_POINT('Ctrl Pts',(-0.0538719814605797,-0.0888274195303901,
0.184494256890197));
#6148=CARTESIAN_POINT('Ctrl Pts',(-0.0538162997154394,-0.0905553312178984,
0.183653942180864));
#6149=CARTESIAN_POINT('Ctrl Pts',(-0.0537049082968647,-0.0940168641729534,
0.181909845387));
#6150=CARTESIAN_POINT('Ctrl Pts',(-0.0536492209127739,-0.0957498788503083,
0.181005305388294));
#6151=CARTESIAN_POINT('Ctrl Pts',(-0.0535091532088047,-0.100112690610525,
0.178648019102962));
#6152=CARTESIAN_POINT('Ctrl Pts',(-0.0534254385026897,-0.102723954296711,
0.177161939697216));
#6153=CARTESIAN_POINT('Ctrl Pts',(-0.0530124741634415,-0.115595589535082,
0.169456679534382));
#6154=CARTESIAN_POINT('Ctrl Pts',(-0.0527006238718321,-0.12532772347702,
0.162401412080232));
#6155=CARTESIAN_POINT('Ctrl Pts',(-0.0521633678955542,-0.140866085254038,
0.148907590253885));
#6156=CARTESIAN_POINT('Ctrl Pts',(-0.0519386889890573,-0.146985506493641,
0.142878928560111));
#6157=CARTESIAN_POINT('Ctrl Pts',(-0.0516515042631905,-0.153915591959949,
0.135136335234705));
#6158=CARTESIAN_POINT('Ctrl Pts',(-0.0516009422431468,-0.155104458445669,
0.133772148625839));
#6159=CARTESIAN_POINT('Ctrl Pts',(-0.0515185190988849,-0.156987586635223,
0.131552656064666));
#6160=CARTESIAN_POINT('Ctrl Pts',(-0.0514870852862617,-0.157693295340515,
0.130707174316617));
#6161=CARTESIAN_POINT('Ctrl Pts',(-0.0514231268137962,-0.159102776096392,
0.128990599394579));
#6162=CARTESIAN_POINT('Ctrl Pts',(-0.0513905859814764,-0.159806295481558,
0.12811933905815));
#6163=CARTESIAN_POINT('Ctrl Pts',(-0.0513018918103114,-0.161688950580604,
0.125748309556836));
#6164=CARTESIAN_POINT('Ctrl Pts',(-0.0512452397093626,-0.162854337348031,
0.124237781906084));
#6165=CARTESIAN_POINT('Ctrl Pts',(-0.0508695033941369,-0.170360450667384,
0.114222596017861));
#6166=CARTESIAN_POINT('Ctrl Pts',(-0.0505331136346879,-0.176053694643682,
0.105252951006269));
#6167=CARTESIAN_POINT('Ctrl Pts',(-0.0499817918203123,-0.184268174062465,
0.0897749027304643));
#6168=CARTESIAN_POINT('Ctrl Pts',(-0.0497655458622206,-0.187198471329755,
0.0835065774848686));
#6169=CARTESIAN_POINT('Ctrl Pts',(-0.0494534533630909,-0.191045084726586,
0.074058866250726));
#6170=CARTESIAN_POINT('Ctrl Pts',(-0.0493540019137051,-0.192210649186156,
0.070986434934555));
#6171=CARTESIAN_POINT('Ctrl Pts',(-0.0491720022561543,-0.194233077507686,
0.0652421658523292));
#6172=CARTESIAN_POINT('Ctrl Pts',(-0.049089130245243,-0.195109931733033,
0.0625782124316315));
#6173=CARTESIAN_POINT('Ctrl Pts',(-0.0489512219251894,-0.196494052490467,
0.0580629089436828));
#6174=CARTESIAN_POINT('Ctrl Pts',(-0.0488956683011898,-0.197030496169123,
0.0562209377680547));
#6175=CARTESIAN_POINT('Ctrl Pts',(-0.0487843421907197,-0.198062114828826,
0.052483888286157));
#6176=CARTESIAN_POINT('Ctrl Pts',(-0.0487285952140638,-0.19855614188741,
0.0505887010652919));
#6177=CARTESIAN_POINT('Ctrl Pts',(-0.0485879922049758,-0.199743525987085,
0.0457503725620403));
#6178=CARTESIAN_POINT('Ctrl Pts',(-0.0485038141938444,-0.200399030500457,
0.0427984227911696));
#6179=CARTESIAN_POINT('Ctrl Pts',(-0.0480996715697518,-0.203266225424584,
0.0283855997214562));
#6180=CARTESIAN_POINT('Ctrl Pts',(-0.0477959802987626,-0.204560780918669,
0.0167646225606236));
#6181=CARTESIAN_POINT('Ctrl Pts',(-0.0472583184882107,-0.205087567874515,
-0.0038441900857941));
#6182=CARTESIAN_POINT('Ctrl Pts',(-0.0470247771390489,-0.204730563301713,
-0.0127899750315392));
#6183=CARTESIAN_POINT('Ctrl Pts',(-0.046728409552707,-0.203603801169951,
-0.023453070794356));
#6184=CARTESIAN_POINT('Ctrl Pts',(-0.0466786914533867,-0.203393800888346,
-0.0252200249478414));
#6185=CARTESIAN_POINT('Ctrl Pts',(-0.0465973136384237,-0.203017448545695,
-0.0280697421698486));
#6186=CARTESIAN_POINT('Ctrl Pts',(-0.046566062787975,-0.202865365725031,
-0.0291543070209018));
#6187=CARTESIAN_POINT('Ctrl Pts',(-0.0465020919293037,-0.20253917173713,
-0.031352377009792));
#6188=CARTESIAN_POINT('Ctrl Pts',(-0.0464693506548428,-0.202364553619904,
-0.0324657737212226));
#6189=CARTESIAN_POINT('Ctrl Pts',(-0.0463794522086477,-0.201864015627579,
-0.0354940253729148));
#6190=CARTESIAN_POINT('Ctrl Pts',(-0.0463217736613816,-0.201520058964263,
-0.0374057671977416));
#6191=CARTESIAN_POINT('Ctrl Pts',(-0.0459631274556895,-0.199238012716288,
-0.0491312576451086));
#6192=CARTESIAN_POINT('Ctrl Pts',(-0.0456468996079036,-0.196611188343438,
-0.0587970686768146));
#6193=CARTESIAN_POINT('Ctrl Pts',(-0.0449934422162583,-0.18971404888171,
-0.0783867909953594));
#6194=CARTESIAN_POINT('Ctrl Pts',(-0.0446577977533867,-0.185344350076361,
-0.0882439740827033));
#6195=CARTESIAN_POINT('Ctrl Pts',(-0.0442525367920917,-0.178886112012572,
-0.100177754030453));
#6196=CARTESIAN_POINT('Ctrl Pts',(-0.0441697544972765,-0.177501579075908,
-0.102615310860351));
#6197=CARTESIAN_POINT('Ctrl Pts',(-0.0440319759948665,-0.175086062858458,
-0.106671855713735));
#6198=CARTESIAN_POINT('Ctrl Pts',(-0.0439764635395163,-0.174081566795684,
-0.108306133013233));
#6199=CARTESIAN_POINT('Ctrl Pts',(-0.0438652076105302,-0.172005322458631,
-0.111580153358614));
#6200=CARTESIAN_POINT('Ctrl Pts',(-0.0438094898318373,-0.170932712941209,
-0.113219113153414));
#6201=CARTESIAN_POINT('Ctrl Pts',(-0.0436689407570794,-0.168144428291046,
-0.117349186744728));
#6202=CARTESIAN_POINT('Ctrl Pts',(-0.0435847877344571,-0.166396793192472,
-0.119818160415372));
#6203=CARTESIAN_POINT('Ctrl Pts',(-0.0431806293035104,-0.157637189273582,
-0.131629911857994));
#6204=CARTESIAN_POINT('Ctrl Pts',(-0.0428769139607038,-0.149889949042454,
-0.140400098334639));
#6205=CARTESIAN_POINT('Ctrl Pts',(-0.0423394267314542,-0.134967909001425,
-0.154635486506051));
#6206=CARTESIAN_POINT('Ctrl Pts',(-0.042106084209557,-0.128101145842052,
-0.160377881133816));
#6207=CARTESIAN_POINT('Ctrl Pts',(-0.0418098636577726,-0.119442165587305,
-0.166706166981596));
#6208=CARTESIAN_POINT('Ctrl Pts',(-0.041760069174898,-0.117988718260364,
-0.167739601960705));
#6209=CARTESIAN_POINT('Ctrl Pts',(-0.0416786104350007,-0.115620575824097,
-0.169377359939644));
#6210=CARTESIAN_POINT('Ctrl Pts',(-0.041647357198582,-0.114714175762327,
-0.16999353257819));
#6211=CARTESIAN_POINT('Ctrl Pts',(-0.0415834377997516,-0.112866742968633,
-0.171227902329815));
#6212=CARTESIAN_POINT('Ctrl Pts',(-0.0415507511407168,-0.111925467575774,
-0.171845677687701));
#6213=CARTESIAN_POINT('Ctrl Pts',(-0.0414611080200441,-0.109351215600922,
-0.173505059064394));
#6214=CARTESIAN_POINT('Ctrl Pts',(-0.0414036341592643,-0.107708511676039,
-0.174531336788188));
#6215=CARTESIAN_POINT('Ctrl Pts',(-0.0410388674148723,-0.0973069933418476,
-0.180826725491581));
#6216=CARTESIAN_POINT('Ctrl Pts',(-0.0407156293810752,-0.0881793530013593,
-0.185458413577709));
#6217=CARTESIAN_POINT('Ctrl Pts',(-0.0401696988218422,-0.0721513259240581,
-0.192138031002056));
#6218=CARTESIAN_POINT('Ctrl Pts',(-0.03994629084335,-0.0654188655081334,
-0.194539486721766));
#6219=CARTESIAN_POINT('Ctrl Pts',(-0.0396255318261577,-0.0553701683006491,
-0.197542375194284));
#6220=CARTESIAN_POINT('Ctrl Pts',(-0.0395243401895838,-0.0521426879653359,
-0.198421453530298));
#6221=CARTESIAN_POINT('Ctrl Pts',(-0.0393395808179301,-0.0461360869377994,
-0.199900642728185));
#6222=CARTESIAN_POINT('Ctrl Pts',(-0.0392556703324534,-0.043363221903345,
-0.200522662764219));
#6223=CARTESIAN_POINT('Ctrl Pts',(-0.0391166033786446,-0.0386915916361054,
-0.201469088663478));
#6224=CARTESIAN_POINT('Ctrl Pts',(-0.0390609075249721,-0.036799591674571,
-0.201824729619609));
#6225=CARTESIAN_POINT('Ctrl Pts',(-0.0389497294134545,-0.0329813378304431,
-0.202486924724491));
#6226=CARTESIAN_POINT('Ctrl Pts',(-0.0388942652861088,-0.0310551591186029,
-0.202792742546673));
#6227=CARTESIAN_POINT('Ctrl Pts',(-0.0387552620691495,-0.0261761919098128,
-0.203496171946364));
#6228=CARTESIAN_POINT('Ctrl Pts',(-0.0386723708317202,-0.0232185530991127,
-0.20385699586083));
#6229=CARTESIAN_POINT('Ctrl Pts',(-0.038250323687496,-0.00794038999679629,
-0.205383850127521));
#6230=CARTESIAN_POINT('Ctrl Pts',(-0.0379298824189754,0.00445921693761747,
-0.205497299040926));
#6231=CARTESIAN_POINT('Ctrl Pts',(-0.0374570448037746,0.022542074755217,
-0.204024698109384));
#6232=CARTESIAN_POINT('Ctrl Pts',(-0.03730620030547,0.0282681509601887,
-0.203314420718894));
#6233=CARTESIAN_POINT('Ctrl Pts',(-0.0370869829162045,0.0363207995174831,
-0.201969008382648));
#6234=CARTESIAN_POINT('Ctrl Pts',(-0.0370219397144213,0.0386778331441129,
-0.201532639584164));
#6235=CARTESIAN_POINT('Ctrl Pts',(-0.0369040251546479,0.0428739903682454,
-0.200679536480296));
#6236=CARTESIAN_POINT('Ctrl Pts',(-0.0368515254791953,0.0447160397007541,
-0.20027854419835));
#6237=CARTESIAN_POINT('Ctrl Pts',(-0.0367667571261607,0.0476404011225211,
-0.199599641562062));
#6238=CARTESIAN_POINT('Ctrl Pts',(-0.0367349619232249,0.0487264272411437,
-0.199338159128153));
#6239=CARTESIAN_POINT('Ctrl Pts',(-0.0366711944246839,0.0508809198281128,
-0.19880078863281));
#6240=CARTESIAN_POINT('Ctrl Pts',(-0.0366392195738711,0.0519494016637496,
-0.198525123900652));
#6241=CARTESIAN_POINT('Ctrl Pts',(-0.0365535815667129,0.0547820904672099,
-0.197769898597035));
#6242=CARTESIAN_POINT('Ctrl Pts',(-0.0364994720154419,0.0565421949198908,
-0.197275370506649));
#6243=CARTESIAN_POINT('Ctrl Pts',(-0.0361019692577422,0.0692857794352732,
-0.193510547369721));
#6244=CARTESIAN_POINT('Ctrl Pts',(-0.0357380295686625,0.079984884394518,
-0.189349346040099));
#6245=CARTESIAN_POINT('Ctrl Pts',(-0.035096536531728,0.0983544990315758,
-0.18037041492335));
#6246=CARTESIAN_POINT('Ctrl Pts',(-0.0348178368049169,0.106160653020488,
-0.175897736813619));
#6247=CARTESIAN_POINT('Ctrl Pts',(-0.0344564598250528,0.116210209884328,
-0.169227209994211));
#6248=CARTESIAN_POINT('Ctrl Pts',(-0.034365445832846,0.118733239227746,
-0.167469573988744));
#6249=CARTESIAN_POINT('Ctrl Pts',(-0.0342180983031273,0.122805034704973,
-0.164494888532875));
#6250=CARTESIAN_POINT('Ctrl Pts',(-0.0341610773932675,0.12437744086041,
-0.163311084182166));
#6251=CARTESIAN_POINT('Ctrl Pts',(-0.0340502790745927,0.127425373792522,
-0.160946944260259));
#6252=CARTESIAN_POINT('Ctrl Pts',(-0.0339964686269445,0.128902107620826,
-0.159768488748514));
#6253=CARTESIAN_POINT('Ctrl Pts',(-0.0338655629553016,0.13248400871504,
-0.156828197189177));
#6254=CARTESIAN_POINT('Ctrl Pts',(-0.033788976030128,0.134570502444824,
-0.155044185724163));
#6255=CARTESIAN_POINT('Ctrl Pts',(-0.0333235308162827,0.147172271710479,
-0.14382389880579));
#6256=CARTESIAN_POINT('Ctrl Pts',(-0.0329607591861904,0.156725219867872,
-0.133364543183742));
#6257=CARTESIAN_POINT('Ctrl Pts',(-0.0324621688943821,0.168080364890893,
-0.118018080100993));
#6258=CARTESIAN_POINT('Ctrl Pts',(-0.0323316635141061,0.170886413937011,
-0.11392327241783));
#6259=CARTESIAN_POINT('Ctrl Pts',(-0.0321387786783014,0.174717301550705,
-0.107874107133318));
#6260=CARTESIAN_POINT('Ctrl Pts',(-0.0320789577052759,0.175863323701093,
-0.105998551521525));
#6261=CARTESIAN_POINT('Ctrl Pts',(-0.0319695404218045,0.177876157277441,
-0.102582374993677));
#6262=CARTESIAN_POINT('Ctrl Pts',(-0.0319202412690454,0.178753599669327,
-0.101048263783992));
#6263=CARTESIAN_POINT('Ctrl Pts',(-0.0318394124566341,0.180141403549367,
-0.0985475318376376));
#6264=CARTESIAN_POINT('Ctrl Pts',(-0.0318082836968489,0.180664037872785,
-0.0975878139594147));
#6265=CARTESIAN_POINT('Ctrl Pts',(-0.0317444144098129,0.18171135226555,
-0.0956275558730228));
#6266=CARTESIAN_POINT('Ctrl Pts',(-0.0317116506792211,0.182235487972709,
-0.0946267626243987));
#6267=CARTESIAN_POINT('Ctrl Pts',(-0.0316214504574579,0.183644152824781,
-0.0918822026048476));
#6268=CARTESIAN_POINT('Ctrl Pts',(-0.0315634849054888,0.184512082803281,
-0.0901300644368196));
#6269=CARTESIAN_POINT('Ctrl Pts',(-0.031208141778309,0.18962189520388,-0.0794334192207011));
#6270=CARTESIAN_POINT('Ctrl Pts',(-0.030895886079808,0.193237725850921,
-0.0702044496679239));
#6271=CARTESIAN_POINT('Ctrl Pts',(-0.0302422090181967,0.199409920217316,
-0.0503313805461431));
#6272=CARTESIAN_POINT('Ctrl Pts',(-0.0299024902491069,0.201810532593825,
-0.0396704166147236));
#6273=CARTESIAN_POINT('Ctrl Pts',(-0.0294938643816686,0.203747967260305,
-0.0260991696177449));
#6274=CARTESIAN_POINT('Ctrl Pts',(-0.0294114019999191,0.204086701611481,
-0.0233218009153515));
#6275=CARTESIAN_POINT('Ctrl Pts',(-0.0292740718191355,0.204561746426116,
-0.0186307900288044));
#6276=CARTESIAN_POINT('Ctrl Pts',(-0.0292186919792169,0.204728189029296,
-0.0167206126930644));
#6277=CARTESIAN_POINT('Ctrl Pts',(-0.0291076450695971,0.205010601965386,
-0.0128538770292022));
#6278=CARTESIAN_POINT('Ctrl Pts',(-0.0290520045861528,0.205125361040416,
-0.0108974302429648));
#6279=CARTESIAN_POINT('Ctrl Pts',(-0.0289115503851102,0.20534618487045,
-0.00591285306045791));
#6280=CARTESIAN_POINT('Ctrl Pts',(-0.0288274170747053,0.205413262860045,
-0.00288346319048433));
#6281=CARTESIAN_POINT('Ctrl Pts',(-0.0284244095710431,0.20541334888694,
0.0118091322394473));
#6282=CARTESIAN_POINT('Ctrl Pts',(-0.0281217252838585,0.204419744547354,
0.0234505844026345));
#6283=CARTESIAN_POINT('Ctrl Pts',(-0.0275832659357241,0.200911875700502,
0.0438552864671426));
#6284=CARTESIAN_POINT('Ctrl Pts',(-0.0273478912746754,0.198793603749801,
0.0526544923011298));
#6285=CARTESIAN_POINT('Ctrl Pts',(-0.0270499174682774,0.195578401468515,
0.062968763777244));
#6286=CARTESIAN_POINT('Ctrl Pts',(-0.0270007573980498,0.195032031153228,
0.0646452783667881));
#6287=CARTESIAN_POINT('Ctrl Pts',(-0.0269201107579318,0.194112481299429,
0.0673483565550134));
#6288=CARTESIAN_POINT('Ctrl Pts',(-0.0268890224506483,0.193752563539955,
0.0683793472733209));
#6289=CARTESIAN_POINT('Ctrl Pts',(-0.0268251863009105,0.193003309149351,
0.0704718846799027));
#6290=CARTESIAN_POINT('Ctrl Pts',(-0.0267924146023554,0.192613393660773,
0.0715331885152405));
#6291=CARTESIAN_POINT('Ctrl Pts',(-0.0267021110338011,0.191523812550175,
0.0744249904979481));
#6292=CARTESIAN_POINT('Ctrl Pts',(-0.0266440474788736,0.190806705516842,
0.0762487754166367));
#6293=CARTESIAN_POINT('Ctrl Pts',(-0.0262892980886957,0.186316687788558,
0.0872054217570357));
#6294=CARTESIAN_POINT('Ctrl Pts',(-0.0259778107832941,0.181915468389881,
0.0960666547880016));
#6295=CARTESIAN_POINT('Ctrl Pts',(-0.025322043797629,0.171300414912774,
0.114056018854707));
#6296=CARTESIAN_POINT('Ctrl Pts',(-0.0249795414408402,0.164954257436124,
0.12307071996633));
#6297=CARTESIAN_POINT('Ctrl Pts',(-0.0245694487677132,0.156147060915046,
0.133661183602868));
#6298=CARTESIAN_POINT('Ctrl Pts',(-0.0244879847452484,0.154335197238209,
0.135752497890448));
#6299=CARTESIAN_POINT('Ctrl Pts',(-0.0243518403253976,0.151200736698365,
0.13922606406259));
#6300=CARTESIAN_POINT('Ctrl Pts',(-0.024296666800669,0.149900088324392,
0.140627583350263));
#6301=CARTESIAN_POINT('Ctrl Pts',(-0.0241856661542957,0.14722205080672,
0.143433711484147));
#6302=CARTESIAN_POINT('Ctrl Pts',(-0.0241298718343047,0.145843672462048,
0.144837100647914));
#6303=CARTESIAN_POINT('Ctrl Pts',(-0.02398826764187,0.142264166258526,0.148378363105702));
#6304=CARTESIAN_POINT('Ctrl Pts',(-0.0239031635138063,0.14003490843267,
0.150487117512197));
#6305=CARTESIAN_POINT('Ctrl Pts',(-0.0235209774124197,0.129687634718645,
0.159844932229802));
#6306=CARTESIAN_POINT('Ctrl Pts',(-0.023237601423696,0.121048887041143,
0.166491766666701));
#6307=CARTESIAN_POINT('Ctrl Pts',(-0.0227053232641487,0.103873512555001,
0.177657341901978));
#6308=CARTESIAN_POINT('Ctrl Pts',(-0.0224566046489188,0.09546603743265,
0.182320437947677));
#6309=CARTESIAN_POINT('Ctrl Pts',(-0.0221416870547517,0.0850914250421066,
0.187159163447717));
#6310=CARTESIAN_POINT('Ctrl Pts',(-0.0220903506444312,0.0834085264023373,
0.18791666612726));
#6311=CARTESIAN_POINT('Ctrl Pts',(-0.0220070493911151,0.0806984941140158,
0.18909291273389));
#6312=CARTESIAN_POINT('Ctrl Pts',(-0.0219755322063095,0.0796777583671881,
0.189526174246353));
#6313=CARTESIAN_POINT('Ctrl Pts',(-0.0219118720398938,0.0776272595021259,
0.190377034064802));
#6314=CARTESIAN_POINT('Ctrl Pts',(-0.0218797190443619,0.0765975085058287,
0.19079458685285));
#6315=CARTESIAN_POINT('Ctrl Pts',(-0.0217928919601055,0.0738301798403297,
0.191890690057667));
#6316=CARTESIAN_POINT('Ctrl Pts',(-0.0217377483837536,0.0720866834338018,
0.192553982216074));
#6317=CARTESIAN_POINT('Ctrl Pts',(-0.0213481068966359,0.0598377867481641,
0.197024200038714));
#6318=CARTESIAN_POINT('Ctrl Pts',(-0.0209942654902786,0.0490466212128985,
0.199993322556448));
#6319=CARTESIAN_POINT('Ctrl Pts',(-0.0203559236334705,0.0290296896757701,
0.203781302578354));
#6320=CARTESIAN_POINT('Ctrl Pts',(-0.0200708500153457,0.0198867790239178,
0.204883227621959));
#6321=CARTESIAN_POINT('Ctrl Pts',(-0.0197028065082715,0.00760184991884571,
0.205532968018702));
#6322=CARTESIAN_POINT('Ctrl Pts',(-0.019611089030618,0.00449988157841542,
0.205626672356403));
#6323=CARTESIAN_POINT('Ctrl Pts',(-0.0194629911001583,-0.000576584618346194,
0.205665033939676));
#6324=CARTESIAN_POINT('Ctrl Pts',(-0.0194059056919885,-0.00255023294699032,
0.205651525415187));
#6325=CARTESIAN_POINT('Ctrl Pts',(-0.0192952386516173,-0.00640858389500612,
0.205569540584909));
#6326=CARTESIAN_POINT('Ctrl Pts',(-0.0192416195654916,-0.00829314096898069,
0.205503545946904));
#6327=CARTESIAN_POINT('Ctrl Pts',(-0.0191116471800315,-0.0128963336435292,
0.20527890142246));
#6328=CARTESIAN_POINT('Ctrl Pts',(-0.0190357878764442,-0.0156132417911749,
0.205092142299197));
#6329=CARTESIAN_POINT('Ctrl Pts',(-0.0186989328555522,-0.0277948691607834,
0.20401125049521));
#6330=CARTESIAN_POINT('Ctrl Pts',(-0.0184484539575773,-0.0371943547826356,
0.202515256372961));
#6331=CARTESIAN_POINT('Ctrl Pts',(-0.0179859928096222,-0.0545035002082575,
0.198514555712956));
#6332=CARTESIAN_POINT('Ctrl Pts',(-0.0177735197495149,-0.0624306706071821,
0.196171756094776));
#6333=CARTESIAN_POINT('Ctrl Pts',(-0.0174772198554453,-0.0729192422279752,
0.192372322911395));
#6334=CARTESIAN_POINT('Ctrl Pts',(-0.0173994345275817,-0.0756218120961783,
0.19132826690094));
#6335=CARTESIAN_POINT('Ctrl Pts',(-0.0172611589914686,-0.0803057825118327,
0.189404167599372));
#6336=CARTESIAN_POINT('Ctrl Pts',(-0.0172012579246025,-0.0822970008338587,
0.188549214306769));
#6337=CARTESIAN_POINT('Ctrl Pts',(-0.0171074394857869,-0.0853461323330816,
0.18718262565148));
#6338=CARTESIAN_POINT('Ctrl Pts',(-0.0170741869787723,-0.0864137971994328,
0.186693094469298));
#6339=CARTESIAN_POINT('Ctrl Pts',(-0.0170101946217426,-0.0884414710091555,
0.185742311511384));
#6340=CARTESIAN_POINT('Ctrl Pts',(-0.0169795007264902,-0.0894022030244378,
0.185282694367351));
#6341=CARTESIAN_POINT('Ctrl Pts',(-0.0169013012332925,-0.0918210897158832,
0.184102341437984));
#6342=CARTESIAN_POINT('Ctrl Pts',(-0.016853475699534,-0.0932743427075192,
0.183371744855899));
#6343=CARTESIAN_POINT('Ctrl Pts',(-0.0166325847138667,-0.0998795130451997,
0.179952459252744));
#6344=CARTESIAN_POINT('Ctrl Pts',(-0.0164540267766328,-0.104924699575508,
0.177063641914099));
#6345=CARTESIAN_POINT('Ctrl Pts',(-0.0159686445254865,-0.118122088487272,
0.168745910252991));
#6346=CARTESIAN_POINT('Ctrl Pts',(-0.0156587501267787,-0.126020440083127,
0.162942326180236));
#6347=CARTESIAN_POINT('Ctrl Pts',(-0.015156204552748,-0.138403292664513,
0.152405171878168));
#6348=CARTESIAN_POINT('Ctrl Pts',(-0.0149595625970151,-0.143130430221421,
0.147981790656574));
#6349=CARTESIAN_POINT('Ctrl Pts',(-0.0146999020490217,-0.149242746680351,
0.141695941417312));
#6350=CARTESIAN_POINT('Ctrl Pts',(-0.0146325064696182,-0.150816470748304,
0.140022340756454));
#6351=CARTESIAN_POINT('Ctrl Pts',(-0.0145109261110369,-0.153631766527204,
0.136926041587524));
#6352=CARTESIAN_POINT('Ctrl Pts',(-0.0144565332417001,-0.154882406429392,
0.135511944281279));
#6353=CARTESIAN_POINT('Ctrl Pts',(-0.0143462840748976,-0.157398261529587,
0.132587106735425));
#6354=CARTESIAN_POINT('Ctrl Pts',(-0.0142904737663288,-0.158661588305366,
0.131074999959264));
#6355=CARTESIAN_POINT('Ctrl Pts',(-0.014148493253026,-0.161847000334251,
0.127149013002055));
#6356=CARTESIAN_POINT('Ctrl Pts',(-0.0140630394697016,-0.163736854899473,
0.124709609782059));
#6357=CARTESIAN_POINT('Ctrl Pts',(-0.013730850216004,-0.170956885494636,
0.11494398499355));
#6358=CARTESIAN_POINT('Ctrl Pts',(-0.013492990594941,-0.175855528358719,
0.1073115935158));
#6359=CARTESIAN_POINT('Ctrl Pts',(-0.0129603968064867,-0.185760317024486,
0.0893773626734088));
#6360=CARTESIAN_POINT('Ctrl Pts',(-0.0126681013119303,-0.190442175972751,
0.0789311249885528));
#6361=CARTESIAN_POINT('Ctrl Pts',(-0.0123034430414662,-0.194845410054856,
0.0664105510600796));
#6362=CARTESIAN_POINT('Ctrl Pts',(-0.0122521860166161,-0.195434063409181,
0.064662001322259));
#6363=CARTESIAN_POINT('Ctrl Pts',(-0.0121690064560037,-0.196338766670449,
0.0618502938231227));
#6364=CARTESIAN_POINT('Ctrl Pts',(-0.0121375307014438,-0.196669859746092,
0.0607920693367092));
#6365=CARTESIAN_POINT('Ctrl Pts',(-0.0120739547222696,-0.19731559199671,
0.0586681950430937));
#6366=CARTESIAN_POINT('Ctrl Pts',(-0.0120418445133205,-0.197630187394542,
0.0576025617674847));
#6367=CARTESIAN_POINT('Ctrl Pts',(-0.0119551474283451,-0.198449626438549,
0.0547418407253209));
#6368=CARTESIAN_POINT('Ctrl Pts',(-0.011900092038306,-0.198938740497574,
0.0529423676484913));
#6369=CARTESIAN_POINT('Ctrl Pts',(-0.011773910173178,-0.199992189047204,
0.0488478188230117));
#6370=CARTESIAN_POINT('Ctrl Pts',(-0.0117024324884702,-0.200541590811587,
0.0465491763814686));
#6371=CARTESIAN_POINT('Ctrl Pts',(-0.011458421209146,-0.202265092709583,
0.0387466370904478));
#6372=CARTESIAN_POINT('Ctrl Pts',(-0.0112828242299952,-0.203253134367749,
0.0332042894453101));
#6373=CARTESIAN_POINT('Ctrl Pts',(-0.0107081158818244,-0.205730324849401,
0.0150244925343686));
#6374=CARTESIAN_POINT('Ctrl Pts',(-0.0103091040812321,-0.20627600514576,
0.00228832372705245));
#6375=CARTESIAN_POINT('Ctrl Pts',(-0.00984181123132815,-0.205495176312546,
-0.0133675550624299));
#6376=CARTESIAN_POINT('Ctrl Pts',(-0.00975477127968896,-0.205284531515302,
-0.0163143841715666));
#6377=CARTESIAN_POINT('Ctrl Pts',(-0.00961219940822272,-0.204830057503698,
-0.0211929775816557));
#6378=CARTESIAN_POINT('Ctrl Pts',(-0.00955606005600197,-0.20462212421706,
-0.0231276146381741));
#6379=CARTESIAN_POINT('Ctrl Pts',(-0.00944521486331678,-0.204153493349745,
-0.0269737195423597));
#6380=CARTESIAN_POINT('Ctrl Pts',(-0.00939050642680424,-0.203893291992038,
-0.0288850475520553));
#6381=CARTESIAN_POINT('Ctrl Pts',(-0.00925576387440634,-0.203180372053017,
-0.0336226220458424));
#6382=CARTESIAN_POINT('Ctrl Pts',(-0.00917629987328295,-0.202695495876588,
-0.0364436215868689));
#6383=CARTESIAN_POINT('Ctrl Pts',(-0.00900511121908635,-0.201510668727116,
-0.0425688708278112));
#6384=CARTESIAN_POINT('Ctrl Pts',(-0.00891378035461729,-0.200787907208866,
-0.0458678550256997));
#6385=CARTESIAN_POINT('Ctrl Pts',(-0.00862936510693984,-0.198256458862745,
-0.0561996646222207));
#6386=CARTESIAN_POINT('Ctrl Pts',(-0.00844042196122906,-0.196156736985627,
-0.0631553637689373));
#6387=CARTESIAN_POINT('Ctrl Pts',(-0.00798910265657371,-0.190254825471828,
-0.0795244007346104));
#6388=CARTESIAN_POINT('Ctrl Pts',(-0.0077280970327352,-0.186115937885191,
-0.0887957869803063));
#6389=CARTESIAN_POINT('Ctrl Pts',(-0.00739701853377684,-0.180389808536358,
-0.0994379387798177));
#6390=CARTESIAN_POINT('Ctrl Pts',(-0.00734309885381442,-0.179443714215032,
-0.101138131350228));
#6391=CARTESIAN_POINT('Ctrl Pts',(-0.0072566556908575,-0.177910464057807,
-0.103803942080252));
#6392=CARTESIAN_POINT('Ctrl Pts',(-0.00722464310916887,-0.177339188166403,
-0.104778572473459));
#6393=CARTESIAN_POINT('Ctrl Pts',(-0.00716111317382654,-0.17619988443941,
-0.106686174068616));
#6394=CARTESIAN_POINT('Ctrl Pts',(-0.00712960510853837,-0.175632396612031,
-0.107619422615093));
#6395=CARTESIAN_POINT('Ctrl Pts',(-0.0070463147768963,-0.174124919347284,
-0.110054697536509));
#6396=CARTESIAN_POINT('Ctrl Pts',(-0.00699412356494536,-0.173172937878437,
-0.111549184081942));
#6397=CARTESIAN_POINT('Ctrl Pts',(-0.00687569901527883,-0.17099234756989,
-0.114876941334533));
#6398=CARTESIAN_POINT('Ctrl Pts',(-0.00680917107338693,-0.169753328002009,
-0.116703126405047));
#6399=CARTESIAN_POINT('Ctrl Pts',(-0.00658986536298343,-0.165612428617108,
-0.122600257321352));
#6400=CARTESIAN_POINT('Ctrl Pts',(-0.00643457704956665,-0.162591747259834,
-0.126585534194258));
#6401=CARTESIAN_POINT('Ctrl Pts',(-0.00583702889960103,-0.150494510493764,
-0.141394063503976));
#6402=CARTESIAN_POINT('Ctrl Pts',(-0.00539243974747793,-0.140458862788765,
-0.151383668484017));
#6403=CARTESIAN_POINT('Ctrl Pts',(-0.00489111506365235,-0.127334675906169,
-0.162003485245903));
#6404=CARTESIAN_POINT('Ctrl Pts',(-0.00481009172134283,-0.125155261471805,
-0.163695705626793));
#6405=CARTESIAN_POINT('Ctrl Pts',(-0.00467511193760869,-0.121425311663557,
-0.166473541725426));
#6406=CARTESIAN_POINT('Ctrl Pts',(-0.00462065907643078,-0.119892638581136,
-0.167582485110653));
#6407=CARTESIAN_POINT('Ctrl Pts',(-0.00451058012796801,-0.116737768292932,
-0.169799573844764));
#6408=CARTESIAN_POINT('Ctrl Pts',(-0.00445499505524501,-0.11511455848054,
-0.170905939579822));
#6409=CARTESIAN_POINT('Ctrl Pts',(-0.00431421994027576,-0.110928386005604,
-0.173672330875243));
#6410=CARTESIAN_POINT('Ctrl Pts',(-0.00422972380861551,-0.108343876955744,
-0.175298892938794));
#6411=CARTESIAN_POINT('Ctrl Pts',(-0.00390549370648121,-0.0981661554534102,
-0.181392611466717));
#6412=CARTESIAN_POINT('Ctrl Pts',(-0.00367409866249283,-0.0903256820771885,
-0.1854282787728));
#6413=CARTESIAN_POINT('Ctrl Pts',(-0.00316469393742956,-0.072352074029303,
-0.193266828226964));
#6414=CARTESIAN_POINT('Ctrl Pts',(-0.00288883673929801,-0.0621295338726075,
-0.196798825305796));
#6415=CARTESIAN_POINT('Ctrl Pts',(-0.00253036411758639,-0.0493416813755206,
-0.200120810857223));
#6416=CARTESIAN_POINT('Ctrl Pts',(-0.0024640193654119,-0.046995135363117,
-0.200686605334206));
#6417=CARTESIAN_POINT('Ctrl Pts',(-0.00236234895528108,-0.0434460805739013,
-0.201476699913758));
#6418=CARTESIAN_POINT('Ctrl Pts',(-0.00232787674456189,-0.0422506033557922,
-0.2017317057239));
#6419=CARTESIAN_POINT('Ctrl Pts',(-0.00226323579171589,-0.040026077232319,
-0.202185582303735));
#6420=CARTESIAN_POINT('Ctrl Pts',(-0.00223314727209056,-0.0389976432973936,
-0.202387265204168));
#6421=CARTESIAN_POINT('Ctrl Pts',(-0.00215891348657739,-0.0364772002232475,
-0.202861624032894));
#6422=CARTESIAN_POINT('Ctrl Pts',(-0.00211451380555796,-0.0349836423349109,
-0.203125696539144));
#6423=CARTESIAN_POINT('Ctrl Pts',(-0.00193674512196636,-0.0290497768683594,
-0.204107481014381));
#6424=CARTESIAN_POINT('Ctrl Pts',(-0.00180010544019087,-0.0245894884809386,
-0.204696321169986));
#6425=CARTESIAN_POINT('Ctrl Pts',(-0.00136925873896446,-0.0106732347476462,
-0.206072128339753));
#6426=CARTESIAN_POINT('Ctrl Pts',(-0.00106930985594838,-0.00117976082970252,
-0.206352821341938));
#6427=CARTESIAN_POINT('Ctrl Pts',(-0.000523985889017756,0.0163439630645223,
-0.205661048304221));
#6428=CARTESIAN_POINT('Ctrl Pts',(-0.000277628468871109,0.0243631957877902,
-0.204872381701357));
#6429=CARTESIAN_POINT('Ctrl Pts',(4.06027748011314E-5,0.0349692827831204,
-0.203197526253318));
#6430=CARTESIAN_POINT('Ctrl Pts',(0.000119353856742917,0.0376141443787111,
-0.20272669321427));
#6431=CARTESIAN_POINT('Ctrl Pts',(0.000251683246772648,0.0420928301248213,
-0.201838737039258));
#6432=CARTESIAN_POINT('Ctrl Pts',(0.000305714635512803,0.0439315073806338,
-0.201447979107146));
#6433=CARTESIAN_POINT('Ctrl Pts',(0.000415851258078398,0.0476989484703143,
-0.200593285822656));
#6434=CARTESIAN_POINT('Ctrl Pts',(0.000471900141815549,0.0496268757790139,
-0.200126546273231));
#6435=CARTESIAN_POINT('Ctrl Pts',(0.000615835279327489,0.0546026592564745,
-0.19884562223046));
#6436=CARTESIAN_POINT('Ctrl Pts',(0.000702959297514859,0.0576391007057345,
-0.197989159138843));
#6437=CARTESIAN_POINT('Ctrl Pts',(0.000894146539858748,0.0643411473595124,
-0.195931553881185));
#6438=CARTESIAN_POINT('Ctrl Pts',(0.000997622908316569,0.0679951010711598,
-0.194696536359853));
#6439=CARTESIAN_POINT('Ctrl Pts',(0.00135119264813095,0.080503183231362,
-0.190073942360162));
#6440=CARTESIAN_POINT('Ctrl Pts',(0.00159423363292733,0.0891567473884219,
-0.18617885456115));
#6441=CARTESIAN_POINT('Ctrl Pts',(0.0020158867080298,0.103456848732692,
-0.178517144308224));
#6442=CARTESIAN_POINT('Ctrl Pts',(0.00219276941380607,0.109241989173623,
-0.175042237927549));
#6443=CARTESIAN_POINT('Ctrl Pts',(0.00243219693265427,0.116525064014698,
-0.170166643877378));
#6444=CARTESIAN_POINT('Ctrl Pts',(0.00248803445069116,0.118187066378148,
-0.169018334774743));
#6445=CARTESIAN_POINT('Ctrl Pts',(0.00257681286308928,0.120764316520937,
-0.167181188031874));
#6446=CARTESIAN_POINT('Ctrl Pts',(0.00260919378727359,0.121691152662142,
-0.166508807111477));
#6447=CARTESIAN_POINT('Ctrl Pts',(0.00267272003927894,0.123482104639084,
-0.165186661608672));
#6448=CARTESIAN_POINT('Ctrl Pts',(0.00270384282966976,0.124346803619371,
-0.164537752156037));
#6449=CARTESIAN_POINT('Ctrl Pts',(0.00278497532133044,0.126569580557415,
-0.162842218161977));
#6450=CARTESIAN_POINT('Ctrl Pts',(0.00283535775649689,0.127919780115082,
-0.161785415494881));
#6451=CARTESIAN_POINT('Ctrl Pts',(0.00311309016436878,0.135213855284909,
-0.155928303500029));
#6452=CARTESIAN_POINT('Ctrl Pts',(0.00334988743924191,0.140900706646049,
-0.150817659331735));
#6453=CARTESIAN_POINT('Ctrl Pts',(0.00401569313688627,0.155939821429687,
-0.135711499141503));
#6454=CARTESIAN_POINT('Ctrl Pts',(0.0044451611781226,0.164601156541104,
-0.125083835388139));
#6455=CARTESIAN_POINT('Ctrl Pts',(0.00493539067152707,0.173708934078508,
-0.111314694906168));
#6456=CARTESIAN_POINT('Ctrl Pts',(0.00501853057080487,0.175222308254739,
-0.108921055576795));
#6457=CARTESIAN_POINT('Ctrl Pts',(0.00515090472863223,0.17758089246403,
-0.105014714492472));
#6458=CARTESIAN_POINT('Ctrl Pts',(0.0052007579422482,0.178457159440712,
-0.10352122768508));
#6459=CARTESIAN_POINT('Ctrl Pts',(0.00530496006338212,0.180262819522444,
-0.100352946414483));
#6460=CARTESIAN_POINT('Ctrl Pts',(0.00535921953817617,0.181187898706299,
-0.0986758819096641));
#6461=CARTESIAN_POINT('Ctrl Pts',(0.00549126095090782,0.183400402426326,
-0.0945293074843624));
#6462=CARTESIAN_POINT('Ctrl Pts',(0.00556852190171294,0.184661424177807,
-0.0920461356372627));
#6463=CARTESIAN_POINT('Ctrl Pts',(0.00573411796955348,0.187285703087051,
-0.0866084008711887));
#6464=CARTESIAN_POINT('Ctrl Pts',(0.00582210427200486,0.188630108933925,
-0.083645578394869));
#6465=CARTESIAN_POINT('Ctrl Pts',(0.00609020269604546,0.192555720453574,
-0.0744202780285444));
#6466=CARTESIAN_POINT('Ctrl Pts',(0.00626672206870442,0.194898990569376,
-0.0680615594466464));
#6467=CARTESIAN_POINT('Ctrl Pts',(0.00672980322576627,0.200246278923144,
-0.0510074849513465));
#6468=CARTESIAN_POINT('Ctrl Pts',(0.00701347076125486,0.202706978157447,
-0.0401655220622891));
#6469=CARTESIAN_POINT('Ctrl Pts',(0.0073688350273167,0.20455100804101,-0.0273210477176376));
#6470=CARTESIAN_POINT('Ctrl Pts',(0.00742081472486031,0.204792371884723,
-0.0254597837473275));
#6471=CARTESIAN_POINT('Ctrl Pts',(0.00750483552102664,0.205136694781683,
-0.0224873944585047));
#6472=CARTESIAN_POINT('Ctrl Pts',(0.00753641096608284,0.205256077535665,
-0.0213782672703032));
#6473=CARTESIAN_POINT('Ctrl Pts',(0.00759980141350171,0.205475740141376,
-0.019169452255665));
#6474=CARTESIAN_POINT('Ctrl Pts',(0.00763162001730095,0.205576197791168,
-0.0180698209876358));
#6475=CARTESIAN_POINT('Ctrl Pts',(0.00771688194985469,0.205819771193113,
-0.0151448897500557));
#6476=CARTESIAN_POINT('Ctrl Pts',(0.00777077102847704,0.205947440169171,
-0.0133184112522642));
#6477=CARTESIAN_POINT('Ctrl Pts',(0.00789381803435695,0.206180950217244,
-0.00918891281079488));
#6478=CARTESIAN_POINT('Ctrl Pts',(0.00796330500746105,0.206272546199317,
-0.00688533554564388));
#6479=CARTESIAN_POINT('Ctrl Pts',(0.00819732429748287,0.206449354864602,
0.000802402558811369));
#6480=CARTESIAN_POINT('Ctrl Pts',(0.00836470060583436,0.206362528849127,
0.00618825237995621));
#6481=CARTESIAN_POINT('Ctrl Pts',(0.00894800929750299,0.205331317149763,
0.0248358224738594));
#6482=CARTESIAN_POINT('Ctrl Pts',(0.0093646794789761,0.203317209372993,
0.038005393790352));
#6483=CARTESIAN_POINT('Ctrl Pts',(0.00984537307747193,0.199339964042699,
0.0536910518625176));
#6484=CARTESIAN_POINT('Ctrl Pts',(0.00993022642673857,0.198571030825367,
0.0564766651994907));
#6485=CARTESIAN_POINT('Ctrl Pts',(0.0100645456598699,0.197245455514538,
0.0609133152177211));
#6486=CARTESIAN_POINT('Ctrl Pts',(0.0101146664951468,0.196725978158312,
0.0625750201663475));
#6487=CARTESIAN_POINT('Ctrl Pts',(0.0102188618045168,0.19559386529285,0.0660417417705742));
#6488=CARTESIAN_POINT('Ctrl Pts',(0.0102728555127834,0.194977122662998,
0.0678452450599875));
#6489=CARTESIAN_POINT('Ctrl Pts',(0.0104031205140819,0.193416120188385,
0.072211450100547));
#6490=CARTESIAN_POINT('Ctrl Pts',(0.0104789038763138,0.192445797926139,
0.0747644537604858));
#6491=CARTESIAN_POINT('Ctrl Pts',(0.0108209896801883,0.187785700255125,
0.0863289823190563));
#6492=CARTESIAN_POINT('Ctrl Pts',(0.0110762328766035,0.183511658078873,
0.0950915329103827));
#6493=CARTESIAN_POINT('Ctrl Pts',(0.0116228446240358,0.172947433955133,
0.113349811869965));
#6494=CARTESIAN_POINT('Ctrl Pts',(0.0119122317287361,0.166458576525546,
0.122693328480385));
#6495=CARTESIAN_POINT('Ctrl Pts',(0.0122762283747666,0.157981227141521,
0.132977076414056));
#6496=CARTESIAN_POINT('Ctrl Pts',(0.0123306974057192,0.156705619181062,
0.134480142699339));
#6497=CARTESIAN_POINT('Ctrl Pts',(0.01241776883192,0.154661933009803,0.136819554468271));
#6498=CARTESIAN_POINT('Ctrl Pts',(0.0124498446042121,0.15390812579647,0.137668223146557));
#6499=CARTESIAN_POINT('Ctrl Pts',(0.012513228858061,0.152418258329893,0.139318002749681));
#6500=CARTESIAN_POINT('Ctrl Pts',(0.0125445231963272,0.151682789499946,
0.140119595779783));
#6501=CARTESIAN_POINT('Ctrl Pts',(0.0126268011812711,0.149748211712236,
0.142194970064609));
#6502=CARTESIAN_POINT('Ctrl Pts',(0.0126781787091481,0.148539202578056,
0.14345939226377));
#6503=CARTESIAN_POINT('Ctrl Pts',(0.0127944572857724,0.145795643938076,
0.14625670368125));
#6504=CARTESIAN_POINT('Ctrl Pts',(0.0128596392690658,0.144252722210485,
0.147781088261532));
#6505=CARTESIAN_POINT('Ctrl Pts',(0.0130726301490916,0.139181596185894,
0.152635902514494));
#6506=CARTESIAN_POINT('Ctrl Pts',(0.0132228214357764,0.135560044314783,
0.155866395008517));
#6507=CARTESIAN_POINT('Ctrl Pts',(0.0138015633295237,0.121272425000282,
0.167734569851165));
#6508=CARTESIAN_POINT('Ctrl Pts',(0.0142332376305793,0.109869024588434,
0.175429132485691));
#6509=CARTESIAN_POINT('Ctrl Pts',(0.0147339902824116,0.0950648211695981,
0.183400926053261));
#6510=CARTESIAN_POINT('Ctrl Pts',(0.0148249334997113,0.0923110113617253,
0.184804981761498));
#6511=CARTESIAN_POINT('Ctrl Pts',(0.0149719535105272,0.0877506688569625,
0.187002536382891));
#6512=CARTESIAN_POINT('Ctrl Pts',(0.0150287241012951,0.0859624776410357,
0.187832891644573));
#6513=CARTESIAN_POINT('Ctrl Pts',(0.0151394985388888,0.082420157279885,
0.189416512271141));
#6514=CARTESIAN_POINT('Ctrl Pts',(0.0151935275155682,0.0806669324579697,
0.190171312357827));
#6515=CARTESIAN_POINT('Ctrl Pts',(0.015324217336212,0.0763655529105462,
0.191952861353789));
#6516=CARTESIAN_POINT('Ctrl Pts',(0.0154003808435863,0.0738068837206623,
0.192953276230442));
#6517=CARTESIAN_POINT('Ctrl Pts',(0.0157562027541856,0.0616253212439867,
0.197438034103157));
#6518=CARTESIAN_POINT('Ctrl Pts',(0.0160234985292521,0.0517721491793981,
0.20025483890737));
#6519=CARTESIAN_POINT('Ctrl Pts',(0.0165731640673723,0.0309661826997904,
0.204562825558531));
#6520=CARTESIAN_POINT('Ctrl Pts',(0.0168543959631331,0.0200208204203269,
0.205929723427101));
#6521=CARTESIAN_POINT('Ctrl Pts',(0.0172069466498894,0.00714367529424727,
0.206501610546654));
#6522=CARTESIAN_POINT('Ctrl Pts',(0.0172588747935,0.00526719977376108,0.206559351366424));
#6523=CARTESIAN_POINT('Ctrl Pts',(0.0173428083301428,0.00227470649014234,
0.206610657078159));
#6524=CARTESIAN_POINT('Ctrl Pts',(0.0173743482962192,0.00115906696728287,
0.206620753398904));
#6525=CARTESIAN_POINT('Ctrl Pts',(0.0174376549739406,-0.00106050248005378,
0.20662287744025));
#6526=CARTESIAN_POINT('Ctrl Pts',(0.0174694250547839,-0.00216439364008055,
0.206615094545575));
#6527=CARTESIAN_POINT('Ctrl Pts',(0.0175545235840365,-0.00509718995801652,
0.206570929613701));
#6528=CARTESIAN_POINT('Ctrl Pts',(0.0176082962080135,-0.00692575583427871,
0.206519117690181));
#6529=CARTESIAN_POINT('Ctrl Pts',(0.017731047966454,-0.0110536021107157,
0.206347310489666));
#6530=CARTESIAN_POINT('Ctrl Pts',(0.017800354663952,-0.0133520468165076,
0.206213159884164));
#6531=CARTESIAN_POINT('Ctrl Pts',(0.0180335456881989,-0.0210027853129711,
0.205638248829484));
#6532=CARTESIAN_POINT('Ctrl Pts',(0.0182002598749416,-0.0263400429397466,
0.205027343089346));
#6533=CARTESIAN_POINT('Ctrl Pts',(0.0187844633696229,-0.0448486216630999,
0.202174452315669));
#6534=CARTESIAN_POINT('Ctrl Pts',(0.0192027724700072,-0.0578216428291011,
0.198864574708681));
#6535=CARTESIAN_POINT('Ctrl Pts',(0.0196846395894774,-0.0730979709137951,
0.193344891191488));
#6536=CARTESIAN_POINT('Ctrl Pts',(0.0197692464997858,-0.0757903114832149,
0.192307839523756));
#6537=CARTESIAN_POINT('Ctrl Pts',(0.0199032378778369,-0.0800705350855274,
0.190555351619499));
#6538=CARTESIAN_POINT('Ctrl Pts',(0.0199532735646947,-0.0816725993222259,
0.189875645708348));
#6539=CARTESIAN_POINT('Ctrl Pts',(0.0200573323138476,-0.0850114737607507,
0.188409014119945));
#6540=CARTESIAN_POINT('Ctrl Pts',(0.0201112741096337,-0.08674636343215,
0.187618122027789));
#6541=CARTESIAN_POINT('Ctrl Pts',(0.0202414854357154,-0.0909421409148244,
0.185634774209565));
#6542=CARTESIAN_POINT('Ctrl Pts',(0.0203172656004225,-0.093390785266878,
0.184417255745291));
#6543=CARTESIAN_POINT('Ctrl Pts',(0.0206608025038914,-0.104504160235366,
0.178613514588437));
#6544=CARTESIAN_POINT('Ctrl Pts',(0.0209173466364301,-0.112859727214757,
0.173462885163998));
#6545=CARTESIAN_POINT('Ctrl Pts',(0.0214702051326651,-0.130206100442215,
0.160986515589562));
#6546=CARTESIAN_POINT('Ctrl Pts',(0.0217644027735799,-0.139010315859637,
0.153458754686539));
#6547=CARTESIAN_POINT('Ctrl Pts',(0.0221310361559686,-0.148431294809146,
0.143927940460098));
#6548=CARTESIAN_POINT('Ctrl Pts',(0.0221818864126853,-0.149705985114998,
0.142603540654182));
#6549=CARTESIAN_POINT('Ctrl Pts',(0.022264481878428,-0.151720169332939,
0.14045420765325));
#6550=CARTESIAN_POINT('Ctrl Pts',(0.0222957863329777,-0.152470987353343,
0.139640005589055));
#6551=CARTESIAN_POINT('Ctrl Pts',(0.0223590736994221,-0.153962367379202,
0.137996440020088));
#6552=CARTESIAN_POINT('Ctrl Pts',(0.022391067256616,-0.154702858835826,
0.137167051021121));
#6553=CARTESIAN_POINT('Ctrl Pts',(0.022477495383758,-0.156669125033896,
0.134928673838273));
#6554=CARTESIAN_POINT('Ctrl Pts',(0.0225323983215442,-0.157882560863921,
0.133509000036031));
#6555=CARTESIAN_POINT('Ctrl Pts',(0.0226582393883434,-0.160590023565516,
0.130253131834375));
#6556=CARTESIAN_POINT('Ctrl Pts',(0.0227295287338343,-0.162072088567111,
0.128407335649727));
#6557=CARTESIAN_POINT('Ctrl Pts',(0.022972852704951,-0.166974060046682,
0.122082969029505));
#6558=CARTESIAN_POINT('Ctrl Pts',(0.0231479523714204,-0.170242527385206,
0.1174902748392));
#6559=CARTESIAN_POINT('Ctrl Pts',(0.0237237058813263,-0.18032024312635,
0.102029186416859));
#6560=CARTESIAN_POINT('Ctrl Pts',(0.0241243208918287,-0.186307185995302,
0.0906605690916756));
#6561=CARTESIAN_POINT('Ctrl Pts',(0.0245926706239848,-0.192331397350198,
0.0760773063583777));
#6562=CARTESIAN_POINT('Ctrl Pts',(0.0246794167969528,-0.193401527380109,
0.0733206115431366));
#6563=CARTESIAN_POINT('Ctrl Pts',(0.0248214728164763,-0.195077436611108,
0.0687127410878185));
#6564=CARTESIAN_POINT('Ctrl Pts',(0.0248773892317388,-0.195716841322975,
0.0668742913445348));
#6565=CARTESIAN_POINT('Ctrl Pts',(0.0249877523063955,-0.196937775020303,
0.0631972312424687));
#6566=CARTESIAN_POINT('Ctrl Pts',(0.0250422023162848,-0.197519730475467,
0.0613589701785992));
#6567=CARTESIAN_POINT('Ctrl Pts',(0.0251761968028223,-0.198899958824683,
0.0567773649120346));
#6568=CARTESIAN_POINT('Ctrl Pts',(0.0252551770125592,-0.199667241015099,
0.0540251002980713));
#6569=CARTESIAN_POINT('Ctrl Pts',(0.0254252302813441,-0.201214056949815,
0.04799624653278));
#6570=CARTESIAN_POINT('Ctrl Pts',(0.0255159152089755,-0.201971067454791,
0.0447147296499354));
#6571=CARTESIAN_POINT('Ctrl Pts',(0.0257974840358117,-0.204096048746843,
0.0343541016451836));
#6572=CARTESIAN_POINT('Ctrl Pts',(0.0259843000977024,-0.205174160872555,
0.0272211435310896));
#6573=CARTESIAN_POINT('Ctrl Pts',(0.0264370127819624,-0.206885450515816,
0.00976839831623912));
#6574=CARTESIAN_POINT('Ctrl Pts',(0.0267013333296066,-0.207122038792508,
-0.00057033302606515));
#6575=CARTESIAN_POINT('Ctrl Pts',(0.0270361456833834,-0.206484957856924,
-0.0128301678498512));
#6576=CARTESIAN_POINT('Ctrl Pts',(0.0270899351492749,-0.206356280710085,
-0.0147756240885241));
#6577=CARTESIAN_POINT('Ctrl Pts',(0.0271761349824464,-0.206109594004373,
-0.0178460198804444));
#6578=CARTESIAN_POINT('Ctrl Pts',(0.0272080339329661,-0.206009810120919,
-0.0189723187127436));
#6579=CARTESIAN_POINT('Ctrl Pts',(0.0272712757047287,-0.205795629967874,
-0.0211836358385633));
#6580=CARTESIAN_POINT('Ctrl Pts',(0.0273026081260865,-0.205681873722938,
-0.0222686775124762));
#6581=CARTESIAN_POINT('Ctrl Pts',(0.0273852912469706,-0.205361655422828,
-0.025106537203328));
#6582=CARTESIAN_POINT('Ctrl Pts',(0.0274370448393979,-0.205141347773325,
-0.0268576950344546));
#6583=CARTESIAN_POINT('Ctrl Pts',(0.0277580008308388,-0.203652051227748,
-0.0375860658871853));
#6584=CARTESIAN_POINT('Ctrl Pts',(0.0280403454581499,-0.201816844007486,
-0.0464745621680927));
#6585=CARTESIAN_POINT('Ctrl Pts',(0.0286913636370866,-0.196265768172227,
-0.0665861572025439));
#6586=CARTESIAN_POINT('Ctrl Pts',(0.0290584533398666,-0.19215994357946,
-0.0776692979964615));
#6587=CARTESIAN_POINT('Ctrl Pts',(0.029499226521326,-0.185835498818506,
-0.0910931026814582));
#6588=CARTESIAN_POINT('Ctrl Pts',(0.02958847706756,-0.18447903412536,-0.0938149221741918));
#6589=CARTESIAN_POINT('Ctrl Pts',(0.0297334409878701,-0.182149351731524,
-0.0982422616175475));
#6590=CARTESIAN_POINT('Ctrl Pts',(0.0297898142397011,-0.181210998017946,
-0.0999655620171963));
#6591=CARTESIAN_POINT('Ctrl Pts',(0.0299002623094751,-0.179308527198575,
-0.103344118120175));
#6592=CARTESIAN_POINT('Ctrl Pts',(0.0299543544422171,-0.178345655700544,
-0.104999848270186));
#6593=CARTESIAN_POINT('Ctrl Pts',(0.0300859813634616,-0.175926796312409,
-0.109029424861481));
#6594=CARTESIAN_POINT('Ctrl Pts',(0.030162996975919,-0.174445600534864,
-0.111387704110472));
#6595=CARTESIAN_POINT('Ctrl Pts',(0.0303280421078905,-0.171132311067351,
-0.11643380468275));
#6596=CARTESIAN_POINT('Ctrl Pts',(0.0304157245766543,-0.169283526321619,
-0.119109769756724));
#6597=CARTESIAN_POINT('Ctrl Pts',(0.0306826352831221,-0.163399382509528,
-0.127211307359505));
#6598=CARTESIAN_POINT('Ctrl Pts',(0.0308582925879062,-0.159160611326975,
-0.132483510185687));
#6599=CARTESIAN_POINT('Ctrl Pts',(0.0313220247279776,-0.147236651789086,
-0.14591104750577));
#6600=CARTESIAN_POINT('Ctrl Pts',(0.0316070683497341,-0.139135018493521,
-0.153665834479788));
#6601=CARTESIAN_POINT('Ctrl Pts',(0.0319639991651989,-0.12898862674704,
-0.161912697285264));
#6602=CARTESIAN_POINT('Ctrl Pts',(0.0320158743734545,-0.127514488510194,
-0.163077910351856));
#6603=CARTESIAN_POINT('Ctrl Pts',(0.0320997071379647,-0.12513979383189,
-0.164903019149817));
#6604=CARTESIAN_POINT('Ctrl Pts',(0.0321311990326456,-0.124249393778389,
-0.165575974257811));
#6605=CARTESIAN_POINT('Ctrl Pts',(0.0321943802985168,-0.122468070613492,
-0.166899800504525));
#6606=CARTESIAN_POINT('Ctrl Pts',(0.0322260725154263,-0.121577300946527,
-0.167550813690972));
#6607=CARTESIAN_POINT('Ctrl Pts',(0.0323108963610604,-0.119198624383979,
-0.169260272005022));
#6608=CARTESIAN_POINT('Ctrl Pts',(0.0323644692726624,-0.11770185893922,
-0.170306208985705));
#6609=CARTESIAN_POINT('Ctrl Pts',(0.0326845063985001,-0.108774653818961,
-0.17637045125355));
#6610=CARTESIAN_POINT('Ctrl Pts',(0.0329635894739042,-0.101038668922346,
-0.180921719898131));
#6611=CARTESIAN_POINT('Ctrl Pts',(0.0336110236773412,-0.0824998323974515,
-0.190265613766773));
#6612=CARTESIAN_POINT('Ctrl Pts',(0.0339777950293843,-0.0715329895931351,
-0.194664460552693));
#6613=CARTESIAN_POINT('Ctrl Pts',(0.0344182648185793,-0.0573407270458181,
-0.198992876048338));
#6614=CARTESIAN_POINT('Ctrl Pts',(0.034507509202917,-0.0544114966211032,
-0.199816117828624));
#6615=CARTESIAN_POINT('Ctrl Pts',(0.0346524416418173,-0.0495646600158104,
-0.201063679363071));
#6616=CARTESIAN_POINT('Ctrl Pts',(0.0347087902144385,-0.0476573022803697,
-0.201525808326262));
#6617=CARTESIAN_POINT('Ctrl Pts',(0.0348191729358776,-0.0438762900387587,
-0.202385162615561));
#6618=CARTESIAN_POINT('Ctrl Pts',(0.0348732246885852,-0.0420031238529137,
-0.202783645188062));
#6619=CARTESIAN_POINT('Ctrl Pts',(0.0350047185728314,-0.0373949018892719,
-0.203697309629056));
#6620=CARTESIAN_POINT('Ctrl Pts',(0.0350816428681138,-0.0346544648364403,
-0.204183435320449));
#6621=CARTESIAN_POINT('Ctrl Pts',(0.0352464701397443,-0.0286948936185989,
-0.205117066261481));
#6622=CARTESIAN_POINT('Ctrl Pts',(0.0353340272892565,-0.0254733426891161,
-0.205544317863575));
#6623=CARTESIAN_POINT('Ctrl Pts',(0.035600391666577,-0.0155336727105161,
-0.206625122566103));
#6624=CARTESIAN_POINT('Ctrl Pts',(0.0357756424989078,-0.00879264996819532,
-0.207026153148432));
#6625=CARTESIAN_POINT('Ctrl Pts',(0.0362397252289757,0.00918912066309665,
-0.207215780915154));
#6626=CARTESIAN_POINT('Ctrl Pts',(0.0365254615664959,0.0204129129082843,
-0.206420005702911));
#6627=CARTESIAN_POINT('Ctrl Pts',(0.0368831639911371,0.0333731687440267,
-0.204434250048408));
#6628=CARTESIAN_POINT('Ctrl Pts',(0.0369349904869347,0.0352258959725975,
-0.204124543629781));
#6629=CARTESIAN_POINT('Ctrl Pts',(0.0370187514698409,0.0381722499554951,
-0.203590761908258));
#6630=CARTESIAN_POINT('Ctrl Pts',(0.03705022095548,0.0392687284137845,-0.20338295729957));
#6631=CARTESIAN_POINT('Ctrl Pts',(0.0371133608025321,0.0414458007234955,
-0.202952119564513));
#6632=CARTESIAN_POINT('Ctrl Pts',(0.0371450340643449,0.0425263964056189,
-0.202729293384078));
#6633=CARTESIAN_POINT('Ctrl Pts',(0.037229806331429,0.0453904759573376,
-0.202114823625778));
#6634=CARTESIAN_POINT('Ctrl Pts',(0.0372833463652527,0.0471706431938286,
-0.201708225774385));
#6635=CARTESIAN_POINT('Ctrl Pts',(0.0376029003118374,0.0576497695804039,
-0.199168608713642));
#6636=CARTESIAN_POINT('Ctrl Pts',(0.0378815011914327,0.0662082993331782,
-0.196497095009437));
#6637=CARTESIAN_POINT('Ctrl Pts',(0.038529093177542,0.0855992920513599,
-0.189034289771143));
#6638=CARTESIAN_POINT('Ctrl Pts',(0.0388965115032103,0.0962481417161854,
-0.183851845229148));
#6639=CARTESIAN_POINT('Ctrl Pts',(0.0393375091555274,0.109009058453376,
-0.176228583370012));
#6640=CARTESIAN_POINT('Ctrl Pts',(0.039426705277684,0.111586346479455,-0.174610835836018));
#6641=CARTESIAN_POINT('Ctrl Pts',(0.0395715569434736,0.115765882682637,
-0.171857158330334));
#6642=CARTESIAN_POINT('Ctrl Pts',(0.0396278727493124,0.117389255132343,
-0.170754198974068));
#6643=CARTESIAN_POINT('Ctrl Pts',(0.0397381871659015,0.120565174393167,
-0.168529774354887));
#6644=CARTESIAN_POINT('Ctrl Pts',(0.039792203447288,0.12211832688431,-0.167409517751463));
#6645=CARTESIAN_POINT('Ctrl Pts',(0.0399235993113636,0.125889580627169,
-0.16460907182373));
#6646=CARTESIAN_POINT('Ctrl Pts',(0.0400004617193519,0.12808978993352,-0.162905411677128));
#6647=CARTESIAN_POINT('Ctrl Pts',(0.0403792340092558,0.138883646390075,
-0.154194087881236));
#6648=CARTESIAN_POINT('Ctrl Pts',(0.0406664017719176,0.14693906168895,-0.146548693824602));
#6649=CARTESIAN_POINT('Ctrl Pts',(0.0412094505078995,0.161019883453841,
-0.130855127086879));
#6650=CARTESIAN_POINT('Ctrl Pts',(0.0414652656911503,0.16714824166322,-0.12294185384166));
#6651=CARTESIAN_POINT('Ctrl Pts',(0.0417908580287331,0.173772943606036,
-0.112976570308883));
#6652=CARTESIAN_POINT('Ctrl Pts',(0.041845108858441,0.174840539831048,-0.111319880164276));
#6653=CARTESIAN_POINT('Ctrl Pts',(0.0419318409601561,0.176485577225028,
-0.108685404694083));
#6654=CARTESIAN_POINT('Ctrl Pts',(0.0419637977976549,0.177078882168482,
-0.107717651769521));
#6655=CARTESIAN_POINT('Ctrl Pts',(0.042026933848984,0.178224951397456,-0.105813369080229));
#6656=CARTESIAN_POINT('Ctrl Pts',(0.0420580987082103,0.17877835274081,-0.104877267408149));
#6657=CARTESIAN_POINT('Ctrl Pts',(0.0421399780798224,0.180201389366974,
-0.102426349401819));
#6658=CARTESIAN_POINT('Ctrl Pts',(0.0421910834109418,0.18105929296631,-0.100904830641139));
#6659=CARTESIAN_POINT('Ctrl Pts',(0.0425172604525935,0.186356086625049,
-0.0912270683292447));
#6660=CARTESIAN_POINT('Ctrl Pts',(0.0428061771242337,0.190262141540112,
-0.0827914032771846));
#6661=CARTESIAN_POINT('Ctrl Pts',(0.0434581586971247,0.197761609746455,
-0.0632524239393338));
#6662=CARTESIAN_POINT('Ctrl Pts',(0.0438195820513085,0.201010589430373,
-0.0520500454911605));
#6663=CARTESIAN_POINT('Ctrl Pts',(0.0442553759088067,0.203902098249687,
-0.0376412303858127));
#6664=CARTESIAN_POINT('Ctrl Pts',(0.0443448059926293,0.204436428299823,
-0.0346359078873044));
#6665=CARTESIAN_POINT('Ctrl Pts',(0.0444899075912217,0.205205242540422,
-0.0296787202826241));
#6666=CARTESIAN_POINT('Ctrl Pts',(0.0445462451237454,0.205478680306406,
-0.0277334055661994));
#6667=CARTESIAN_POINT('Ctrl Pts',(0.0446565121955655,0.205963809773608,
-0.0238859629789521));
#6668=CARTESIAN_POINT('Ctrl Pts',(0.044710460952509,0.206176891572059,-0.0219842091196019));
#6669=CARTESIAN_POINT('Ctrl Pts',(0.0448415281023502,0.206634328136698,
-0.0173184840944938));
#6670=CARTESIAN_POINT('Ctrl Pts',(0.0449181344548235,0.206849573434094,
-0.0145520295169418));
#6671=CARTESIAN_POINT('Ctrl Pts',(0.0453159448176073,0.207688165422757,
-1.39980007124741E-6));
#6672=CARTESIAN_POINT('Ctrl Pts',(0.0456201477518748,0.207359796852258,
0.0118155829769362));
#6673=CARTESIAN_POINT('Ctrl Pts',(0.0461578002701123,0.205001967966716,
0.0325751404045779));
#6674=CARTESIAN_POINT('Ctrl Pts',(0.0463913264092944,0.203382811989073,
0.0415319014370242));
#6675=CARTESIAN_POINT('Ctrl Pts',(0.0466948284058755,0.200673279880218,
0.0523903418821456));
#6676=CARTESIAN_POINT('Ctrl Pts',(0.0467524626759076,0.200134039271089,
0.0544197143572281));
#6677=CARTESIAN_POINT('Ctrl Pts',(0.0468433438563872,0.199248841918744,
0.0575583659519089));
#6678=CARTESIAN_POINT('Ctrl Pts',(0.0468759788254231,0.198924202723885,
0.0586735246701815));
#6679=CARTESIAN_POINT('Ctrl Pts',(0.0469392796154228,0.198282293372876,
0.0608114988923222));
#6680=CARTESIAN_POINT('Ctrl Pts',(0.0469699094878165,0.197966434163272,
0.0618346978708015));
#6681=CARTESIAN_POINT('Ctrl Pts',(0.0470486163658896,0.197141168036013,
0.0644364672347628));
#6682=CARTESIAN_POINT('Ctrl Pts',(0.0470970301845531,0.196620732354648,
0.0660114521303346));
#6683=CARTESIAN_POINT('Ctrl Pts',(0.0473313512005235,0.194036993131711,
0.0735269285012856));
#6684=CARTESIAN_POINT('Ctrl Pts',(0.047523647192112,0.191723307617451,0.0793777222060214));
#6685=CARTESIAN_POINT('Ctrl Pts',(0.0480199111741145,0.185153566142232,
0.0940091809950281));
#6686=CARTESIAN_POINT('Ctrl Pts',(0.0483260523930773,0.180537489364062,
0.102611471052351));
#6687=CARTESIAN_POINT('Ctrl Pts',(0.0488157167565221,0.172003032161373,
0.116133682105454));
#6688=CARTESIAN_POINT('Ctrl Pts',(0.049003585051279,0.168436333861235,0.121257250369298));
#6689=CARTESIAN_POINT('Ctrl Pts',(0.0492537861507355,0.163258077603782,
0.12802305290605));
#6690=CARTESIAN_POINT('Ctrl Pts',(0.0493201255303679,0.161842441981864,
0.129810811913837));
#6691=CARTESIAN_POINT('Ctrl Pts',(0.0494401021106768,0.159203825719005,
0.133032395640513));
#6692=CARTESIAN_POINT('Ctrl Pts',(0.0494939381049872,0.157990240440998,
0.134473586141253));
#6693=CARTESIAN_POINT('Ctrl Pts',(0.0496033249589601,0.155464064331909,
0.137391880327062));
#6694=CARTESIAN_POINT('Ctrl Pts',(0.0496588258129836,0.154149662817765,
0.13886716197804));
#6695=CARTESIAN_POINT('Ctrl Pts',(0.0498005229642434,0.150711059819724,
0.14261733891018));
#6696=CARTESIAN_POINT('Ctrl Pts',(0.0498859908428724,0.148556363594525,
0.144863607562541));
#6697=CARTESIAN_POINT('Ctrl Pts',(0.0502205796155566,0.139817138449538,
0.153573080960004));
#6698=CARTESIAN_POINT('Ctrl Pts',(0.0504605437425707,0.132855113264668,
0.15964227094911));
#6699=CARTESIAN_POINT('Ctrl Pts',(0.0509915667703706,0.116447922057622,
0.172123118377078));
#6700=CARTESIAN_POINT('Ctrl Pts',(0.0512804287194332,0.106831679334278,
0.178259933611753));
#6701=CARTESIAN_POINT('Ctrl Pts',(0.0516415113668245,0.0951077584007026,
0.184450153562994));
#6702=CARTESIAN_POINT('Ctrl Pts',(0.0516930123136367,0.0934426111272975,
0.18530079025825));
#6703=CARTESIAN_POINT('Ctrl Pts',(0.0517763373097914,0.0907671799726361,
0.186622278294036));
#6704=CARTESIAN_POINT('Ctrl Pts',(0.0518077025878713,0.0897641903812631,
0.187107687430879));
#6705=CARTESIAN_POINT('Ctrl Pts',(0.0518707204846427,0.0877591279093025,
0.188058224438608));
#6706=CARTESIAN_POINT('Ctrl Pts',(0.0519023774948854,0.0867571551730787,
0.18852347428092));
#6707=CARTESIAN_POINT('Ctrl Pts',(0.0519872270106199,0.0840834305099173,
0.189739138439403));
#6708=CARTESIAN_POINT('Ctrl Pts',(0.0520408639069708,0.0824053859155754,
0.190475455471499));
#6709=CARTESIAN_POINT('Ctrl Pts',(0.0521633203930003,0.0785935287731881,
0.192088255284791));
#6710=CARTESIAN_POINT('Ctrl Pts',(0.0522324678190088,0.0764544175697457,
0.192951584489676));
#6711=CARTESIAN_POINT('Ctrl Pts',(0.0524651306948001,0.0692791480686608,
0.195709348043076));
#6712=CARTESIAN_POINT('Ctrl Pts',(0.0526314802092023,0.0641838377092263,
0.197443640198833));
#6713=CARTESIAN_POINT('Ctrl Pts',(0.0532166744628907,0.0461313850455544,
0.202814897710713));
#6714=CARTESIAN_POINT('Ctrl Pts',(0.0536364049864812,0.0328931539848238,
0.205388940491345));
#6715=CARTESIAN_POINT('Ctrl Pts',(0.0541191428050314,0.0166242540542814,
0.206936583513301));
#6716=CARTESIAN_POINT('Ctrl Pts',(0.0542034516350213,0.0137447379511666,
0.207149980704515));
#6717=CARTESIAN_POINT('Ctrl Pts',(0.0543369450836513,0.00912340703232156,
0.207395616217674));
#6718=CARTESIAN_POINT('Ctrl Pts',(0.0543867795584169,0.00738403936802919,
0.207466132207076));
#6719=CARTESIAN_POINT('Ctrl Pts',(0.0544903870646304,0.00373875441644757,
0.207567990588114));
#6720=CARTESIAN_POINT('Ctrl Pts',(0.054544079731473,0.00183287717346265,
0.207594974432646));
#6721=CARTESIAN_POINT('Ctrl Pts',(0.0546735971835839,-0.0028032965157825,
0.207596733096095));
#6722=CARTESIAN_POINT('Ctrl Pts',(0.0547489373472437,-0.00553324955592371,
0.207543885969632));
#6723=CARTESIAN_POINT('Ctrl Pts',(0.0550850774315765,-0.0178442463273944,
0.207062397300917));
#6724=CARTESIAN_POINT('Ctrl Pts',(0.0553352577631816,-0.0273895545026964,
0.206023765551353));
#6725=CARTESIAN_POINT('Ctrl Pts',(0.0558617898622745,-0.04750275603441,
0.202412488043167));
#6726=CARTESIAN_POINT('Ctrl Pts',(0.0561365054036846,-0.0580095660302725,
0.199662701844258));
#6727=CARTESIAN_POINT('Ctrl Pts',(0.056494432726049,-0.0705767574007329,
0.195298687628404));
#6728=CARTESIAN_POINT('Ctrl Pts',(0.0565614845886895,-0.0728855955884353,
0.194450700511691));
#6729=CARTESIAN_POINT('Ctrl Pts',(0.0566638757362245,-0.0763269569872936,
0.193116963609346));
#6730=CARTESIAN_POINT('Ctrl Pts',(0.0566983301672124,-0.0774711184172856,
0.192661792936616));
#6731=CARTESIAN_POINT('Ctrl Pts',(0.0567626494277757,-0.0795790400846583,
0.191801441997254));
#6732=CARTESIAN_POINT('Ctrl Pts',(0.0567924283077177,-0.0805439180295414,
0.191399106216864));
#6733=CARTESIAN_POINT('Ctrl Pts',(0.0568654224875854,-0.0828823706401059,
0.190403238239234));
#6734=CARTESIAN_POINT('Ctrl Pts',(0.0569088786767175,-0.0842526429634824,
0.189802121089355));
#6735=CARTESIAN_POINT('Ctrl Pts',(0.0570786381745545,-0.0895291746240136,
0.187419104667998));
#6736=CARTESIAN_POINT('Ctrl Pts',(0.0572078971790668,-0.0933862764849806,
0.185531134138283));
#6737=CARTESIAN_POINT('Ctrl Pts',(0.0576003627408346,-0.104748425519919,
0.17952616311498));
#6738=CARTESIAN_POINT('Ctrl Pts',(0.0578684500265445,-0.112060416542777,
0.175063571230488));
#6739=CARTESIAN_POINT('Ctrl Pts',(0.058422813769421,-0.126720779434077,
0.164822277763673));
#6740=CARTESIAN_POINT('Ctrl Pts',(0.0587077736518529,-0.133997050810348,
0.158973075333365));
#6741=CARTESIAN_POINT('Ctrl Pts',(0.0590629426888252,-0.142868407053199,
0.150800036471274));
#6742=CARTESIAN_POINT('Ctrl Pts',(0.0591426384099125,-0.144844251131486,
0.148906154657396));
#6743=CARTESIAN_POINT('Ctrl Pts',(0.0592757563131996,-0.148119093617348,
0.14564050883157));
#6744=CARTESIAN_POINT('Ctrl Pts',(0.0593296577883197,-0.14943784385553,
0.144289088292746));
#6745=CARTESIAN_POINT('Ctrl Pts',(0.0594388660002129,-0.1520939073204,0.141491886817021));
#6746=CARTESIAN_POINT('Ctrl Pts',(0.0594941280470354,-0.153429451573667,
0.140044690590163));
#6747=CARTESIAN_POINT('Ctrl Pts',(0.0596345331985361,-0.156798736320287,
0.13628788246446));
#6748=CARTESIAN_POINT('Ctrl Pts',(0.0597189724187667,-0.158802089099278,
0.133951655889161));
#6749=CARTESIAN_POINT('Ctrl Pts',(0.0600449127263756,-0.166426486404766,
0.124649732589143));
#6750=CARTESIAN_POINT('Ctrl Pts',(0.0602778541767541,-0.171646686534685,
0.117368161162016));
#6751=CARTESIAN_POINT('Ctrl Pts',(0.0607932454894921,-0.182236546475878,
0.100378038357697));
#6752=CARTESIAN_POINT('Ctrl Pts',(0.0610734319961724,-0.187331545962098,
0.0905308710737));
#6753=CARTESIAN_POINT('Ctrl Pts',(0.0614333136797379,-0.192497180778225,
0.0782324789472908));
#6754=CARTESIAN_POINT('Ctrl Pts',(0.0614953328033751,-0.193341853659584,
0.076125472978461));
#6755=CARTESIAN_POINT('Ctrl Pts',(0.0615915597093734,-0.194578390945522,
0.072888500164812));
#6756=CARTESIAN_POINT('Ctrl Pts',(0.061625032549762,-0.194995291745613,
0.0717682665296746));
#6757=CARTESIAN_POINT('Ctrl Pts',(0.0616886637185729,-0.195762193290041,
0.0696519198343726));
#6758=CARTESIAN_POINT('Ctrl Pts',(0.0617187608689182,-0.196114310841236,
0.0686566152793116));
#6759=CARTESIAN_POINT('Ctrl Pts',(0.0617942080267972,-0.196970995322188,
0.0661751490754707));
#6760=CARTESIAN_POINT('Ctrl Pts',(0.0618398412982464,-0.197466342772239,
0.0646858819300935));
#6761=CARTESIAN_POINT('Ctrl Pts',(0.0620337510113939,-0.199479550985997,
0.0583962529361096));
#6762=CARTESIAN_POINT('Ctrl Pts',(0.0621861111474373,-0.200839633946133,
0.0535472797960089));
#6763=CARTESIAN_POINT('Ctrl Pts',(0.062719702796939,-0.204924705350371,
0.036644758419252));
#6764=CARTESIAN_POINT('Ctrl Pts',(0.0631092168120249,-0.206750632770552,
0.0244007903473707));
#6765=CARTESIAN_POINT('Ctrl Pts',(0.063648249370415,-0.20779472708641,0.00669190613397055));
#6766=CARTESIAN_POINT('Ctrl Pts',(0.0638092155857578,-0.207902567043303,
0.00130648952188758));
#6767=CARTESIAN_POINT('Ctrl Pts',(0.0640371650242533,-0.207755671055083,
-0.00648466428314742));
#6768=CARTESIAN_POINT('Ctrl Pts',(0.0641069046000539,-0.207668426419378,
-0.00889121587035098));
#6769=CARTESIAN_POINT('Ctrl Pts',(0.0642293743903231,-0.207439424074969,
-0.0131577448029079));
#6770=CARTESIAN_POINT('Ctrl Pts',(0.0642823871791224,-0.207314417158353,
-0.015018338972384));
#6771=CARTESIAN_POINT('Ctrl Pts',(0.0643936094517832,-0.206997045175205,
-0.0189499310217258));
#6772=CARTESIAN_POINT('Ctrl Pts',(0.0644517068505104,-0.206798595201256,
-0.0210202324253926));
#6773=CARTESIAN_POINT('Ctrl Pts',(0.0646104899840342,-0.206165674003747,
-0.0267206235279086));
#6774=CARTESIAN_POINT('Ctrl Pts',(0.0647100474271593,-0.205666423074664,
-0.0303427694750029));
#6775=CARTESIAN_POINT('Ctrl Pts',(0.0650106190521151,-0.20384586011507,
-0.0413879325379603));
#6776=CARTESIAN_POINT('Ctrl Pts',(0.0652066919194587,-0.202215991492312,
-0.0487537263407864));
#6777=CARTESIAN_POINT('Ctrl Pts',(0.0656658075016019,-0.197422699371811,
-0.0659289306784712));
#6778=CARTESIAN_POINT('Ctrl Pts',(0.0659263189405891,-0.193923304396781,
-0.0756235878575011));
#6779=CARTESIAN_POINT('Ctrl Pts',(0.0662797464628203,-0.188506973145,-0.0877328000152231));
#6780=CARTESIAN_POINT('Ctrl Pts',(0.0663600946576549,-0.187235151596369,
-0.0904201057528019));
#6781=CARTESIAN_POINT('Ctrl Pts',(0.06647869945521,-0.185313314958991,-0.0942655090490819));
#6782=CARTESIAN_POINT('Ctrl Pts',(0.0665156184709716,-0.184709101703885,
-0.0954461135153562));
#6783=CARTESIAN_POINT('Ctrl Pts',(0.0665820097617713,-0.183613519276602,
-0.0975372896359743));
#6784=CARTESIAN_POINT('Ctrl Pts',(0.0666113369070665,-0.183126566694385,
-0.0984501254987523));
#6785=CARTESIAN_POINT('Ctrl Pts',(0.0666791882266651,-0.181993735579075,
-0.100536106142351));
#6786=CARTESIAN_POINT('Ctrl Pts',(0.0667178630837675,-0.181343302762155,
-0.10170671578431));
#6787=CARTESIAN_POINT('Ctrl Pts',(0.0668472546539663,-0.179149249443846,
-0.105567179309264));
#6788=CARTESIAN_POINT('Ctrl Pts',(0.0669394669785904,-0.177556810337147,
-0.108228764961683));
#6789=CARTESIAN_POINT('Ctrl Pts',(0.0671796489505474,-0.173313552437299,
-0.114973870976612));
#6790=CARTESIAN_POINT('Ctrl Pts',(0.0673293675820026,-0.17057783013767,
-0.119001729317445));
#6791=CARTESIAN_POINT('Ctrl Pts',(0.0679096154383455,-0.159510488383027,
-0.134125719109606));
#6792=CARTESIAN_POINT('Ctrl Pts',(0.0683434075929758,-0.150217761614366,
-0.144473805166004));
#6793=CARTESIAN_POINT('Ctrl Pts',(0.068845407816641,-0.137675169575045,
-0.155904313262574));
#6794=CARTESIAN_POINT('Ctrl Pts',(0.0689358769348439,-0.135341015200611,
-0.15793797073072));
#6795=CARTESIAN_POINT('Ctrl Pts',(0.0690820759663703,-0.131446362781764,
-0.161181105263296));
#6796=CARTESIAN_POINT('Ctrl Pts',(0.069138498106244,-0.129912537594898,
-0.162421803405478));
#6797=CARTESIAN_POINT('Ctrl Pts',(0.0692485291471507,-0.126861163591265,
-0.164818994266955));
#6798=CARTESIAN_POINT('Ctrl Pts',(0.0693021641802223,-0.125344894560364,
-0.165976797813496));
#6799=CARTESIAN_POINT('Ctrl Pts',(0.0694317442394001,-0.121612590611831,
-0.16874625005977));
#6800=CARTESIAN_POINT('Ctrl Pts',(0.0695071997854031,-0.119380211941424,
-0.170335276074131));
#6801=CARTESIAN_POINT('Ctrl Pts',(0.0698487121858507,-0.109019777521835,
-0.177405589439526));
#6802=CARTESIAN_POINT('Ctrl Pts',(0.0701036356735856,-0.100541840440705,
-0.182351793147343));
#6803=CARTESIAN_POINT('Ctrl Pts',(0.0706482366862268,-0.0815312508993315,
-0.191710612585471));
#6804=CARTESIAN_POINT('Ctrl Pts',(0.0709359682406028,-0.0709206401757782,
-0.195892031610006));
#6805=CARTESIAN_POINT('Ctrl Pts',(0.0712990503386573,-0.0580838661345609,
-0.199770160352757));
#6806=CARTESIAN_POINT('Ctrl Pts',(0.071354515941569,-0.0561375354659966,
-0.200327316470718));
#6807=CARTESIAN_POINT('Ctrl Pts',(0.0714426722482755,-0.0530769075554148,
-0.201155349997408));
#6808=CARTESIAN_POINT('Ctrl Pts',(0.0714748045808017,-0.0519679598097831,
-0.201445561274046));
#6809=CARTESIAN_POINT('Ctrl Pts',(0.071537762995994,-0.0498101976658867,
-0.201991248341003));
#6810=CARTESIAN_POINT('Ctrl Pts',(0.0715685652006972,-0.048761682986733,
-0.202247754086041));
#6811=CARTESIAN_POINT('Ctrl Pts',(0.0716486537468431,-0.0460522982651616,
-0.202888281895538));
#6812=CARTESIAN_POINT('Ctrl Pts',(0.071698303737961,-0.0443886286935511,
-0.203260078724712));
#6813=CARTESIAN_POINT('Ctrl Pts',(0.0719612392653418,-0.0356453246531103,
-0.205101584677809));
#6814=CARTESIAN_POINT('Ctrl Pts',(0.0721829358506019,-0.02849736587078,
-0.206222114896186));
#6815=CARTESIAN_POINT('Ctrl Pts',(0.0728324290903019,-0.00762462953913337,
-0.208387897624805));
#6816=CARTESIAN_POINT('Ctrl Pts',(0.0732621127138529,0.00616371577480816,
-0.208447520107135));
#6817=CARTESIAN_POINT('Ctrl Pts',(0.073761187677521,0.0229630661904186,
-0.206850218058409));
#6818=CARTESIAN_POINT('Ctrl Pts',(0.0738523334748869,0.0260615986293228,
-0.206485113199379));
#6819=CARTESIAN_POINT('Ctrl Pts',(0.0739993018213726,0.0311088218748385,
-0.205774949020292));
#6820=CARTESIAN_POINT('Ctrl Pts',(0.0740558320724516,0.0330628394406437,
-0.205471538938264));
#6821=CARTESIAN_POINT('Ctrl Pts',(0.0741658599020999,0.0368900033196522,
-0.204821261954219));
#6822=CARTESIAN_POINT('Ctrl Pts',(0.0742193873232369,0.0387632965168545,
-0.204476433925144));
#6823=CARTESIAN_POINT('Ctrl Pts',(0.0743483337306222,0.043301713958057,
-0.203576408724269));
#6824=CARTESIAN_POINT('Ctrl Pts',(0.0744232741824925,0.0459611901880094,
-0.202994528696046));
#6825=CARTESIAN_POINT('Ctrl Pts',(0.0747519205311281,0.0577031709455978,
-0.200182869249161));
#6826=CARTESIAN_POINT('Ctrl Pts',(0.0749956182593287,0.0666406083015543,
-0.197394347474723));
#6827=CARTESIAN_POINT('Ctrl Pts',(0.0755458634388091,0.0865920276676204,
-0.18966012425142));
#6828=CARTESIAN_POINT('Ctrl Pts',(0.0758490563566575,0.097424052946319,
-0.184339320914993));
#6829=CARTESIAN_POINT('Ctrl Pts',(0.0762266480679121,0.109347873977071,
-0.177138504175537));
#6830=CARTESIAN_POINT('Ctrl Pts',(0.0762782966053987,0.110947382957172,
-0.176142693155553));
#6831=CARTESIAN_POINT('Ctrl Pts',(0.0763489918845563,0.113088498144911,
-0.174769042233764));
#6832=CARTESIAN_POINT('Ctrl Pts',(0.0763674151420188,0.113642150165493,
-0.174410117498156));
#6833=CARTESIAN_POINT('Ctrl Pts',(0.0764022757263142,0.114681302994999,
-0.173729416236316));
#6834=CARTESIAN_POINT('Ctrl Pts',(0.0764186925001688,0.115167179340888,
-0.173408220952147));
#6835=CARTESIAN_POINT('Ctrl Pts',(0.0764351851838447,0.115651696879143,
-0.173084996096541));
#6836=CARTESIAN_POINT('Ctrl Pts',(-0.209444444444445,0.201530151052993,
-2.09857775231684E-15));
#6837=CARTESIAN_POINT('Ctrl Pts',(-0.207896926991887,0.201570674224985,
0.0529077415891046));
#6838=CARTESIAN_POINT('Ctrl Pts',(-0.206358024691365,0.179890213652622,
0.105230756989175));
#6839=CARTESIAN_POINT('Ctrl Pts',(-0.203271604938265,0.105287905885411,
0.179947362548853));
#6840=CARTESIAN_POINT('Ctrl Pts',(-0.201728395061703,0.0528239463191497,
0.201732202917664));
#6841=CARTESIAN_POINT('Ctrl Pts',(-0.198641975308667,-0.0528239463191469,
0.201813023661826));
#6842=CARTESIAN_POINT('Ctrl Pts',(-0.197098765432082,-0.105357319041732,
0.180106544983613));
#6843=CARTESIAN_POINT('Ctrl Pts',(-0.194012345679029,-0.180163693879874,
0.105414467937996));
#6844=CARTESIAN_POINT('Ctrl Pts',(-0.192469135802475,-0.201974665154441,
0.0528874227848274));
#6845=CARTESIAN_POINT('Ctrl Pts',(-0.189382716049377,-0.202055485898553,
-0.0528874227848255));
#6846=CARTESIAN_POINT('Ctrl Pts',(-0.187839506172875,-0.1803228763146,-0.105483881094307));
#6847=CARTESIAN_POINT('Ctrl Pts',(-0.184753086419717,-0.105541029990586,
-0.180380025210878));
#6848=CARTESIAN_POINT('Ctrl Pts',(-0.183209876543204,-0.0529508992502165,
-0.202217127391187));
#6849=CARTESIAN_POINT('Ctrl Pts',(-0.18012345679013,0.0529508992502154,
-0.202297948135309));
#6850=CARTESIAN_POINT('Ctrl Pts',(-0.178580246913587,0.105610443146982,
-0.180539207645494));
#6851=CARTESIAN_POINT('Ctrl Pts',(-0.175493827160488,0.18059635654178,-0.10566759204327));
#6852=CARTESIAN_POINT('Ctrl Pts',(-0.173950617283955,0.202459589627927,
-0.0530143757155505));
#6853=CARTESIAN_POINT('Ctrl Pts',(-0.170767746913576,0.202542936020327,
0.0563277741977727));
#6854=CARTESIAN_POINT('Ctrl Pts',(-0.16912808641979,0.177811032077158,0.112254747087578));
#6855=CARTESIAN_POINT('Ctrl Pts',(-0.165848765432062,0.0943433490525811,
0.188021339640057));
#6856=CARTESIAN_POINT('Ctrl Pts',(-0.164209104938304,0.0362583412434299,
0.207266664670139));
#6857=CARTESIAN_POINT('Ctrl Pts',(-0.160929783950586,-0.0760057846689571,
0.196295900901072));
#6858=CARTESIAN_POINT('Ctrl Pts',(-0.159290123456759,-0.129306970690761,
0.166162952837507));
#6859=CARTESIAN_POINT('Ctrl Pts',(-0.156010802469167,-0.196612837198126,
0.0755556507241604));
#6860=CARTESIAN_POINT('Ctrl Pts',(-0.154371141975316,-0.210089204027925,
0.015788085321897));
#6861=CARTESIAN_POINT('Ctrl Pts',(-0.151091820987647,-0.188139498955036,
-0.0950006993907719));
#6862=CARTESIAN_POINT('Ctrl Pts',(-0.149452160493834,-0.152882438424904,
-0.145155264393906));
#6863=CARTESIAN_POINT('Ctrl Pts',(-0.146172839506166,-0.0559913787613838,
-0.203329646266897));
#6864=CARTESIAN_POINT('Ctrl Pts',(-0.144533179012347,0.00488649026443921,
-0.210892394827853));
#6865=CARTESIAN_POINT('Ctrl Pts',(-0.141253858024691,0.113127496108525,
-0.178147580719468));
#6866=CARTESIAN_POINT('Ctrl Pts',(-0.139614197530875,0.159643645600864,
-0.138093487813529));
#6867=CARTESIAN_POINT('Ctrl Pts',(-0.136334876543199,0.208102193655084,
-0.0358373406351212));
#6868=CARTESIAN_POINT('Ctrl Pts',(-0.134695216049373,0.209663359472564,
0.0255664110963073));
#6869=CARTESIAN_POINT('Ctrl Pts',(-0.131415895061738,0.16641190132701,0.130209062399883));
#6870=CARTESIAN_POINT('Ctrl Pts',(-0.129776234567911,0.121934974656368,
0.172628862338114));
#6871=CARTESIAN_POINT('Ctrl Pts',(-0.126496913580237,0.0152865102994152,
0.210879496476438));
#6872=CARTESIAN_POINT('Ctrl Pts',(-0.124857253086421,-0.0460521465907198,
0.206408803534415));
#6873=CARTESIAN_POINT('Ctrl Pts',(-0.121577932098764,-0.146077925837903,
0.15304127992709));
#6874=CARTESIAN_POINT('Ctrl Pts',(-0.119938271604932,-0.183981808686226,
0.104559344062128));
#6875=CARTESIAN_POINT('Ctrl Pts',(-0.11665895061729,-0.211629701492438,
-0.00546381946079168));
#6876=CARTESIAN_POINT('Ctrl Pts',(-0.115019290123447,-0.201155000589461,
-0.0661455351673056));
#6877=CARTESIAN_POINT('Ctrl Pts',(-0.111739969135813,-0.138160592163438,
-0.160577895423115));
#6878=CARTESIAN_POINT('Ctrl Pts',(-0.110100308641972,-0.0861311749961999,
-0.193588807154792));
#6879=CARTESIAN_POINT('Ctrl Pts',(-0.106820987654325,0.0262139310676024,
-0.210340441053557));
#6880=CARTESIAN_POINT('Ctrl Pts',(-0.105181327160494,0.0856517010576942,
-0.193947588011392));
#6881=CARTESIAN_POINT('Ctrl Pts',(-0.10190200617284,0.173565598196636,-0.121909605023388));
#6882=CARTESIAN_POINT('Ctrl Pts',(-0.100262345679031,0.201352745278673,
-0.066825621856169));
#6883=CARTESIAN_POINT('Ctrl Pts',(-0.0969830246913397,0.207019001734053,
0.0467636043905924));
#6884=CARTESIAN_POINT('Ctrl Pts',(-0.0953433641975305,0.18485117522161,
0.104380944217119));
#6885=CARTESIAN_POINT('Ctrl Pts',(-0.0920640432098769,0.10444166491934,
0.184911895923854));
#6886=CARTESIAN_POINT('Ctrl Pts',(-0.0904243827160752,0.0468267499698467,
0.207194055086057));
#6887=CARTESIAN_POINT('Ctrl Pts',(-0.0871450617283694,-0.0669140486838455,
0.201692303559952));
#6888=CARTESIAN_POINT('Ctrl Pts',(-0.0855054012345576,-0.12215058500623,
0.173948767710975));
#6889=CARTESIAN_POINT('Ctrl Pts',(-0.0822260802469241,-0.194503167863672,
0.0859222513056375));
#6890=CARTESIAN_POINT('Ctrl Pts',(-0.080586419753069,-0.211051525578708,
0.0263257808385774));
#6891=CARTESIAN_POINT('Ctrl Pts',(-0.0773070987654497,-0.194406689555458,
-0.0864698255860533));
#6892=CARTESIAN_POINT('Ctrl Pts',(-0.0756674382715953,-0.161341011932435,
-0.138786745712373));
#6893=CARTESIAN_POINT('Ctrl Pts',(-0.0723881172839606,-0.0665274094696196,
-0.202242446887451));
#6894=CARTESIAN_POINT('Ctrl Pts',(-0.070748456790122,-0.00551926384504581,
-0.212882939957213));
#6895=CARTESIAN_POINT('Ctrl Pts',(-0.0674691358024708,0.105240744574153,
-0.185227527162236));
#6896=CARTESIAN_POINT('Ctrl Pts',(-0.0658294753086441,0.154126051536315,
-0.147145267909079));
#6897=CARTESIAN_POINT('Ctrl Pts',(-0.0625501543209858,0.208050397605708,
-0.0464420773364321));
#6898=CARTESIAN_POINT('Ctrl Pts',(-0.0609104938271507,0.212665530991212,
0.0153928080914052));
#6899=CARTESIAN_POINT('Ctrl Pts',(-0.0576311728395162,0.174238624913995,
0.123043712491863));
#6900=CARTESIAN_POINT('Ctrl Pts',(-0.0559915123456842,0.131494518090143,
0.168017234407523));
#6901=CARTESIAN_POINT('Ctrl Pts',(-0.0527121913580197,0.0258583221826654,
0.211866126657073));
#6902=CARTESIAN_POINT('Ctrl Pts',(-0.0510725308642175,-0.0362089208456879,
0.210396249682512));
#6903=CARTESIAN_POINT('Ctrl Pts',(-0.0477932098765235,-0.139704519169985,
0.161541469535874));
#6904=CARTESIAN_POINT('Ctrl Pts',(-0.0461535493827325,-0.180322623891387,
0.114536122583172));
#6905=CARTESIAN_POINT('Ctrl Pts',(-0.0428742283950455,-0.213647816908532,
0.00497350407278617));
#6906=CARTESIAN_POINT('Ctrl Pts',(-0.0412345679012202,-0.20609184415731,
-0.0567279809259588));
#6907=CARTESIAN_POINT('Ctrl Pts',(-0.0379552469135948,-0.147254290390522,
-0.155059541727707));
#6908=CARTESIAN_POINT('Ctrl Pts',(-0.0363155864197433,-0.0964304324009566,
-0.190919510501932));
#6909=CARTESIAN_POINT('Ctrl Pts',(-0.0330362654321089,0.0160116164180643,
-0.213373178998957));
#6910=CARTESIAN_POINT('Ctrl Pts',(-0.0313966049383018,0.0767512581181154,
-0.19978874754683));
#6911=CARTESIAN_POINT('Ctrl Pts',(-0.0281172839505873,0.168957350876261,
-0.131510959881986));
#6912=CARTESIAN_POINT('Ctrl Pts',(-0.0264776234567971,0.199701367926201,
-0.0773492737765246));
#6913=CARTESIAN_POINT('Ctrl Pts',(-0.0231983024691291,0.211039715410613,
0.0368948080622622));
#6914=CARTESIAN_POINT('Ctrl Pts',(-0.0215586419752918,0.191542775469598,
0.0960843101527251));
#6915=CARTESIAN_POINT('Ctrl Pts',(-0.0182793209876714,0.114459740024298,
0.181260203477934));
#6916=CARTESIAN_POINT('Ctrl Pts',(-0.0166396604938025,0.057474317855737,
0.206578922004413));
#6917=CARTESIAN_POINT('Ctrl Pts',(-0.0133603395061978,-0.0574743178557594,
0.206664794045146));
#6918=CARTESIAN_POINT('Ctrl Pts',(-0.0117206790123313,-0.114538870769317,
0.181428635557455));
#6919=CARTESIAN_POINT('Ctrl Pts',(-0.00844135802470596,-0.19184540664236,
0.0962618869065638));
#6920=CARTESIAN_POINT('Ctrl Pts',(-0.00680169753084552,-0.211481055752484,
0.0369953512438479));
#6921=CARTESIAN_POINT('Ctrl Pts',(-0.00352237654322889,-0.200285530122269,
-0.0775508201422651));
#6922=CARTESIAN_POINT('Ctrl Pts',(-0.00188271604938009,-0.169539253297352,
-0.13193468284035));
#6923=CARTESIAN_POINT('Ctrl Pts',(0.00139660493826868,-0.0770901261814507,
-0.200606539866945));
#6924=CARTESIAN_POINT('Ctrl Pts',(0.00303626543210697,-0.0161084638551203,
-0.214355541277815));
#6925=CARTESIAN_POINT('Ctrl Pts',(0.0063155864197445,0.096929347142733,
-0.191958477062374));
#6926=CARTESIAN_POINT('Ctrl Pts',(0.00795524691359908,0.148101258707175,
-0.155984920244765));
#6927=CARTESIAN_POINT('Ctrl Pts',(0.0112345679012156,0.207454523062067,
-0.0571270139849283));
#6928=CARTESIAN_POINT('Ctrl Pts',(0.0128742283950608,0.215169591085962,
0.00498582861688328));
#6929=CARTESIAN_POINT('Ctrl Pts',(0.0161535493827167,0.181759128865498,
0.115421182208929));
#6930=CARTESIAN_POINT('Ctrl Pts',(0.0177932098765271,0.140892272397258,
0.162879550542231));
#6931=CARTESIAN_POINT('Ctrl Pts',(0.0210725308642134,0.0365631988371501,
0.212318519758079));
#6932=CARTESIAN_POINT('Ctrl Pts',(0.02271219135804,-0.0260845096534791,
0.213910223000267));
#6933=CARTESIAN_POINT('Ctrl Pts',(0.0259915123456632,-0.132845697396012,
0.169781238329325));
#6934=CARTESIAN_POINT('Ctrl Pts',(0.0276311728395131,-0.176123514374104,
0.124403108178498));
#6935=CARTESIAN_POINT('Ctrl Pts',(0.0309104938271533,-0.215146666361973,
0.0155956010686029));
#6936=CARTESIAN_POINT('Ctrl Pts',(0.0325501543209624,-0.210584434714481,
-0.0469840157799488));
#6937=CARTESIAN_POINT('Ctrl Pts',(0.035829475308667,-0.156135957228367,
-0.149032117493778));
#6938=CARTESIAN_POINT('Ctrl Pts',(0.0374691358024746,-0.106673057048165,
-0.187701552407093));
#6939=CARTESIAN_POINT('Ctrl Pts',(0.0407484567901178,0.00557447283805799,
-0.21590661998211));
#6940=CARTESIAN_POINT('Ctrl Pts',(0.0423881172839258,0.0674822005804049,
-0.205219185810126));
#6941=CARTESIAN_POINT('Ctrl Pts',(0.0456674382716294,0.163821193256636,
-0.140950806330419));
#6942=CARTESIAN_POINT('Ctrl Pts',(0.0473070987654028,0.197497819395414,
-0.0878701112338619));
#6943=CARTESIAN_POINT('Ctrl Pts',(0.0505864197531155,0.214585919083982,
0.0267432629380613));
#6944=CARTESIAN_POINT('Ctrl Pts',(0.052226080246896,0.197861186948657,0.0873802898737778));
#6945=CARTESIAN_POINT('Ctrl Pts',(0.0555054012345852,0.12436848476697,0.177066767478965));
#6946=CARTESIAN_POINT('Ctrl Pts',(0.0571450617283961,0.068173034437635,
0.20541338011419));
#6947=CARTESIAN_POINT('Ctrl Pts',(0.060424382716048,-0.0477065169977154,
0.211192153031083));
#6948=CARTESIAN_POINT('Ctrl Pts',(0.0620640432098568,-0.106484809182387,
0.188576497777012));
#6949=CARTESIAN_POINT('Ctrl Pts',(0.0653433641975504,-0.188637218479423,
0.106545529884741));
#6950=CARTESIAN_POINT('Ctrl Pts',(0.0669830246913723,-0.211367206383095,
0.0477696625783217));
#6951=CARTESIAN_POINT('Ctrl Pts',(0.0702623456789978,-0.205752938395458,
-0.0682614612667142));
#6952=CARTESIAN_POINT('Ctrl Pts',(0.0719020061728294,-0.177449936992862,
-0.124609464750186));
#6953=CARTESIAN_POINT('Ctrl Pts',(0.0751813271605036,-0.0876508401221239,
-0.198416766800594));
#6954=CARTESIAN_POINT('Ctrl Pts',(0.076820987654304,-0.0268551127090233,
-0.215297003609152));
#6955=CARTESIAN_POINT('Ctrl Pts',(0.080100308641992,0.0882087618237532,
-0.198315701796053));
#6956=CARTESIAN_POINT('Ctrl Pts',(0.0817399691358126,0.14157695987926,-0.16458430976615));
#6957=CARTESIAN_POINT('Ctrl Pts',(0.0850192901234462,0.206306632108238,
-0.0678640748824828));
#6958=CARTESIAN_POINT('Ctrl Pts',(0.0866589506172829,0.217159858446332,
-0.00562991722049412));
#6959=CARTESIAN_POINT('Ctrl Pts',(0.0899382716049389,0.188947270883645,
0.107354457558419));
#6960=CARTESIAN_POINT('Ctrl Pts',(0.0915779320987908,0.150099459562839,
0.157220728838691));
#6961=CARTESIAN_POINT('Ctrl Pts',(0.094857253086394,0.0473739465277305,
0.2122260287847));
#6962=CARTESIAN_POINT('Ctrl Pts',(0.0964969135802749,-0.0157018988621336,
0.216932700876161));
#6963=CARTESIAN_POINT('Ctrl Pts',(0.0997762345678729,-0.125511846012498,
0.177733276950556));
#6964=CARTESIAN_POINT('Ctrl Pts',(0.101415895061714,-0.171386571410002,
0.134131153085997));
#6965=CARTESIAN_POINT('Ctrl Pts',(0.104695216049396,-0.216112990184622,
0.0263764207400881));
#6966=CARTESIAN_POINT('Ctrl Pts',(0.106334876543186,-0.214612575785597,
-0.0369347790473574));
#6967=CARTESIAN_POINT('Ctrl Pts',(0.109614197530888,-0.16477737447713,-0.142503303754118));
#6968=CARTESIAN_POINT('Ctrl Pts',(0.111253858024713,-0.116829808681826,
-0.183934172037989));
#6969=CARTESIAN_POINT('Ctrl Pts',(0.114533179012324,-0.00507284242693375,
-0.217925013166083));
#6970=CARTESIAN_POINT('Ctrl Pts',(0.116172839506198,0.0578636161502543,
-0.210216720952086));
#6971=CARTESIAN_POINT('Ctrl Pts',(0.119452160493802,0.158162023546857,-0.150200284704161));
#6972=CARTESIAN_POINT('Ctrl Pts',(0.121091820987656,0.194738488609106,-0.0983590801531035));
#6973=CARTESIAN_POINT('Ctrl Pts',(0.124371141975307,0.217639516249019,0.0163319949515158));
#6974=CARTESIAN_POINT('Ctrl Pts',(0.126010802469126,0.203782450215985,0.0782857335750453));
#6975=CARTESIAN_POINT('Ctrl Pts',(0.129290123456799,0.134138672031212,0.172333651336504));
#6976=CARTESIAN_POINT('Ctrl Pts',(0.130929783950608,0.078894309248892,0.203690997147439));
#6977=CARTESIAN_POINT('Ctrl Pts',(0.13420910493828,-0.0376318180617869,
0.215254106492921));
#6978=CARTESIAN_POINT('Ctrl Pts',(0.135848765432106,-0.0980028480049453,
0.195366842473344));
#6979=CARTESIAN_POINT('Ctrl Pts',(0.139128086419745,-0.184877806960032,
0.11674386370456));
#6980=CARTESIAN_POINT('Ctrl Pts',(0.140761881526251,-0.210700626436349,
0.058830560802429));
#6981=CARTESIAN_POINT('Ctrl Pts',(0.142407407407407,-0.210743716049559,
-2.5766190136274E-14));
#6982=CARTESIAN_POINT('Ctrl Pts',(-0.195555555554113,0.177473889834259,
-1.8480746175066E-15));
#6983=CARTESIAN_POINT('Ctrl Pts',(-0.194008042305802,0.177514412896207,
0.0465921210466213));
#6984=CARTESIAN_POINT('Ctrl Pts',(-0.192469135801033,0.15842657021956,0.0926737095467025));
#6985=CARTESIAN_POINT('Ctrl Pts',(-0.189382716047933,0.0927308584429502,
0.158483719115803));
#6986=CARTESIAN_POINT('Ctrl Pts',(-0.187839506171371,0.0465260318968735,
0.17767594169893));
#6987=CARTESIAN_POINT('Ctrl Pts',(-0.184753086418335,-0.0465260318968711,
0.177756762443092));
#6988=CARTESIAN_POINT('Ctrl Pts',(-0.18320987654175,-0.0928002715993282,
0.158642901550495));
#6989=CARTESIAN_POINT('Ctrl Pts',(-0.180123456788697,-0.158700050446756,
0.092857420495592));
#6990=CARTESIAN_POINT('Ctrl Pts',(-0.178580246912143,-0.177918403935707,
0.046589508362443));
#6991=CARTESIAN_POINT('Ctrl Pts',(-0.175493827159045,-0.177999224679819,
-0.0465895083624413));
#6992=CARTESIAN_POINT('Ctrl Pts',(-0.173950617282543,-0.158859232881428,
-0.0929268336519688));
#6993=CARTESIAN_POINT('Ctrl Pts',(-0.170864197529386,-0.0929839825482365,
-0.158916381777693));
#6994=CARTESIAN_POINT('Ctrl Pts',(-0.169320987652872,-0.0466529848277583,
-0.178160866172454));
#6995=CARTESIAN_POINT('Ctrl Pts',(-0.166234567899798,0.0466529848277573,
-0.178241686916576));
#6996=CARTESIAN_POINT('Ctrl Pts',(-0.164691358023255,0.0930533957046942,
-0.159075564212259));
#6997=CARTESIAN_POINT('Ctrl Pts',(-0.161604938270156,0.159132713108546,
-0.0931105446009826));
#6998=CARTESIAN_POINT('Ctrl Pts',(-0.160061728393623,0.178403328409194,
-0.0467164612930252));
#6999=CARTESIAN_POINT('Ctrl Pts',(-0.156878858023244,0.178486674801593,
0.0496362401238396));
#7000=CARTESIAN_POINT('Ctrl Pts',(-0.155239197529433,0.156697734733087,
0.0989239928947809));
#7001=CARTESIAN_POINT('Ctrl Pts',(-0.151959876541755,0.0831462511134934,
0.165703066189147));
#7002=CARTESIAN_POINT('Ctrl Pts',(-0.150320216047972,0.0319569546666165,
0.182670355890054));
#7003=CARTESIAN_POINT('Ctrl Pts',(-0.147040895060254,-0.0669885462287813,
0.173011362189716));
#7004=CARTESIAN_POINT('Ctrl Pts',(-0.145401234566427,-0.113970942694508,
0.146457964195351));
#7005=CARTESIAN_POINT('Ctrl Pts',(-0.142121913578835,-0.173304524814074,
0.0666000432129407));
#7006=CARTESIAN_POINT('Ctrl Pts',(-0.140482253084984,-0.185189723585718,
0.0139182709463003));
#7007=CARTESIAN_POINT('Ctrl Pts',(-0.137202932097315,-0.165850925587506,
-0.0837445975198412));
#7008=CARTESIAN_POINT('Ctrl Pts',(-0.135563271603503,-0.134775528297082,
-0.127961656927406));
#7009=CARTESIAN_POINT('Ctrl Pts',(-0.132283950615834,-0.0493635090740463,
-0.179255766739501));
#7010=CARTESIAN_POINT('Ctrl Pts',(-0.130644290122015,0.00430672510417832,
-0.18592953833168));
#7011=CARTESIAN_POINT('Ctrl Pts',(-0.127364969134359,0.0997409332211275,
-0.157069623841409));
#7012=CARTESIAN_POINT('Ctrl Pts',(-0.125725308640543,0.14075804250286,-0.121759035642836));
#7013=CARTESIAN_POINT('Ctrl Pts',(-0.122445987652867,0.183494591604456,
-0.031601038779897));
#7014=CARTESIAN_POINT('Ctrl Pts',(-0.120806327159041,0.184877532876489,
0.0225426498556292));
#7015=CARTESIAN_POINT('Ctrl Pts',(-0.117527006171406,0.14674755318562,0.114820958414448));
#7016=CARTESIAN_POINT('Ctrl Pts',(-0.115887345677579,0.107530290146534,
0.15223314229041));
#7017=CARTESIAN_POINT('Ctrl Pts',(-0.112608024689905,0.0134825741789621,
0.185975156562159));
#7018=CARTESIAN_POINT('Ctrl Pts',(-0.110968364196089,-0.0406135097433159,
0.18203870789787));
#7019=CARTESIAN_POINT('Ctrl Pts',(-0.107689043208432,-0.128836476607816,
0.134979918944596));
#7020=CARTESIAN_POINT('Ctrl Pts',(-0.1060493827146,-0.162272393622314,0.0922231521993465));
#7021=CARTESIAN_POINT('Ctrl Pts',(-0.102770061726958,-0.186668466121982,
-0.00481801695546442));
#7022=CARTESIAN_POINT('Ctrl Pts',(-0.101130401233115,-0.177435333255463,
-0.0583443997590648));
#7023=CARTESIAN_POINT('Ctrl Pts',(-0.0978510802454813,-0.121876159119458,
-0.141649145529611));
#7024=CARTESIAN_POINT('Ctrl Pts',(-0.0962114197516404,-0.0759822800517706,
-0.170774770609248));
#7025=CARTESIAN_POINT('Ctrl Pts',(-0.0929320987639931,0.0231246093676658,
-0.185562700568804));
#7026=CARTESIAN_POINT('Ctrl Pts',(-0.0912924382701622,0.0755631962871574,
-0.171106782342787));
#7027=CARTESIAN_POINT('Ctrl Pts',(-0.0880131172825082,0.153131841848671,
-0.107558927910182));
#7028=CARTESIAN_POINT('Ctrl Pts',(-0.0863734567886994,0.17765379889482,
-0.0589617632363105));
#7029=CARTESIAN_POINT('Ctrl Pts',(-0.0830941358010081,0.182663379320794,
0.0412605153527646));
#7030=CARTESIAN_POINT('Ctrl Pts',(-0.0814544753071991,0.163109200663075,
0.0921022279001319));
#7031=CARTESIAN_POINT('Ctrl Pts',(-0.0781751543195454,0.0921629486023542,
0.163169921365317));
#7032=CARTESIAN_POINT('Ctrl Pts',(-0.0765354938257437,0.0413236609319395,
0.182838432672779));
#7033=CARTESIAN_POINT('Ctrl Pts',(-0.0732561728380379,-0.0590501900639048,
0.177993357176118));
#7034=CARTESIAN_POINT('Ctrl Pts',(-0.0716165123442261,-0.107799907893162,
0.153515011362853));
#7035=CARTESIAN_POINT('Ctrl Pts',(-0.0683371913565926,-0.171662362194928,
0.0758337465352587));
#7036=CARTESIAN_POINT('Ctrl Pts',(-0.0666975308627375,-0.186273785093928,
0.02323645913836));
#7037=CARTESIAN_POINT('Ctrl Pts',(-0.0634182098751182,-0.171592653009942,
-0.0763209306413405));
#7038=CARTESIAN_POINT('Ctrl Pts',(-0.0617785493812638,-0.142412262038558,
-0.12250231266866));
#7039=CARTESIAN_POINT('Ctrl Pts',(-0.058499228393629,-0.0587262740617535,
-0.178522779553185));
#7040=CARTESIAN_POINT('Ctrl Pts',(-0.0568595678997905,-0.00487346133925665,
-0.187921704586671));
#7041=CARTESIAN_POINT('Ctrl Pts',(-0.0535802469121393,0.0929045527109067,
-0.163518112098412));
#7042=CARTESIAN_POINT('Ctrl Pts',(-0.0519405864183126,0.136064690554157,
-0.129903818678444));
#7043=CARTESIAN_POINT('Ctrl Pts',(-0.0486612654306543,0.183680301968826,
-0.0410034404895791));
#7044=CARTESIAN_POINT('Ctrl Pts',(-0.0470216049368192,0.187761191076707,
0.0135888719716078));
#7045=CARTESIAN_POINT('Ctrl Pts',(-0.0437422839491847,0.153842904866519,
0.108639027981371));
#7046=CARTESIAN_POINT('Ctrl Pts',(-0.0421026234553527,0.116106414104012,
0.148352886266437));
#7047=CARTESIAN_POINT('Ctrl Pts',(-0.0388233024676882,0.0228345609426864,
0.187080300060692));
#7048=CARTESIAN_POINT('Ctrl Pts',(-0.037183641973886,-0.0319726189911745,
0.185788647631509));
#7049=CARTESIAN_POINT('Ctrl Pts',(-0.033904320986192,-0.123370066998578,
0.142655866438246));
#7050=CARTESIAN_POINT('Ctrl Pts',(-0.032264660492401,-0.159244667013643,
0.101149559694841));
#7051=CARTESIAN_POINT('Ctrl Pts',(-0.028985339504714,-0.188684960412042,
0.00439373891346192));
#7052=CARTESIAN_POINT('Ctrl Pts',(-0.0273456790108887,-0.182017964629448,
-0.0501001112395195));
#7053=CARTESIAN_POINT('Ctrl Pts',(-0.0240663580232633,-0.130060682924491,
-0.136952631598984));
#7054=CARTESIAN_POINT('Ctrl Pts',(-0.0224266975294118,-0.0851743305289188,
-0.168630937134619));
#7055=CARTESIAN_POINT('Ctrl Pts',(-0.0191473765417774,0.014141802041358,
-0.188473698556532));
#7056=CARTESIAN_POINT('Ctrl Pts',(-0.0175077160479703,0.0677956506078888,
-0.176480435162023));
#7057=CARTESIAN_POINT('Ctrl Pts',(-0.0142283950602558,0.14925236223311,
-0.11617493188649));
#7058=CARTESIAN_POINT('Ctrl Pts',(-0.0125887345664656,0.176416829214997,
-0.0683320353349905));
#7059=CARTESIAN_POINT('Ctrl Pts',(-0.00930941357879752,0.186443406630376,
0.0325934214840877));
#7060=CARTESIAN_POINT('Ctrl Pts',(-0.00766975308496023,0.169224502017753,
0.0848872122146443));
#7061=CARTESIAN_POINT('Ctrl Pts',(-0.00439043209733991,0.101128985832438,
0.160146906132854));
#7062=CARTESIAN_POINT('Ctrl Pts',(-0.00275077160347099,0.0507827837802846,
0.182522660785679));
#7063=CARTESIAN_POINT('Ctrl Pts',(0.000528549384133771,-0.0507827837803043,
0.182608532826412));
#7064=CARTESIAN_POINT('Ctrl Pts',(0.00216820987800023,-0.10120811657751,
0.160315338212314));
#7065=CARTESIAN_POINT('Ctrl Pts',(0.00544753086562557,-0.169527133190459,
0.0850647889685479));
#7066=CARTESIAN_POINT('Ctrl Pts',(0.00708719135948602,-0.186884746972273,
0.0326939646655268));
#7067=CARTESIAN_POINT('Ctrl Pts',(0.0103665123471026,-0.177000991411038,
-0.0685335817005788));
#7068=CARTESIAN_POINT('Ctrl Pts',(0.0120061728409514,-0.149834264654,-0.11659865484499));
#7069=CARTESIAN_POINT('Ctrl Pts',(0.0152854938286002,-0.0681345186714298,
-0.177298227481999));
#7070=CARTESIAN_POINT('Ctrl Pts',(0.0169251543224385,-0.0142386494781004,
-0.189456060835348));
#7071=CARTESIAN_POINT('Ctrl Pts',(0.020204475310076,0.0856732452703768,
-0.169669903695104));
#7072=CARTESIAN_POINT('Ctrl Pts',(0.0218441358039306,0.130907651241422,
-0.137878010115641));
#7073=CARTESIAN_POINT('Ctrl Pts',(0.0251234567915471,0.183380643533923,
-0.0504991442988954));
#7074=CARTESIAN_POINT('Ctrl Pts',(0.0267631172853923,0.190206734589281,
0.00440606345818187));
#7075=CARTESIAN_POINT('Ctrl Pts',(0.0300424382730482,0.160681171987947,
0.10203461931997));
#7076=CARTESIAN_POINT('Ctrl Pts',(0.0316820987668586,0.124557820225212,
0.143993947444886));
#7077=CARTESIAN_POINT('Ctrl Pts',(0.0349614197545449,0.0323268969832814,
0.187710917706791));
#7078=CARTESIAN_POINT('Ctrl Pts',(0.0366010802483715,-0.0230607484142879,
0.189124396403528));
#7079=CARTESIAN_POINT('Ctrl Pts',(0.0398804012359947,-0.117457593409089,
0.150116890188597));
#7080=CARTESIAN_POINT('Ctrl Pts',(0.0415200617298447,-0.155727794326893,
0.109998423667267));
#7081=CARTESIAN_POINT('Ctrl Pts',(0.0447993827174848,-0.190242326447201,
0.0137916649495496));
#7082=CARTESIAN_POINT('Ctrl Pts',(0.0464390432112939,-0.186214339077167,
-0.0415453789339726));
#7083=CARTESIAN_POINT('Ctrl Pts',(0.0497183641989985,-0.138074596246644,
-0.131790668262262));
#7084=CARTESIAN_POINT('Ctrl Pts',(0.0513580246928061,-0.0943368651838998,
-0.165992137343506));
#7085=CARTESIAN_POINT('Ctrl Pts',(0.0546373456804493,0.00492867033124482,
-0.190945384611329));
#7086=CARTESIAN_POINT('Ctrl Pts',(0.0562770061742573,0.0596810651733444,
-0.181499518475288));
#7087=CARTESIAN_POINT('Ctrl Pts',(0.0595563271619609,0.144892443361949,
-0.124666373287281));
#7088=CARTESIAN_POINT('Ctrl Pts',(0.0611959876557343,0.17468378285006,-0.0777212162879615));
#7089=CARTESIAN_POINT('Ctrl Pts',(0.064475308643447,0.189808178599039,0.0236539412366508));
#7090=CARTESIAN_POINT('Ctrl Pts',(0.0661149691372275,0.175020381279079,
0.0772917851044217));
#7091=CARTESIAN_POINT('Ctrl Pts',(0.0693942901249167,0.11001780765474,0.156633011129817));
#7092=CARTESIAN_POINT('Ctrl Pts',(0.0710339506187276,0.060309175816475,
0.18171443373041));
#7093=CARTESIAN_POINT('Ctrl Pts',(0.0743132716063796,-0.0422034279585833,
0.18683653061775));
#7094=CARTESIAN_POINT('Ctrl Pts',(0.0759529321001883,-0.0942060928664107,
0.166834523217479));
#7095=CARTESIAN_POINT('Ctrl Pts',(0.0792322530878819,-0.166895243919873,
0.0942668135687546));
#7096=CARTESIAN_POINT('Ctrl Pts',(0.0808719135817038,-0.187011583969718,
0.0422665735389572));
#7097=CARTESIAN_POINT('Ctrl Pts',(0.0841512345693293,-0.182053992011723,
-0.0603976026453132));
#7098=CARTESIAN_POINT('Ctrl Pts',(0.0857908950631609,-0.15701618064362,
-0.110258787638004));
#7099=CARTESIAN_POINT('Ctrl Pts',(0.0890702160508351,-0.0775623353528676,
-0.175575961130963));
#7100=CARTESIAN_POINT('Ctrl Pts',(0.0907098765446355,-0.0237657910073412,
-0.190519263124129));
#7101=CARTESIAN_POINT('Ctrl Pts',(0.0939891975323236,0.0780598668775727,
-0.175501665250782));
#7102=CARTESIAN_POINT('Ctrl Pts',(0.0956288580261442,0.12529252683632,-0.145655559871085));
#7103=CARTESIAN_POINT('Ctrl Pts',(0.0989081790137777,0.182586964773198,
-0.0600629394758074));
#7104=CARTESIAN_POINT('Ctrl Pts',(0.100547839507615,0.192198623075464,-0.00498411471344163));
#7105=CARTESIAN_POINT('Ctrl Pts',(0.103827160495271,0.167237855820147,0.0950182656939065));
#7106=CARTESIAN_POINT('Ctrl Pts',(0.105466820989123,0.132858010331042,0.139159367857139));
#7107=CARTESIAN_POINT('Ctrl Pts',(0.108746141976726,0.0419353096820417,
0.187855933147211));
#7108=CARTESIAN_POINT('Ctrl Pts',(0.110385802470607,-0.0138979627435281,
0.19202836096123));
#7109=CARTESIAN_POINT('Ctrl Pts',(0.113665123458205,-0.111107161500811,
0.157337556903507));
#7110=CARTESIAN_POINT('Ctrl Pts',(0.115304783952046,-0.151722223269473,
0.118743049098444));
#7111=CARTESIAN_POINT('Ctrl Pts',(0.118584104939728,-0.191327163587683,
0.0233526595015326));
#7112=CARTESIAN_POINT('Ctrl Pts',(0.120223765433518,-0.190004973733977,
-0.0326984771942355));
#7113=CARTESIAN_POINT('Ctrl Pts',(0.12350308642122,-0.145891771380121,-0.126168851581318));
#7114=CARTESIAN_POINT('Ctrl Pts',(0.125142746915045,-0.103443245792185,
-0.162856215160636));
#7115=CARTESIAN_POINT('Ctrl Pts',(0.128422067902655,-0.00449307726892143,
-0.192962156669201));
#7116=CARTESIAN_POINT('Ctrl Pts',(0.130061728396529,0.051235746464979,-0.186142841423466));
#7117=CARTESIAN_POINT('Ctrl Pts',(0.133341049384134,0.140055113416969,-0.133006677238887));
#7118=CARTESIAN_POINT('Ctrl Pts',(0.134980709877987,0.172449915242043,-0.087102978279661));
#7119=CARTESIAN_POINT('Ctrl Pts',(0.138260030865639,0.192740035806344,0.0144621805734024));
#7120=CARTESIAN_POINT('Ctrl Pts',(0.139899691359458,0.180474137830237,0.0693301260660549));
#7121=CARTESIAN_POINT('Ctrl Pts',(0.143179012347131,0.118802644036658,0.152628662692115));
#7122=CARTESIAN_POINT('Ctrl Pts',(0.14481867284094,0.069877070806008,0.180406458436339));
#7123=CARTESIAN_POINT('Ctrl Pts',(0.148097993828612,-0.03333043148226,0.190657797712579));
#7124=CARTESIAN_POINT('Ctrl Pts',(0.149737654322438,-0.0868057500681061,
0.173048569020395));
#7125=CARTESIAN_POINT('Ctrl Pts',(0.153016975310077,-0.163764509613708,
0.103413109513806));
#7126=CARTESIAN_POINT('Ctrl Pts',(0.154650768102627,-0.186644365156996,
0.0521151629698002));
#7127=CARTESIAN_POINT('Ctrl Pts',(0.156296296297739,-0.186687454830825,
-2.28249959116073E-14));
#7128=CARTESIAN_POINT('Ctrl Pts',(-0.139556879128681,-0.178380662899866,
-0.0134479612083846));
#7129=CARTESIAN_POINT('Ctrl Pts',(-0.139318783616651,-0.177874015686843,
-0.0206503253405733));
#7130=CARTESIAN_POINT('Ctrl Pts',(-0.139080688104622,-0.176924420445733,
-0.0278223384605795));
#7131=CARTESIAN_POINT('Ctrl Pts',(-0.137202932098758,-0.165850925589821,
-0.0837445975210104));
#7132=CARTESIAN_POINT('Ctrl Pts',(-0.135563271604946,-0.134775528298963,
-0.127961656929192));
#7133=CARTESIAN_POINT('Ctrl Pts',(-0.132283950617277,-0.0493635090747347,
-0.179255766742002));
#7134=CARTESIAN_POINT('Ctrl Pts',(-0.130644290123458,0.00430672510423854,
-0.185929538334273));
#7135=CARTESIAN_POINT('Ctrl Pts',(-0.127364969135802,0.099740933222518,
-0.157069623843598));
#7136=CARTESIAN_POINT('Ctrl Pts',(-0.125725308641986,0.140758042504822,
-0.121759035644533));
#7137=CARTESIAN_POINT('Ctrl Pts',(-0.12244598765431,0.183494591607012,-0.031601038780337));
#7138=CARTESIAN_POINT('Ctrl Pts',(-0.120806327160484,0.184877532879063,
0.0225426498559433));
#7139=CARTESIAN_POINT('Ctrl Pts',(-0.117527006172849,0.146747553187663,
0.114820958416046));
#7140=CARTESIAN_POINT('Ctrl Pts',(-0.115887345679022,0.10753029014803,0.152233142292529));
#7141=CARTESIAN_POINT('Ctrl Pts',(-0.112608024691348,0.0134825741791495,
0.185975156564746));
#7142=CARTESIAN_POINT('Ctrl Pts',(-0.110968364197532,-0.0406135097438808,
0.182038707900401));
#7143=CARTESIAN_POINT('Ctrl Pts',(-0.107689043209875,-0.128836476609607,
0.134979918946472));
#7144=CARTESIAN_POINT('Ctrl Pts',(-0.106049382716043,-0.162272393624569,
0.0922231522006279));
#7145=CARTESIAN_POINT('Ctrl Pts',(-0.102770061728401,-0.186668466124575,
-0.0048180169555315));
#7146=CARTESIAN_POINT('Ctrl Pts',(-0.101130401234558,-0.177435333257927,
-0.0583443997598751));
#7147=CARTESIAN_POINT('Ctrl Pts',(-0.0978510802469239,-0.121876159121149,
-0.141649145531577));
#7148=CARTESIAN_POINT('Ctrl Pts',(-0.096211419753083,-0.0759822800528248,
-0.170774770611618));
#7149=CARTESIAN_POINT('Ctrl Pts',(-0.0929320987654357,0.0231246093679867,
-0.185562700571378));
#7150=CARTESIAN_POINT('Ctrl Pts',(-0.0912924382716049,0.0755631962882053,
-0.171106782345159));
#7151=CARTESIAN_POINT('Ctrl Pts',(-0.0880131172839508,0.153131841850793,
-0.107558927911673));
#7152=CARTESIAN_POINT('Ctrl Pts',(-0.086373456790142,0.177653798897282,
-0.0589617632371273));
#7153=CARTESIAN_POINT('Ctrl Pts',(-0.0830941358024508,0.182663379323324,
0.0412605153533362));
#7154=CARTESIAN_POINT('Ctrl Pts',(-0.0814544753086417,0.163109200665333,
0.0921022279014073));
#7155=CARTESIAN_POINT('Ctrl Pts',(-0.078175154320988,0.0921629486036296,
0.163169921367575));
#7156=CARTESIAN_POINT('Ctrl Pts',(-0.0765354938271863,0.0413236609325111,
0.182838432675309));
#7157=CARTESIAN_POINT('Ctrl Pts',(-0.0732561728394805,-0.0590501900647216,
0.17799335717858));
#7158=CARTESIAN_POINT('Ctrl Pts',(-0.0716165123456687,-0.107799907894653,
0.153515011364975));
#7159=CARTESIAN_POINT('Ctrl Pts',(-0.0683371913580352,-0.1716623621973,
0.0758337465363066));
#7160=CARTESIAN_POINT('Ctrl Pts',(-0.0666975308641801,-0.186273785096502,
0.0232364591386809));
#7161=CARTESIAN_POINT('Ctrl Pts',(-0.0634182098765608,-0.171592653012312,
-0.0763209306423947));
#7162=CARTESIAN_POINT('Ctrl Pts',(-0.0617785493827064,-0.142412262040524,
-0.122502312670351));
#7163=CARTESIAN_POINT('Ctrl Pts',(-0.0584992283950716,-0.0587262740625638,
-0.178522779555649));
#7164=CARTESIAN_POINT('Ctrl Pts',(-0.0568595679012331,-0.00487346133932373,
-0.187921704589264));
#7165=CARTESIAN_POINT('Ctrl Pts',(-0.0535802469135819,0.0929045527121881,
-0.163518112100667));
#7166=CARTESIAN_POINT('Ctrl Pts',(-0.0519405864197552,0.136064690556033,
-0.129903818680235));
#7167=CARTESIAN_POINT('Ctrl Pts',(-0.0486612654320969,0.183680301971357,
-0.041003440490144));
#7168=CARTESIAN_POINT('Ctrl Pts',(-0.0470216049382618,0.187761191079294,
0.0135888719717952));
#7169=CARTESIAN_POINT('Ctrl Pts',(-0.0437422839506273,0.153842904868637,
0.108639027982867));
#7170=CARTESIAN_POINT('Ctrl Pts',(-0.0421026234567953,0.11610641410561,
0.14835288626848));
#7171=CARTESIAN_POINT('Ctrl Pts',(-0.0388233024691308,0.0228345609430005,
0.187080300063267));
#7172=CARTESIAN_POINT('Ctrl Pts',(-0.0371836419753286,-0.0319726189916145,
0.185788647634065));
#7173=CARTESIAN_POINT('Ctrl Pts',(-0.0339043209876346,-0.123370067000275,
0.142655866440208));
#7174=CARTESIAN_POINT('Ctrl Pts',(-0.0322646604938436,-0.159244667015832,
0.101149559696231));
#7175=CARTESIAN_POINT('Ctrl Pts',(-0.0289853395061566,-0.188684960414635,
0.00439373891352214));
#7176=CARTESIAN_POINT('Ctrl Pts',(-0.0273456790123313,-0.182017964631949,
-0.0501001112402079));
#7177=CARTESIAN_POINT('Ctrl Pts',(-0.0240663580247059,-0.130060682926277,
-0.136952631600865));
#7178=CARTESIAN_POINT('Ctrl Pts',(-0.0224266975308544,-0.085174330530088,
-0.168630937136934));
#7179=CARTESIAN_POINT('Ctrl Pts',(-0.01914737654322,0.0141418020415522,
-0.188473698559118));
#7180=CARTESIAN_POINT('Ctrl Pts',(-0.0175077160494129,0.067795650608819,
-0.176480435164444));
#7181=CARTESIAN_POINT('Ctrl Pts',(-0.0142283950616984,0.149252362235157,
-0.116174931888083));
#7182=CARTESIAN_POINT('Ctrl Pts',(-0.0125887345679082,0.176416829217416,
-0.0683320353359271));
#7183=CARTESIAN_POINT('Ctrl Pts',(-0.00930941358024015,0.186443406632931,
0.0325934214845345));
#7184=CARTESIAN_POINT('Ctrl Pts',(-0.00766975308640286,0.169224502020071,
0.0848872122158073));
#7185=CARTESIAN_POINT('Ctrl Pts',(-0.00439043209878254,0.101128985833823,
0.160146906135047));
#7186=CARTESIAN_POINT('Ctrl Pts',(-0.00275077160491362,0.0507827837809796,
0.182522660788178));
#7187=CARTESIAN_POINT('Ctrl Pts',(0.000528549382691138,-0.0507827837809993,
0.182608532828911));
#7188=CARTESIAN_POINT('Ctrl Pts',(0.0021682098765576,-0.101208116578895,
0.160315338214507));
#7189=CARTESIAN_POINT('Ctrl Pts',(0.00544753086418294,-0.169527133192777,
0.0850647889697109));
#7190=CARTESIAN_POINT('Ctrl Pts',(0.00708719135804339,-0.186884746974828,
0.0326939646659736));
#7191=CARTESIAN_POINT('Ctrl Pts',(0.01036651234566,-0.177000991413457,-0.0685335817015154));
#7192=CARTESIAN_POINT('Ctrl Pts',(0.0120061728395088,-0.149834264656047,
-0.116598654846583));
#7193=CARTESIAN_POINT('Ctrl Pts',(0.0152854938271576,-0.06813451867236,
-0.17729822748442));
#7194=CARTESIAN_POINT('Ctrl Pts',(0.0169251543209959,-0.0142386494782946,
-0.189456060837934));
#7195=CARTESIAN_POINT('Ctrl Pts',(0.0202044753086334,0.085673245271546,
-0.169669903697419));
#7196=CARTESIAN_POINT('Ctrl Pts',(0.021844135802488,0.130907651243208,-0.137878010117522));
#7197=CARTESIAN_POINT('Ctrl Pts',(0.0251234567901045,0.183380643536424,
-0.0504991442995838));
#7198=CARTESIAN_POINT('Ctrl Pts',(0.0267631172839497,0.190206734591874,
0.00440606345824209));
#7199=CARTESIAN_POINT('Ctrl Pts',(0.0300424382716056,0.160681171990136,
0.10203461932136));
#7200=CARTESIAN_POINT('Ctrl Pts',(0.031682098765416,0.124557820226909,0.143993947446848));
#7201=CARTESIAN_POINT('Ctrl Pts',(0.0349614197531023,0.0323268969837214,
0.187710917709347));
#7202=CARTESIAN_POINT('Ctrl Pts',(0.0366010802469289,-0.023060748414602,
0.189124396406103));
#7203=CARTESIAN_POINT('Ctrl Pts',(0.0398804012345521,-0.117457593410687,
0.15011689019064));
#7204=CARTESIAN_POINT('Ctrl Pts',(0.0415200617284021,-0.155727794329012,
0.109998423668763));
#7205=CARTESIAN_POINT('Ctrl Pts',(0.0447993827160422,-0.190242326449788,
0.013791664949737));
#7206=CARTESIAN_POINT('Ctrl Pts',(0.0464390432098513,-0.186214339079698,
-0.0415453789345375));
#7207=CARTESIAN_POINT('Ctrl Pts',(0.0497183641975559,-0.13807459624852,
-0.131790668264053));
#7208=CARTESIAN_POINT('Ctrl Pts',(0.0513580246913635,-0.0943368651851812,
-0.165992137345761));
#7209=CARTESIAN_POINT('Ctrl Pts',(0.0546373456790067,0.0049286703313119,
-0.190945384613922));
#7210=CARTESIAN_POINT('Ctrl Pts',(0.0562770061728147,0.0596810651741547,
-0.181499518477752));
#7211=CARTESIAN_POINT('Ctrl Pts',(0.0595563271605183,0.144892443363915,
-0.124666373288972));
#7212=CARTESIAN_POINT('Ctrl Pts',(0.0611959876542917,0.17468378285243,-0.0777212162890157));
#7213=CARTESIAN_POINT('Ctrl Pts',(0.0644753086420044,0.189808178601613,
0.0236539412369717));
#7214=CARTESIAN_POINT('Ctrl Pts',(0.0661149691357849,0.175020381281451,
0.0772917851054696));
#7215=CARTESIAN_POINT('Ctrl Pts',(0.0693942901234741,0.110017807656231,
0.156633011131939));
#7216=CARTESIAN_POINT('Ctrl Pts',(0.071033950617285,0.0603091758172918,
0.181714433732872));
#7217=CARTESIAN_POINT('Ctrl Pts',(0.074313271604937,-0.0422034279591549,
0.18683653062028));
#7218=CARTESIAN_POINT('Ctrl Pts',(0.0759529320987457,-0.0942060928676861,
0.166834523219737));
#7219=CARTESIAN_POINT('Ctrl Pts',(0.0792322530864393,-0.166895243922131,
0.09426681357003));
#7220=CARTESIAN_POINT('Ctrl Pts',(0.0808719135802612,-0.187011583972248,
0.0422665735395288));
#7221=CARTESIAN_POINT('Ctrl Pts',(0.0841512345678867,-0.182053992014185,
-0.06039760264613));
#7222=CARTESIAN_POINT('Ctrl Pts',(0.0857908950617183,-0.157016180645742,
-0.110258787639495));
#7223=CARTESIAN_POINT('Ctrl Pts',(0.0890702160493925,-0.0775623353539155,
-0.175575961133335));
#7224=CARTESIAN_POINT('Ctrl Pts',(0.0907098765431929,-0.0237657910076621,
-0.190519263126703));
#7225=CARTESIAN_POINT('Ctrl Pts',(0.093989197530881,0.0780598668786269,
-0.175501665253152));
#7226=CARTESIAN_POINT('Ctrl Pts',(0.0956288580247016,0.125292526838011,
-0.145655559873051));
#7227=CARTESIAN_POINT('Ctrl Pts',(0.0989081790123351,0.182586964775662,
-0.0600629394766177));
#7228=CARTESIAN_POINT('Ctrl Pts',(0.100547839506172,0.192198623078057,-0.00498411471350871));
#7229=CARTESIAN_POINT('Ctrl Pts',(0.103827160493828,0.167237855822402,0.0950182656951878));
#7230=CARTESIAN_POINT('Ctrl Pts',(0.10546682098768,0.132858010332833,0.139159367859015));
#7231=CARTESIAN_POINT('Ctrl Pts',(0.108746141975283,0.0419353096826066,
0.187855933149742));
#7232=CARTESIAN_POINT('Ctrl Pts',(0.110385802469164,-0.0138979627437155,
0.192028360963817));
#7233=CARTESIAN_POINT('Ctrl Pts',(0.113665123456762,-0.111107161502307,
0.157337556905625));
#7234=CARTESIAN_POINT('Ctrl Pts',(0.115304783950603,-0.151722223271516,
0.118743049100042));
#7235=CARTESIAN_POINT('Ctrl Pts',(0.117314356486853,-0.17599218667653,0.0602876835293293));
#7236=CARTESIAN_POINT('Ctrl Pts',(0.117684268529258,-0.179384505802236,
0.0491022234290221));
#7237=CARTESIAN_POINT('Ctrl Pts',(0.118054180571663,-0.181706131809248,
0.0376943901647119));
#7238=CARTESIAN_POINT('Ctrl Pts',(-0.190925925925926,0.177473889836758,
-1.84807461753262E-15));
#7239=CARTESIAN_POINT('Ctrl Pts',(-0.189378412677615,0.177514412898706,
0.0465921210472773));
#7240=CARTESIAN_POINT('Ctrl Pts',(-0.187839506172846,0.158426570221789,
0.0926737095480067));
#7241=CARTESIAN_POINT('Ctrl Pts',(-0.184753086419747,0.0927308584442545,
0.158483719118032));
#7242=CARTESIAN_POINT('Ctrl Pts',(-0.183209876543185,0.0465260318975278,
0.177675941701429));
#7243=CARTESIAN_POINT('Ctrl Pts',(-0.180123456790149,-0.0465260318975253,
0.177756762445591));
#7244=CARTESIAN_POINT('Ctrl Pts',(-0.178580246913563,-0.0928002716006324,
0.158642901552724));
#7245=CARTESIAN_POINT('Ctrl Pts',(-0.175493827160511,-0.158700050448985,
0.0928574204968963));
#7246=CARTESIAN_POINT('Ctrl Pts',(-0.173950617283956,-0.177918403938206,
0.0465895083630972));
#7247=CARTESIAN_POINT('Ctrl Pts',(-0.170864197530859,-0.177999224682318,
-0.0465895083630955));
#7248=CARTESIAN_POINT('Ctrl Pts',(-0.169320987654357,-0.158859232883657,
-0.0929268336532731));
#7249=CARTESIAN_POINT('Ctrl Pts',(-0.166234567901199,-0.0929839825495408,
-0.158916381779922));
#7250=CARTESIAN_POINT('Ctrl Pts',(-0.164691358024685,-0.0466529848284125,
-0.178160866174953));
#7251=CARTESIAN_POINT('Ctrl Pts',(-0.161604938271611,0.0466529848284115,
-0.178241686919074));
#7252=CARTESIAN_POINT('Ctrl Pts',(-0.160061728395068,0.0930533957059985,
-0.159075564214488));
#7253=CARTESIAN_POINT('Ctrl Pts',(-0.156975308641969,0.159132713110775,
-0.0931105446022869));
#7254=CARTESIAN_POINT('Ctrl Pts',(-0.155432098765437,0.178403328411693,
-0.0467164612936794));
#7255=CARTESIAN_POINT('Ctrl Pts',(-0.152249228395057,0.178486674804092,
0.0496362401245347));
#7256=CARTESIAN_POINT('Ctrl Pts',(-0.150609567901247,0.15669773473528,0.0989239928961656));
#7257=CARTESIAN_POINT('Ctrl Pts',(-0.147330246913568,0.0831462511146564,
0.165703066191465));
#7258=CARTESIAN_POINT('Ctrl Pts',(-0.145690586419785,0.0319569546670649,
0.182670355892609));
#7259=CARTESIAN_POINT('Ctrl Pts',(-0.142411265432067,-0.0669885462297194,
0.173011362192135));
#7260=CARTESIAN_POINT('Ctrl Pts',(-0.14077160493824,-0.113970942696101,
0.146457964197411));
#7261=CARTESIAN_POINT('Ctrl Pts',(-0.137492283950649,-0.173304524816494,
0.0666000432138582));
#7262=CARTESIAN_POINT('Ctrl Pts',(-0.135852623456798,-0.185189723588304,
0.0139182709464945));
#7263=CARTESIAN_POINT('Ctrl Pts',(-0.132573302469129,-0.165850925589821,
-0.0837445975210104));
#7264=CARTESIAN_POINT('Ctrl Pts',(-0.130933641975316,-0.134775528298963,
-0.127961656929192));
#7265=CARTESIAN_POINT('Ctrl Pts',(-0.127654320987647,-0.0493635090747347,
-0.179255766742002));
#7266=CARTESIAN_POINT('Ctrl Pts',(-0.126014660493828,0.00430672510423854,
-0.185929538334273));
#7267=CARTESIAN_POINT('Ctrl Pts',(-0.122735339506172,0.099740933222518,
-0.157069623843598));
#7268=CARTESIAN_POINT('Ctrl Pts',(-0.121095679012357,0.140758042504822,
-0.121759035644532));
#7269=CARTESIAN_POINT('Ctrl Pts',(-0.117816358024681,0.183494591607012,
-0.031601038780337));
#7270=CARTESIAN_POINT('Ctrl Pts',(-0.116176697530854,0.184877532879063,
0.0225426498559433));
#7271=CARTESIAN_POINT('Ctrl Pts',(-0.11289737654322,0.146747553187663,0.114820958416046));
#7272=CARTESIAN_POINT('Ctrl Pts',(-0.111257716049393,0.107530290148024,
0.152233142292529));
#7273=CARTESIAN_POINT('Ctrl Pts',(-0.107978395061719,0.0134825741791558,
0.185975156564746));
#7274=CARTESIAN_POINT('Ctrl Pts',(-0.106338734567903,-0.0406135097438808,
0.182038707900401));
#7275=CARTESIAN_POINT('Ctrl Pts',(-0.103059413580246,-0.128836476609607,
0.134979918946472));
#7276=CARTESIAN_POINT('Ctrl Pts',(-0.101419753086414,-0.162272393624569,
0.0922231522006279));
#7277=CARTESIAN_POINT('Ctrl Pts',(-0.0981404320987716,-0.186668466124575,
-0.00481801695553151));
#7278=CARTESIAN_POINT('Ctrl Pts',(-0.0965007716049282,-0.177435333257927,
-0.0583443997598751));
#7279=CARTESIAN_POINT('Ctrl Pts',(-0.0932214506172943,-0.121876159121149,
-0.141649145531577));
#7280=CARTESIAN_POINT('Ctrl Pts',(-0.0915817901234534,-0.0759822800528216,
-0.170774770611618));
#7281=CARTESIAN_POINT('Ctrl Pts',(-0.088302469135806,0.0231246093679835,
-0.185562700571378));
#7282=CARTESIAN_POINT('Ctrl Pts',(-0.0866628086419753,0.0755631962881926,
-0.171106782345147));
#7283=CARTESIAN_POINT('Ctrl Pts',(-0.0833834876543212,0.153131841850806,
-0.107558927911686));
#7284=CARTESIAN_POINT('Ctrl Pts',(-0.0817438271605123,0.177653798897282,
-0.0589617632371273));
#7285=CARTESIAN_POINT('Ctrl Pts',(-0.0784645061728212,0.182663379323324,
0.0412605153533362));
#7286=CARTESIAN_POINT('Ctrl Pts',(-0.076824845679012,0.163109200665333,
0.0921022279013945));
#7287=CARTESIAN_POINT('Ctrl Pts',(-0.0735455246913584,0.0921629486036296,
0.163169921367588));
#7288=CARTESIAN_POINT('Ctrl Pts',(-0.0719058641975567,0.0413236609325103,
0.182838432675309));
#7289=CARTESIAN_POINT('Ctrl Pts',(-0.0686265432098509,-0.0590501900647208,
0.17799335717858));
#7290=CARTESIAN_POINT('Ctrl Pts',(-0.066986882716039,-0.107799907894653,
0.153515011364975));
#7291=CARTESIAN_POINT('Ctrl Pts',(-0.0637075617284055,-0.1716623621973,
0.0758337465363066));
#7292=CARTESIAN_POINT('Ctrl Pts',(-0.0620679012345505,-0.186273785096502,
0.0232364591386809));
#7293=CARTESIAN_POINT('Ctrl Pts',(-0.0587885802469312,-0.171592653012312,
-0.0763209306423947));
#7294=CARTESIAN_POINT('Ctrl Pts',(-0.0571489197530768,-0.142412262040524,
-0.122502312670339));
#7295=CARTESIAN_POINT('Ctrl Pts',(-0.053869598765442,-0.0587262740625638,
-0.178522779555662));
#7296=CARTESIAN_POINT('Ctrl Pts',(-0.0522299382716035,-0.00487346133932374,
-0.187921704589264));
#7297=CARTESIAN_POINT('Ctrl Pts',(-0.0489506172839523,0.0929045527121881,
-0.163518112100667));
#7298=CARTESIAN_POINT('Ctrl Pts',(-0.0473109567901255,0.136064690556033,
-0.129903818680235));
#7299=CARTESIAN_POINT('Ctrl Pts',(-0.0440316358024673,0.183680301971357,
-0.041003440490144));
#7300=CARTESIAN_POINT('Ctrl Pts',(-0.0423919753086322,0.187761191079294,
0.0135888719718016));
#7301=CARTESIAN_POINT('Ctrl Pts',(-0.0391126543209977,0.153842904868637,
0.10863902798286));
#7302=CARTESIAN_POINT('Ctrl Pts',(-0.0374729938271656,0.11610641410561,
0.14835288626848));
#7303=CARTESIAN_POINT('Ctrl Pts',(-0.0341936728395011,0.0228345609430005,
0.187080300063267));
#7304=CARTESIAN_POINT('Ctrl Pts',(-0.0325540123456989,-0.0319726189916145,
0.185788647634065));
#7305=CARTESIAN_POINT('Ctrl Pts',(-0.0292746913580049,-0.123370067000275,
0.142655866440208));
#7306=CARTESIAN_POINT('Ctrl Pts',(-0.027635030864214,-0.159244667015832,
0.101149559696231));
#7307=CARTESIAN_POINT('Ctrl Pts',(-0.024355709876527,-0.188684960414635,
0.00439373891352212));
#7308=CARTESIAN_POINT('Ctrl Pts',(-0.0227160493827017,-0.182017964631948,
-0.0501001112402079));
#7309=CARTESIAN_POINT('Ctrl Pts',(-0.0194367283950763,-0.130060682926277,
-0.136952631600865));
#7310=CARTESIAN_POINT('Ctrl Pts',(-0.0177970679012248,-0.085174330530088,
-0.168630937136934));
#7311=CARTESIAN_POINT('Ctrl Pts',(-0.0145177469135903,0.0141418020415522,
-0.188473698559118));
#7312=CARTESIAN_POINT('Ctrl Pts',(-0.0128780864197832,0.067795650608819,
-0.176480435164457));
#7313=CARTESIAN_POINT('Ctrl Pts',(-0.00959876543206879,0.149252362235157,
-0.11617493188807));
#7314=CARTESIAN_POINT('Ctrl Pts',(-0.00795910493827857,0.176416829217416,
-0.0683320353359271));
#7315=CARTESIAN_POINT('Ctrl Pts',(-0.00467978395061051,0.186443406632931,
0.0325934214845345));
#7316=CARTESIAN_POINT('Ctrl Pts',(-0.00304012345677323,0.169224502020071,
0.0848872122157944));
#7317=CARTESIAN_POINT('Ctrl Pts',(0.000239197530847098,0.101128985833822,
0.160146906135059));
#7318=CARTESIAN_POINT('Ctrl Pts',(0.00187885802471602,0.0507827837809796,
0.182522660788178));
#7319=CARTESIAN_POINT('Ctrl Pts',(0.00515817901232077,-0.0507827837809993,
0.182608532828911));
#7320=CARTESIAN_POINT('Ctrl Pts',(0.00679783950618724,-0.101208116578895,
0.160315338214494));
#7321=CARTESIAN_POINT('Ctrl Pts',(0.0100771604938126,-0.169527133192777,
0.0850647889697238));
#7322=CARTESIAN_POINT('Ctrl Pts',(0.011716820987673,-0.186884746974828,
0.032693964665972));
#7323=CARTESIAN_POINT('Ctrl Pts',(0.0149961419752897,-0.177000991413457,
-0.0685335817015138));
#7324=CARTESIAN_POINT('Ctrl Pts',(0.0166358024691385,-0.149834264656034,
-0.116598654846583));
#7325=CARTESIAN_POINT('Ctrl Pts',(0.0199151234567872,-0.0681345186723728,
-0.17729822748442));
#7326=CARTESIAN_POINT('Ctrl Pts',(0.0215547839506255,-0.0142386494782914,
-0.189456060837934));
#7327=CARTESIAN_POINT('Ctrl Pts',(0.024834104938263,0.0856732452715428,
-0.169669903697419));
#7328=CARTESIAN_POINT('Ctrl Pts',(0.0264737654321176,0.130907651243208,
-0.137878010117522));
#7329=CARTESIAN_POINT('Ctrl Pts',(0.0297530864197341,0.183380643536424,
-0.0504991442995838));
#7330=CARTESIAN_POINT('Ctrl Pts',(0.0313927469135793,0.190206734591874,
0.00440606345824208));
#7331=CARTESIAN_POINT('Ctrl Pts',(0.0346720679012352,0.160681171990135,
0.10203461932136));
#7332=CARTESIAN_POINT('Ctrl Pts',(0.0363117283950456,0.124557820226909,
0.143993947446822));
#7333=CARTESIAN_POINT('Ctrl Pts',(0.0395910493827319,0.0323268969837214,
0.187710917709373));
#7334=CARTESIAN_POINT('Ctrl Pts',(0.0412307098765586,-0.0230607484146085,
0.189124396406103));
#7335=CARTESIAN_POINT('Ctrl Pts',(0.0445100308641817,-0.11745759341068,
0.15011689019064));
#7336=CARTESIAN_POINT('Ctrl Pts',(0.0461496913580317,-0.155727794329012,
0.109998423668763));
#7337=CARTESIAN_POINT('Ctrl Pts',(0.0494290123456719,-0.190242326449788,
0.013791664949737));
#7338=CARTESIAN_POINT('Ctrl Pts',(0.0510686728394809,-0.186214339079698,
-0.0415453789345375));
#7339=CARTESIAN_POINT('Ctrl Pts',(0.0543479938271855,-0.13807459624852,
-0.131790668264053));
#7340=CARTESIAN_POINT('Ctrl Pts',(0.0559876543209931,-0.0943368651851811,
-0.165992137345787));
#7341=CARTESIAN_POINT('Ctrl Pts',(0.0592669753086363,0.0049286703313119,
-0.190945384613896));
#7342=CARTESIAN_POINT('Ctrl Pts',(0.0609066358024443,0.0596810651741547,
-0.181499518477765));
#7343=CARTESIAN_POINT('Ctrl Pts',(0.064185956790148,0.144892443363915,-0.124666373288959));
#7344=CARTESIAN_POINT('Ctrl Pts',(0.0658256172839213,0.17468378285243,-0.0777212162890157));
#7345=CARTESIAN_POINT('Ctrl Pts',(0.0691049382716341,0.189808178601613,
0.0236539412369717));
#7346=CARTESIAN_POINT('Ctrl Pts',(0.0707445987654145,0.175020381281463,
0.0772917851054696));
#7347=CARTESIAN_POINT('Ctrl Pts',(0.0740239197531038,0.110017807656218,
0.156633011131939));
#7348=CARTESIAN_POINT('Ctrl Pts',(0.0756635802469147,0.0603091758172918,
0.181714433732872));
#7349=CARTESIAN_POINT('Ctrl Pts',(0.0789429012345666,-0.0422034279591549,
0.18683653062028));
#7350=CARTESIAN_POINT('Ctrl Pts',(0.0805825617283754,-0.0942060928676861,
0.166834523219737));
#7351=CARTESIAN_POINT('Ctrl Pts',(0.083861882716069,-0.166895243922131,
0.09426681357003));
#7352=CARTESIAN_POINT('Ctrl Pts',(0.0855015432098908,-0.187011583972248,
0.042266573539528));
#7353=CARTESIAN_POINT('Ctrl Pts',(0.0887808641975163,-0.182053992014185,
-0.0603976026461292));
#7354=CARTESIAN_POINT('Ctrl Pts',(0.0904205246913479,-0.157016180645742,
-0.110258787639495));
#7355=CARTESIAN_POINT('Ctrl Pts',(0.0936998456790222,-0.0775623353539155,
-0.175575961133335));
#7356=CARTESIAN_POINT('Ctrl Pts',(0.0953395061728226,-0.0237657910076621,
-0.190519263126703));
#7357=CARTESIAN_POINT('Ctrl Pts',(0.0986188271605106,0.0780598668786269,
-0.175501665253151));
#7358=CARTESIAN_POINT('Ctrl Pts',(0.100258487654331,0.125292526838011,-0.145655559873051));
#7359=CARTESIAN_POINT('Ctrl Pts',(0.103537808641965,0.182586964775662,-0.0600629394766177));
#7360=CARTESIAN_POINT('Ctrl Pts',(0.105177469135801,0.192198623078057,-0.00498411471350872));
#7361=CARTESIAN_POINT('Ctrl Pts',(0.108456790123457,0.167237855822402,0.0950182656951878));
#7362=CARTESIAN_POINT('Ctrl Pts',(0.110096450617309,0.132858010332833,0.139159367859015));
#7363=CARTESIAN_POINT('Ctrl Pts',(0.113375771604913,0.0419353096826066,
0.187855933149742));
#7364=CARTESIAN_POINT('Ctrl Pts',(0.115015432098793,-0.0138979627437221,
0.192028360963817));
#7365=CARTESIAN_POINT('Ctrl Pts',(0.118294753086391,-0.1111071615023,0.157337556905625));
#7366=CARTESIAN_POINT('Ctrl Pts',(0.119934413580233,-0.151722223271516,
0.118743049100042));
#7367=CARTESIAN_POINT('Ctrl Pts',(0.123213734567915,-0.191327163590257,
0.0233526595018466));
#7368=CARTESIAN_POINT('Ctrl Pts',(0.124853395061704,-0.190004973736533,
-0.0326984771946755));
#7369=CARTESIAN_POINT('Ctrl Pts',(0.128132716049406,-0.145891771382083,
-0.126168851583015));
#7370=CARTESIAN_POINT('Ctrl Pts',(0.129772376543232,-0.103443245793582,
-0.162856215162825));
#7371=CARTESIAN_POINT('Ctrl Pts',(0.133051697530842,-0.00449307726897513,
-0.192962156671794));
#7372=CARTESIAN_POINT('Ctrl Pts',(0.134691358024716,0.0512357464656674,
-0.186142841425967));
#7373=CARTESIAN_POINT('Ctrl Pts',(0.137970679012321,0.14005511341885,-0.133006677240673));
#7374=CARTESIAN_POINT('Ctrl Pts',(0.139610339506174,0.172449915244358,-0.087102978280827));
#7375=CARTESIAN_POINT('Ctrl Pts',(0.142889660493826,0.19274003580893,0.0144621805735933));
#7376=CARTESIAN_POINT('Ctrl Pts',(0.144529320987645,0.180474137832658,0.0693301260669851));
#7377=CARTESIAN_POINT('Ctrl Pts',(0.147808641975318,0.118802644038251,0.152628662694162));
#7378=CARTESIAN_POINT('Ctrl Pts',(0.149448302469127,0.069877070806943,0.180406458438758));
#7379=CARTESIAN_POINT('Ctrl Pts',(0.152727623456799,-0.0333304314827052,
0.190657797715134));
#7380=CARTESIAN_POINT('Ctrl Pts',(0.154367283950625,-0.0868057500692559,
0.173048569022726));
#7381=CARTESIAN_POINT('Ctrl Pts',(0.157646604938264,-0.163764509615914,
0.103413109515178));
#7382=CARTESIAN_POINT('Ctrl Pts',(0.159280397730813,-0.186644365159495,
0.0521151629705075));
#7383=CARTESIAN_POINT('Ctrl Pts',(0.160925925925926,-0.186687454833324,
-2.28249959119128E-14));
#7384=CARTESIAN_POINT('Ctrl Pts',(-0.176781619797733,0.201972546688596,
-2.10318451529374E-15));
#7385=CARTESIAN_POINT('Ctrl Pts',(-0.175234102267859,0.202013069862612,
0.0530238861112611));
#7386=CARTESIAN_POINT('Ctrl Pts',(-0.173695200044653,0.180284930940246,
0.105461681609343));
#7387=CARTESIAN_POINT('Ctrl Pts',(-0.170608780291554,0.105518830505591,
0.180342079836489));
#7388=CARTESIAN_POINT('Ctrl Pts',(-0.169065570414992,0.0529397652250256,
0.202174598553267));
#7389=CARTESIAN_POINT('Ctrl Pts',(-0.165979150661956,-0.0529397652250227,
0.202255419297429));
#7390=CARTESIAN_POINT('Ctrl Pts',(-0.164435940785371,-0.105588243661899,
0.180501262271251));
#7391=CARTESIAN_POINT('Ctrl Pts',(-0.161349521032318,-0.180558411167511,
0.105645392558164));
#7392=CARTESIAN_POINT('Ctrl Pts',(-0.159806311155764,-0.202417060790044,
0.0530032416907053));
#7393=CARTESIAN_POINT('Ctrl Pts',(-0.156719891402666,-0.202497881534156,
-0.0530032416907033));
#7394=CARTESIAN_POINT('Ctrl Pts',(-0.155176681526164,-0.180717593602251,
-0.105714805714473));
#7395=CARTESIAN_POINT('Ctrl Pts',(-0.152090261773006,-0.105771954610741,
-0.180774742498516));
#7396=CARTESIAN_POINT('Ctrl Pts',(-0.150547051896504,-0.0530667181560958,
-0.202659523026791));
#7397=CARTESIAN_POINT('Ctrl Pts',(-0.147460632143407,0.0530667181560946,
-0.202740343770913));
#7398=CARTESIAN_POINT('Ctrl Pts',(-0.145917422266875,0.105841367767147,
-0.180933924933133));
#7399=CARTESIAN_POINT('Ctrl Pts',(-0.142831002513776,0.18099107382942,-0.105898516663436));
#7400=CARTESIAN_POINT('Ctrl Pts',(-0.141287792637244,0.202901985263531,
-0.0531301946214309));
#7401=CARTESIAN_POINT('Ctrl Pts',(-0.138104922266864,0.202985331655931,
0.0564508317852707));
#7402=CARTESIAN_POINT('Ctrl Pts',(-0.136465261773054,0.178199306485774,
0.112499900206783));
#7403=CARTESIAN_POINT('Ctrl Pts',(-0.133185940785375,0.0945492641453145,
0.188431773608956));
#7404=CARTESIAN_POINT('Ctrl Pts',(-0.131546280291579,0.0363374439199182,
0.207718991802661));
#7405=CARTESIAN_POINT('Ctrl Pts',(-0.128266959303887,-0.0761716120556375,
0.196724104527948));
#7406=CARTESIAN_POINT('Ctrl Pts',(-0.12662729881006,-0.129589000877885,
0.16652532839102));
#7407=CARTESIAN_POINT('Ctrl Pts',(-0.123347977822443,-0.197041478023823,
0.0757203447155263));
#7408=CARTESIAN_POINT('Ctrl Pts',(-0.121708317328605,-0.210547106499812,
0.0158224712853529));
#7409=CARTESIAN_POINT('Ctrl Pts',(-0.118428996340936,-0.188549386738178,
-0.0952076995682445));
#7410=CARTESIAN_POINT('Ctrl Pts',(-0.116789335847123,-0.153215425248666,
-0.145471455544124));
#7411=CARTESIAN_POINT('Ctrl Pts',(-0.113510014859454,-0.0561132655581875,
-0.203772365903872));
#7412=CARTESIAN_POINT('Ctrl Pts',(-0.111870354365635,0.00489715216963249,
-0.211351462787986));
#7413=CARTESIAN_POINT('Ctrl Pts',(-0.108591033377979,0.113373675551932,
-0.178535205215457));
#7414=CARTESIAN_POINT('Ctrl Pts',(-0.106951372884164,0.159990952620426,
-0.138393879062384));
#7415=CARTESIAN_POINT('Ctrl Pts',(-0.103672051896488,0.208554728471343,
-0.0359152464008929));
#7416=CARTESIAN_POINT('Ctrl Pts',(-0.102032391402662,0.210119171845536,
0.025622018190174));
#7417=CARTESIAN_POINT('Ctrl Pts',(-0.0987530704150269,0.166773529500051,
0.130492050266608));
#7418=CARTESIAN_POINT('Ctrl Pts',(-0.0971134099211998,0.12219987739838,
0.173003940470665));
#7419=CARTESIAN_POINT('Ctrl Pts',(-0.0938340889335258,0.0153196847590428,
0.211337488314217));
#7420=CARTESIAN_POINT('Ctrl Pts',(-0.0921944284397098,-0.0461521633465675,
0.206856970597901));
#7421=CARTESIAN_POINT('Ctrl Pts',(-0.0889151074520529,-0.146394996800074,
0.153373429100191));
#7422=CARTESIAN_POINT('Ctrl Pts',(-0.0872754469582209,-0.184381045724312,
0.104786207139081));
#7423=CARTESIAN_POINT('Ctrl Pts',(-0.0839961259705787,-0.212088739639975,
-0.00547569579548979));
#7424=CARTESIAN_POINT('Ctrl Pts',(-0.0823564654767353,-0.201591206249647,
-0.0662889983690881));
#7425=CARTESIAN_POINT('Ctrl Pts',(-0.0790771444891014,-0.138460063558491,
-0.160925995914051));
#7426=CARTESIAN_POINT('Ctrl Pts',(-0.077437483995267,-0.0863178135926463,
-0.194008358227441));
#7427=CARTESIAN_POINT('Ctrl Pts',(-0.0741581630076067,0.0262707438210308,
-0.210796104722608));
#7428=CARTESIAN_POINT('Ctrl Pts',(-0.0725185025137825,0.0858372290763402,
-0.194367631369318));
#7429=CARTESIAN_POINT('Ctrl Pts',(-0.0692391815261283,0.17394137581833,
-0.122173514567149));
#7430=CARTESIAN_POINT('Ctrl Pts',(-0.0675995210323065,0.201788569879731,
-0.0669702385403991));
#7431=CARTESIAN_POINT('Ctrl Pts',(-0.0643202000446413,0.207466902634366,
0.0468648064248792));
#7432=CARTESIAN_POINT('Ctrl Pts',(-0.0626805395508192,0.185251011030119,
0.104606750316402));
#7433=CARTESIAN_POINT('Ctrl Pts',(-0.0594012185631655,0.104667471018636,
0.185311731732376));
#7434=CARTESIAN_POINT('Ctrl Pts',(-0.0577615580693638,0.0469279520041366,
0.20764195598637));
#7435=CARTESIAN_POINT('Ctrl Pts',(-0.0544822370816581,-0.0670586653680788,
0.20212812816101));
#7436=CARTESIAN_POINT('Ctrl Pts',(-0.0528425765878462,-0.122414494550014,
0.174324545332646));
#7437=CARTESIAN_POINT('Ctrl Pts',(-0.0495632556002127,-0.194923211221575,
0.0861077793243062));
#7438=CARTESIAN_POINT('Ctrl Pts',(-0.0479235951063706,-0.211507189247759,
0.0263825935920109));
#7439=CARTESIAN_POINT('Ctrl Pts',(-0.0446442741187253,-0.194826240628106,
-0.0866564641825048));
#7440=CARTESIAN_POINT('Ctrl Pts',(-0.0430046136248839,-0.161689112423378,
-0.139086217107421));
#7441=CARTESIAN_POINT('Ctrl Pts',(-0.0397252926372492,-0.0666708726713952,
-0.202678652547642));
#7442=CARTESIAN_POINT('Ctrl Pts',(-0.0380856321434106,-0.00553114017975892,
-0.213341978104778));
#7443=CARTESIAN_POINT('Ctrl Pts',(-0.0348063111557594,0.105467607651121,
-0.185626764200295));
#7444=CARTESIAN_POINT('Ctrl Pts',(-0.0331666506619327,0.154458200709436,
-0.14746233887126));
#7445=CARTESIAN_POINT('Ctrl Pts',(-0.0298873296742745,0.208498564669174,
-0.0465420940922697));
#7446=CARTESIAN_POINT('Ctrl Pts',(-0.0282476691804393,0.213123522829021,
0.0154259825510207));
#7447=CARTESIAN_POINT('Ctrl Pts',(-0.0249683481928048,0.174613703046516,
0.123308615233887));
#7448=CARTESIAN_POINT('Ctrl Pts',(-0.0233286876989728,0.131777505956881,
0.168378862580559));
#7449=CARTESIAN_POINT('Ctrl Pts',(-0.0200493667113083,0.0259139292765191,
0.21232193903005));
#7450=CARTESIAN_POINT('Ctrl Pts',(-0.0184097062174931,-0.0362868266114334,
0.210848784498751));
#7451=CARTESIAN_POINT('Ctrl Pts',(-0.0151303852298251,-0.140004910418866,
0.161888776555455));
#7452=CARTESIAN_POINT('Ctrl Pts',(-0.0134907247360081,-0.180710248387396,
0.11478230202659));
#7453=CARTESIAN_POINT('Ctrl Pts',(-0.0102114037483472,-0.214106884868644,
0.00498416597796865));
#7454=CARTESIAN_POINT('Ctrl Pts',(-0.00857174325450884,-0.206534563794345,
-0.056849867722746));
#7455=CARTESIAN_POINT('Ctrl Pts',(-0.0052924222668834,-0.14757048154068,
-0.155392528551485));
#7456=CARTESIAN_POINT('Ctrl Pts',(-0.00365276177304498,-0.096637432578443,
-0.191329398285069));
#7457=CARTESIAN_POINT('Ctrl Pts',(-0.000373440785384435,0.016046002381534,
-0.213831081470849));
#7458=CARTESIAN_POINT('Ctrl Pts',(0.0012662197084096,0.0769159521094499,
-0.200217388372541));
#7459=CARTESIAN_POINT('Ctrl Pts',(0.00454554069612405,0.169319726429805,
-0.131792990069097));
#7460=CARTESIAN_POINT('Ctrl Pts',(0.00618520118991428,0.200129571553074,
-0.0775151011632301));
#7461=CARTESIAN_POINT('Ctrl Pts',(0.00946452217758234,0.211492042543138,
0.0369739107387755));
#7462=CARTESIAN_POINT('Ctrl Pts',(0.0111041826714196,0.191953209438515,
0.0962902252454271));
#7463=CARTESIAN_POINT('Ctrl Pts',(0.0143835036590399,0.114704893143486,
0.181648477886581));
#7464=CARTESIAN_POINT('Ctrl Pts',(0.0160231641529088,0.057597375443263,
0.207021317640016));
#7465=CARTESIAN_POINT('Ctrl Pts',(0.0193024851405136,-0.0575973754432853,
0.207107189680749));
#7466=CARTESIAN_POINT('Ctrl Pts',(0.0209421456343801,-0.114784023888518,
0.181816909966091));
#7467=CARTESIAN_POINT('Ctrl Pts',(0.0242214666220054,-0.192255840611265,
0.0964678019992773));
#7468=CARTESIAN_POINT('Ctrl Pts',(0.0258611271158659,-0.211933382885008,
0.0370744539203639));
#7469=CARTESIAN_POINT('Ctrl Pts',(0.0291404481034825,-0.200713733749142,
-0.0777166475289734));
#7470=CARTESIAN_POINT('Ctrl Pts',(0.0307801085973313,-0.1699016288509,-0.132216713027458));
#7471=CARTESIAN_POINT('Ctrl Pts',(0.0340594295849801,-0.0772548201727812,
-0.201035180692658));
#7472=CARTESIAN_POINT('Ctrl Pts',(0.0356990900788184,-0.0161428498185958,
-0.214813443749707));
#7473=CARTESIAN_POINT('Ctrl Pts',(0.0389784110664559,0.0971363473202254,
-0.192368364845511));
#7474=CARTESIAN_POINT('Ctrl Pts',(0.0406180715603105,0.148417449857328,
-0.156317907068551));
#7475=CARTESIAN_POINT('Ctrl Pts',(0.0438973925479269,0.207897242699106,
-0.057248900781708));
#7476=CARTESIAN_POINT('Ctrl Pts',(0.0455370530417722,0.215628659046104,
0.00499649052206086));
#7477=CARTESIAN_POINT('Ctrl Pts',(0.0488163740294281,0.182146753361477,
0.115667361652352));
#7478=CARTESIAN_POINT('Ctrl Pts',(0.0504560345232385,0.141192663646138,
0.163226857561807));
#7479=CARTESIAN_POINT('Ctrl Pts',(0.0537353555109248,0.0366411046028969,
0.212771054574323));
#7480=CARTESIAN_POINT('Ctrl Pts',(0.0553750160047514,-0.0261401167473443,
0.214366035373224));
#7481=CARTESIAN_POINT('Ctrl Pts',(0.0586543369923746,-0.133128685262738,
0.17014286650238));
#7482=CARTESIAN_POINT('Ctrl Pts',(0.0602939974862114,-0.176498592506646,
0.124668010920535));
#7483=CARTESIAN_POINT('Ctrl Pts',(0.0635733184738779,-0.215604658199761,
0.0156287755282049));
#7484=CARTESIAN_POINT('Ctrl Pts',(0.0652129789676738,-0.211032601778007,
-0.0470840325357703));
#7485=CARTESIAN_POINT('Ctrl Pts',(0.0684922999553784,-0.156468106401428,
-0.149349188455976));
#7486=CARTESIAN_POINT('Ctrl Pts',(0.0701319604491859,-0.106899920125145,
-0.188100789445147));
#7487=CARTESIAN_POINT('Ctrl Pts',(0.0734112814368291,0.00558634917278343,
-0.21636565812968));
#7488=CARTESIAN_POINT('Ctrl Pts',(0.0750509419306372,0.0676256637821525,
-0.205655391470301));
#7489=CARTESIAN_POINT('Ctrl Pts',(0.0783302629183408,0.164169293747606,
-0.141250277725483));
#7490=CARTESIAN_POINT('Ctrl Pts',(0.0799699234121142,0.197917370468059,
-0.0880567498303353));
#7491=CARTESIAN_POINT('Ctrl Pts',(0.0832492443998269,0.215041582753036,
0.0268000756915167));
#7492=CARTESIAN_POINT('Ctrl Pts',(0.0848889048936074,0.198281230306601,
0.0875658178924015));
#7493=CARTESIAN_POINT('Ctrl Pts',(0.0881682258812966,0.124632394310713,
0.177442545100681));
#7494=CARTESIAN_POINT('Ctrl Pts',(0.0898078863751075,0.0683176511218874,
0.205849204715247));
#7495=CARTESIAN_POINT('Ctrl Pts',(0.0930872073627594,-0.0478077190320246,
0.211640053931396));
#7496=CARTESIAN_POINT('Ctrl Pts',(0.0947268678565682,-0.106710615281678,
0.188976333585552));
#7497=CARTESIAN_POINT('Ctrl Pts',(0.0980061888442618,-0.189037054287937,
0.106771335984005));
#7498=CARTESIAN_POINT('Ctrl Pts',(0.0996458493380969,-0.21181510728341,
0.0478708646126368));
#7499=CARTESIAN_POINT('Ctrl Pts',(0.102925170325696,-0.206188762996514,
-0.0684060779509727));
#7500=CARTESIAN_POINT('Ctrl Pts',(0.104564830819541,-0.177825714614567,
-0.124873374293902));
#7501=CARTESIAN_POINT('Ctrl Pts',(0.107844151807215,-0.0878363681407591,
-0.198836810158565));
#7502=CARTESIAN_POINT('Ctrl Pts',(0.109483812301015,-0.0269119254624804,
-0.215752667278208));
#7503=CARTESIAN_POINT('Ctrl Pts',(0.112763133288703,0.0883954004202285,
-0.198735252868697));
#7504=CARTESIAN_POINT('Ctrl Pts',(0.114402793782524,0.141876431274268,-0.164932410257128));
#7505=CARTESIAN_POINT('Ctrl Pts',(0.117682114770158,0.206742837768469,-0.0680075380842232));
#7506=CARTESIAN_POINT('Ctrl Pts',(0.119321775263994,0.217618896593903,-0.00564179355522395));
#7507=CARTESIAN_POINT('Ctrl Pts',(0.12260109625165,0.189346507921698,0.107581320635403));
#7508=CARTESIAN_POINT('Ctrl Pts',(0.124240756745502,0.150416530525041,0.157552878011802));
#7509=CARTESIAN_POINT('Ctrl Pts',(0.127520077733105,0.0474739632835466,
0.212674195848176));
#7510=CARTESIAN_POINT('Ctrl Pts',(0.129159738226986,-0.0157350733217272,
0.217390692713952));
#7511=CARTESIAN_POINT('Ctrl Pts',(0.132439059214584,-0.125776748754544,
0.178108355083095));
#7512=CARTESIAN_POINT('Ctrl Pts',(0.134078719708426,-0.171748199583,0.134414140952735));
#7513=CARTESIAN_POINT('Ctrl Pts',(0.137358040696108,-0.216568802557635,
0.0264320278339419));
#7514=CARTESIAN_POINT('Ctrl Pts',(0.138997701189897,-0.215065110601874,
-0.0370126848130904));
#7515=CARTESIAN_POINT('Ctrl Pts',(0.142277022177599,-0.165124681496673,
-0.142803695003012));
#7516=CARTESIAN_POINT('Ctrl Pts',(0.143916682671425,-0.11707598812528,-0.184321796533964));
#7517=CARTESIAN_POINT('Ctrl Pts',(0.147196003659035,-0.00508350433207893,
-0.218384081126228));
#7518=CARTESIAN_POINT('Ctrl Pts',(0.148835664152909,0.0579855029470201,
-0.210659440589134));
#7519=CARTESIAN_POINT('Ctrl Pts',(0.152114985140514,0.158495010370657,-0.150516475854305));
#7520=CARTESIAN_POINT('Ctrl Pts',(0.153754645634367,0.195148376392239,-0.0985660803306223));
#7521=CARTESIAN_POINT('Ctrl Pts',(0.157033966622018,0.218097418720915,0.016366380915018));
#7522=CARTESIAN_POINT('Ctrl Pts',(0.158673627115838,0.204211091041713,0.0784504275663571));
#7523=CARTESIAN_POINT('Ctrl Pts',(0.161952948103511,0.134420702218305,0.172696026890071));
#7524=CARTESIAN_POINT('Ctrl Pts',(0.16359260859732,0.0790601366356157,0.20411920077431));
#7525=CARTESIAN_POINT('Ctrl Pts',(0.166871929584992,-0.0377109207383186,
0.215706433625447));
#7526=CARTESIAN_POINT('Ctrl Pts',(0.168511590078818,-0.0982087630976376,
0.195777276442307));
#7527=CARTESIAN_POINT('Ctrl Pts',(0.171790911066457,-0.185266081368689,
0.116989016823702));
#7528=CARTESIAN_POINT('Ctrl Pts',(0.173424706215408,-0.211143022073067,
0.0589540572454501));
#7529=CARTESIAN_POINT('Ctrl Pts',(0.175070232054119,-0.211186111685162,
-2.5820278819325E-14));
#7530=CARTESIAN_POINT('Ctrl Pts',(-0.13965884373529,-0.133526608336241,
0.118889375318885));
#7531=CARTESIAN_POINT('Ctrl Pts',(-0.139483210638341,-0.137083511187781,
0.114929559277883));
#7532=CARTESIAN_POINT('Ctrl Pts',(-0.139307577541393,-0.140459959814602,
0.110806015328236));
#7533=CARTESIAN_POINT('Ctrl Pts',(-0.137492283950649,-0.173304524816494,
0.0666000432138582));
#7534=CARTESIAN_POINT('Ctrl Pts',(-0.135852623456798,-0.185189723588304,
0.0139182709464945));
#7535=CARTESIAN_POINT('Ctrl Pts',(-0.132573302469129,-0.165850925589821,
-0.0837445975210104));
#7536=CARTESIAN_POINT('Ctrl Pts',(-0.130933641975316,-0.134775528298963,
-0.127961656929192));
#7537=CARTESIAN_POINT('Ctrl Pts',(-0.127654320987647,-0.0493635090747347,
-0.179255766742002));
#7538=CARTESIAN_POINT('Ctrl Pts',(-0.126014660493828,0.00430672510423854,
-0.185929538334273));
#7539=CARTESIAN_POINT('Ctrl Pts',(-0.122735339506172,0.099740933222518,
-0.157069623843598));
#7540=CARTESIAN_POINT('Ctrl Pts',(-0.121095679012357,0.140758042504822,
-0.121759035644532));
#7541=CARTESIAN_POINT('Ctrl Pts',(-0.117816358024681,0.183494591607012,
-0.031601038780337));
#7542=CARTESIAN_POINT('Ctrl Pts',(-0.116176697530854,0.184877532879063,
0.0225426498559433));
#7543=CARTESIAN_POINT('Ctrl Pts',(-0.11289737654322,0.146747553187663,0.114820958416046));
#7544=CARTESIAN_POINT('Ctrl Pts',(-0.111257716049393,0.107530290148024,
0.152233142292529));
#7545=CARTESIAN_POINT('Ctrl Pts',(-0.107978395061719,0.0134825741791558,
0.185975156564746));
#7546=CARTESIAN_POINT('Ctrl Pts',(-0.106338734567903,-0.0406135097438808,
0.182038707900401));
#7547=CARTESIAN_POINT('Ctrl Pts',(-0.103059413580246,-0.128836476609607,
0.134979918946472));
#7548=CARTESIAN_POINT('Ctrl Pts',(-0.101419753086414,-0.162272393624569,
0.0922231522006279));
#7549=CARTESIAN_POINT('Ctrl Pts',(-0.0981404320987716,-0.186668466124575,
-0.00481801695553151));
#7550=CARTESIAN_POINT('Ctrl Pts',(-0.0965007716049282,-0.177435333257927,
-0.0583443997598751));
#7551=CARTESIAN_POINT('Ctrl Pts',(-0.0932214506172943,-0.121876159121149,
-0.141649145531577));
#7552=CARTESIAN_POINT('Ctrl Pts',(-0.0915817901234534,-0.0759822800528216,
-0.170774770611618));
#7553=CARTESIAN_POINT('Ctrl Pts',(-0.088302469135806,0.0231246093679835,
-0.185562700571378));
#7554=CARTESIAN_POINT('Ctrl Pts',(-0.0866628086419753,0.0755631962881926,
-0.171106782345147));
#7555=CARTESIAN_POINT('Ctrl Pts',(-0.0833834876543212,0.153131841850806,
-0.107558927911686));
#7556=CARTESIAN_POINT('Ctrl Pts',(-0.0817438271605123,0.177653798897282,
-0.0589617632371273));
#7557=CARTESIAN_POINT('Ctrl Pts',(-0.0784645061728212,0.182663379323324,
0.0412605153533362));
#7558=CARTESIAN_POINT('Ctrl Pts',(-0.076824845679012,0.163109200665333,
0.0921022279013945));
#7559=CARTESIAN_POINT('Ctrl Pts',(-0.0735455246913584,0.0921629486036296,
0.163169921367588));
#7560=CARTESIAN_POINT('Ctrl Pts',(-0.0719058641975567,0.0413236609325103,
0.182838432675309));
#7561=CARTESIAN_POINT('Ctrl Pts',(-0.0686265432098509,-0.0590501900647208,
0.17799335717858));
#7562=CARTESIAN_POINT('Ctrl Pts',(-0.066986882716039,-0.107799907894653,
0.153515011364975));
#7563=CARTESIAN_POINT('Ctrl Pts',(-0.0637075617284055,-0.1716623621973,
0.0758337465363066));
#7564=CARTESIAN_POINT('Ctrl Pts',(-0.0620679012345505,-0.186273785096502,
0.0232364591386809));
#7565=CARTESIAN_POINT('Ctrl Pts',(-0.0587885802469312,-0.171592653012312,
-0.0763209306423947));
#7566=CARTESIAN_POINT('Ctrl Pts',(-0.0571489197530768,-0.142412262040524,
-0.122502312670339));
#7567=CARTESIAN_POINT('Ctrl Pts',(-0.053869598765442,-0.0587262740625638,
-0.178522779555662));
#7568=CARTESIAN_POINT('Ctrl Pts',(-0.0522299382716035,-0.00487346133932374,
-0.187921704589264));
#7569=CARTESIAN_POINT('Ctrl Pts',(-0.0489506172839523,0.0929045527121881,
-0.163518112100667));
#7570=CARTESIAN_POINT('Ctrl Pts',(-0.0473109567901255,0.136064690556033,
-0.129903818680235));
#7571=CARTESIAN_POINT('Ctrl Pts',(-0.0440316358024673,0.183680301971357,
-0.041003440490144));
#7572=CARTESIAN_POINT('Ctrl Pts',(-0.0423919753086322,0.187761191079294,
0.0135888719718016));
#7573=CARTESIAN_POINT('Ctrl Pts',(-0.0391126543209977,0.153842904868637,
0.10863902798286));
#7574=CARTESIAN_POINT('Ctrl Pts',(-0.0374729938271656,0.11610641410561,
0.14835288626848));
#7575=CARTESIAN_POINT('Ctrl Pts',(-0.0341936728395011,0.0228345609430005,
0.187080300063267));
#7576=CARTESIAN_POINT('Ctrl Pts',(-0.0325540123456989,-0.0319726189916145,
0.185788647634065));
#7577=CARTESIAN_POINT('Ctrl Pts',(-0.0292746913580049,-0.123370067000275,
0.142655866440208));
#7578=CARTESIAN_POINT('Ctrl Pts',(-0.027635030864214,-0.159244667015832,
0.101149559696231));
#7579=CARTESIAN_POINT('Ctrl Pts',(-0.024355709876527,-0.188684960414635,
0.00439373891352212));
#7580=CARTESIAN_POINT('Ctrl Pts',(-0.0227160493827017,-0.182017964631948,
-0.0501001112402079));
#7581=CARTESIAN_POINT('Ctrl Pts',(-0.0194367283950763,-0.130060682926277,
-0.136952631600865));
#7582=CARTESIAN_POINT('Ctrl Pts',(-0.0177970679012248,-0.085174330530088,
-0.168630937136934));
#7583=CARTESIAN_POINT('Ctrl Pts',(-0.0145177469135903,0.0141418020415522,
-0.188473698559118));
#7584=CARTESIAN_POINT('Ctrl Pts',(-0.0128780864197832,0.067795650608819,
-0.176480435164457));
#7585=CARTESIAN_POINT('Ctrl Pts',(-0.00959876543206879,0.149252362235157,
-0.11617493188807));
#7586=CARTESIAN_POINT('Ctrl Pts',(-0.00795910493827857,0.176416829217416,
-0.0683320353359271));
#7587=CARTESIAN_POINT('Ctrl Pts',(-0.00467978395061051,0.186443406632931,
0.0325934214845345));
#7588=CARTESIAN_POINT('Ctrl Pts',(-0.00304012345677323,0.169224502020071,
0.0848872122157944));
#7589=CARTESIAN_POINT('Ctrl Pts',(0.000239197530847098,0.101128985833822,
0.160146906135059));
#7590=CARTESIAN_POINT('Ctrl Pts',(0.00187885802471602,0.0507827837809796,
0.182522660788178));
#7591=CARTESIAN_POINT('Ctrl Pts',(0.00515817901232077,-0.0507827837809993,
0.182608532828911));
#7592=CARTESIAN_POINT('Ctrl Pts',(0.00679783950618724,-0.101208116578895,
0.160315338214494));
#7593=CARTESIAN_POINT('Ctrl Pts',(0.0100771604938126,-0.169527133192777,
0.0850647889697238));
#7594=CARTESIAN_POINT('Ctrl Pts',(0.011716820987673,-0.186884746974828,
0.032693964665972));
#7595=CARTESIAN_POINT('Ctrl Pts',(0.0149961419752897,-0.177000991413457,
-0.0685335817015138));
#7596=CARTESIAN_POINT('Ctrl Pts',(0.0166358024691385,-0.149834264656034,
-0.116598654846583));
#7597=CARTESIAN_POINT('Ctrl Pts',(0.0199151234567872,-0.0681345186723728,
-0.17729822748442));
#7598=CARTESIAN_POINT('Ctrl Pts',(0.0215547839506255,-0.0142386494782914,
-0.189456060837934));
#7599=CARTESIAN_POINT('Ctrl Pts',(0.024834104938263,0.0856732452715428,
-0.169669903697419));
#7600=CARTESIAN_POINT('Ctrl Pts',(0.0264737654321176,0.130907651243208,
-0.137878010117522));
#7601=CARTESIAN_POINT('Ctrl Pts',(0.0297530864197341,0.183380643536424,
-0.0504991442995838));
#7602=CARTESIAN_POINT('Ctrl Pts',(0.0313927469135793,0.190206734591874,
0.00440606345824208));
#7603=CARTESIAN_POINT('Ctrl Pts',(0.0346720679012352,0.160681171990135,
0.10203461932136));
#7604=CARTESIAN_POINT('Ctrl Pts',(0.0363117283950456,0.124557820226909,
0.143993947446822));
#7605=CARTESIAN_POINT('Ctrl Pts',(0.0395910493827319,0.0323268969837214,
0.187710917709373));
#7606=CARTESIAN_POINT('Ctrl Pts',(0.0412307098765586,-0.0230607484146085,
0.189124396406103));
#7607=CARTESIAN_POINT('Ctrl Pts',(0.0445100308641817,-0.11745759341068,
0.15011689019064));
#7608=CARTESIAN_POINT('Ctrl Pts',(0.0461496913580317,-0.155727794329012,
0.109998423668763));
#7609=CARTESIAN_POINT('Ctrl Pts',(0.0494290123456719,-0.190242326449788,
0.013791664949737));
#7610=CARTESIAN_POINT('Ctrl Pts',(0.0510686728394809,-0.186214339079698,
-0.0415453789345375));
#7611=CARTESIAN_POINT('Ctrl Pts',(0.0543479938271855,-0.13807459624852,
-0.131790668264053));
#7612=CARTESIAN_POINT('Ctrl Pts',(0.0559876543209931,-0.0943368651851811,
-0.165992137345787));
#7613=CARTESIAN_POINT('Ctrl Pts',(0.0592669753086363,0.0049286703313119,
-0.190945384613896));
#7614=CARTESIAN_POINT('Ctrl Pts',(0.0609066358024443,0.0596810651741547,
-0.181499518477765));
#7615=CARTESIAN_POINT('Ctrl Pts',(0.064185956790148,0.144892443363915,-0.124666373288959));
#7616=CARTESIAN_POINT('Ctrl Pts',(0.0658256172839213,0.17468378285243,-0.0777212162890157));
#7617=CARTESIAN_POINT('Ctrl Pts',(0.0691049382716341,0.189808178601613,
0.0236539412369717));
#7618=CARTESIAN_POINT('Ctrl Pts',(0.0707445987654145,0.175020381281463,
0.0772917851054696));
#7619=CARTESIAN_POINT('Ctrl Pts',(0.0740239197531038,0.110017807656218,
0.156633011131939));
#7620=CARTESIAN_POINT('Ctrl Pts',(0.0756635802469147,0.0603091758172918,
0.181714433732872));
#7621=CARTESIAN_POINT('Ctrl Pts',(0.0789429012345666,-0.0422034279591549,
0.18683653062028));
#7622=CARTESIAN_POINT('Ctrl Pts',(0.0805825617283754,-0.0942060928676861,
0.166834523219737));
#7623=CARTESIAN_POINT('Ctrl Pts',(0.083861882716069,-0.166895243922131,
0.09426681357003));
#7624=CARTESIAN_POINT('Ctrl Pts',(0.0855015432098908,-0.187011583972248,
0.042266573539528));
#7625=CARTESIAN_POINT('Ctrl Pts',(0.0887808641975163,-0.182053992014185,
-0.0603976026461292));
#7626=CARTESIAN_POINT('Ctrl Pts',(0.0904205246913479,-0.157016180645742,
-0.110258787639495));
#7627=CARTESIAN_POINT('Ctrl Pts',(0.0936998456790222,-0.0775623353539155,
-0.175575961133335));
#7628=CARTESIAN_POINT('Ctrl Pts',(0.0953395061728226,-0.0237657910076621,
-0.190519263126703));
#7629=CARTESIAN_POINT('Ctrl Pts',(0.0986188271605106,0.0780598668786269,
-0.175501665253151));
#7630=CARTESIAN_POINT('Ctrl Pts',(0.100258487654331,0.125292526838011,-0.145655559873051));
#7631=CARTESIAN_POINT('Ctrl Pts',(0.103537808641965,0.182586964775662,-0.0600629394766177));
#7632=CARTESIAN_POINT('Ctrl Pts',(0.105177469135801,0.192198623078057,-0.00498411471350872));
#7633=CARTESIAN_POINT('Ctrl Pts',(0.108456790123457,0.167237855822402,0.0950182656951878));
#7634=CARTESIAN_POINT('Ctrl Pts',(0.110096450617309,0.132858010332833,0.139159367859015));
#7635=CARTESIAN_POINT('Ctrl Pts',(0.113375771604913,0.0419353096826066,
0.187855933149742));
#7636=CARTESIAN_POINT('Ctrl Pts',(0.115015432098793,-0.0138979627437221,
0.192028360963817));
#7637=CARTESIAN_POINT('Ctrl Pts',(0.117181480225933,-0.0781063167621519,
0.169114485974637));
#7638=CARTESIAN_POINT('Ctrl Pts',(0.117707867859278,-0.0928866443410173,
0.161356012847216));
#7639=CARTESIAN_POINT('Ctrl Pts',(0.118234255492626,-0.106419270579174,
0.151809492288338));
#7640=CARTESIAN_POINT('Ctrl Pts',(-0.195555555555556,0.177473889836758,
-1.84807461753262E-15));
#7641=CARTESIAN_POINT('Ctrl Pts',(-0.194008042307245,0.177514412898706,
0.0465921210472773));
#7642=CARTESIAN_POINT('Ctrl Pts',(-0.192469135802476,0.158426570221789,
0.0926737095480068));
#7643=CARTESIAN_POINT('Ctrl Pts',(-0.189382716049376,0.0927308584442545,
0.158483719118032));
#7644=CARTESIAN_POINT('Ctrl Pts',(-0.187839506172814,0.0465260318975277,
0.177675941701429));
#7645=CARTESIAN_POINT('Ctrl Pts',(-0.184753086419778,-0.0465260318975253,
0.177756762445591));
#7646=CARTESIAN_POINT('Ctrl Pts',(-0.183209876543193,-0.0928002716006325,
0.158642901552724));
#7647=CARTESIAN_POINT('Ctrl Pts',(-0.18012345679014,-0.158700050448985,
0.0928574204968963));
#7648=CARTESIAN_POINT('Ctrl Pts',(-0.178580246913586,-0.177918403938206,
0.0465895083630972));
#7649=CARTESIAN_POINT('Ctrl Pts',(-0.175493827160488,-0.177999224682318,
-0.0465895083630955));
#7650=CARTESIAN_POINT('Ctrl Pts',(-0.173950617283986,-0.158859232883657,
-0.0929268336532731));
#7651=CARTESIAN_POINT('Ctrl Pts',(-0.170864197530829,-0.0929839825495408,
-0.158916381779922));
#7652=CARTESIAN_POINT('Ctrl Pts',(-0.169320987654315,-0.0466529848284125,
-0.178160866174953));
#7653=CARTESIAN_POINT('Ctrl Pts',(-0.166234567901241,0.0466529848284115,
-0.178241686919075));
#7654=CARTESIAN_POINT('Ctrl Pts',(-0.164691358024698,0.0930533957059985,
-0.159075564214488));
#7655=CARTESIAN_POINT('Ctrl Pts',(-0.161604938271599,0.159132713110775,
-0.0931105446022869));
#7656=CARTESIAN_POINT('Ctrl Pts',(-0.160061728395066,0.178403328411693,
-0.0467164612936794));
#7657=CARTESIAN_POINT('Ctrl Pts',(-0.156878858024687,0.178486674804092,
0.0496362401245347));
#7658=CARTESIAN_POINT('Ctrl Pts',(-0.155239197530876,0.15669773473528,0.0989239928961656));
#7659=CARTESIAN_POINT('Ctrl Pts',(-0.151959876543198,0.0831462511146564,
0.165703066191465));
#7660=CARTESIAN_POINT('Ctrl Pts',(-0.150320216049415,0.0319569546670633,
0.182670355892609));
#7661=CARTESIAN_POINT('Ctrl Pts',(-0.147040895061697,-0.0669885462297179,
0.173011362192135));
#7662=CARTESIAN_POINT('Ctrl Pts',(-0.14540123456787,-0.113970942696101,
0.146457964197398));
#7663=CARTESIAN_POINT('Ctrl Pts',(-0.142121913580278,-0.173304524816495,
0.0666000432138709));
#7664=CARTESIAN_POINT('Ctrl Pts',(-0.140482253086427,-0.185189723588304,
0.0139182709464945));
#7665=CARTESIAN_POINT('Ctrl Pts',(-0.137202932098758,-0.165850925589821,
-0.0837445975210104));
#7666=CARTESIAN_POINT('Ctrl Pts',(-0.135563271604946,-0.134775528298963,
-0.127961656929192));
#7667=CARTESIAN_POINT('Ctrl Pts',(-0.132283950617277,-0.0493635090747347,
-0.179255766742002));
#7668=CARTESIAN_POINT('Ctrl Pts',(-0.130644290123458,0.00430672510423854,
-0.185929538334273));
#7669=CARTESIAN_POINT('Ctrl Pts',(-0.127364969135802,0.099740933222518,
-0.157069623843598));
#7670=CARTESIAN_POINT('Ctrl Pts',(-0.125725308641986,0.140758042504822,
-0.121759035644533));
#7671=CARTESIAN_POINT('Ctrl Pts',(-0.12244598765431,0.183494591607012,-0.031601038780337));
#7672=CARTESIAN_POINT('Ctrl Pts',(-0.120806327160484,0.184877532879063,
0.0225426498559433));
#7673=CARTESIAN_POINT('Ctrl Pts',(-0.117527006172849,0.146747553187663,
0.114820958416046));
#7674=CARTESIAN_POINT('Ctrl Pts',(-0.115887345679022,0.10753029014803,0.152233142292529));
#7675=CARTESIAN_POINT('Ctrl Pts',(-0.112608024691348,0.0134825741791495,
0.185975156564746));
#7676=CARTESIAN_POINT('Ctrl Pts',(-0.110968364197532,-0.0406135097438808,
0.182038707900401));
#7677=CARTESIAN_POINT('Ctrl Pts',(-0.107689043209875,-0.128836476609607,
0.134979918946472));
#7678=CARTESIAN_POINT('Ctrl Pts',(-0.106049382716043,-0.162272393624569,
0.0922231522006279));
#7679=CARTESIAN_POINT('Ctrl Pts',(-0.102770061728401,-0.186668466124575,
-0.0048180169555315));
#7680=CARTESIAN_POINT('Ctrl Pts',(-0.101130401234558,-0.177435333257927,
-0.0583443997598751));
#7681=CARTESIAN_POINT('Ctrl Pts',(-0.0978510802469239,-0.121876159121149,
-0.141649145531577));
#7682=CARTESIAN_POINT('Ctrl Pts',(-0.096211419753083,-0.0759822800528248,
-0.170774770611618));
#7683=CARTESIAN_POINT('Ctrl Pts',(-0.0929320987654357,0.0231246093679867,
-0.185562700571378));
#7684=CARTESIAN_POINT('Ctrl Pts',(-0.0912924382716049,0.0755631962882053,
-0.171106782345159));
#7685=CARTESIAN_POINT('Ctrl Pts',(-0.0880131172839508,0.153131841850793,
-0.107558927911673));
#7686=CARTESIAN_POINT('Ctrl Pts',(-0.086373456790142,0.177653798897282,
-0.0589617632371273));
#7687=CARTESIAN_POINT('Ctrl Pts',(-0.0830941358024508,0.182663379323324,
0.0412605153533362));
#7688=CARTESIAN_POINT('Ctrl Pts',(-0.0814544753086417,0.163109200665333,
0.0921022279014073));
#7689=CARTESIAN_POINT('Ctrl Pts',(-0.078175154320988,0.0921629486036296,
0.163169921367575));
#7690=CARTESIAN_POINT('Ctrl Pts',(-0.0765354938271863,0.0413236609325111,
0.182838432675309));
#7691=CARTESIAN_POINT('Ctrl Pts',(-0.0732561728394805,-0.0590501900647216,
0.17799335717858));
#7692=CARTESIAN_POINT('Ctrl Pts',(-0.0716165123456687,-0.107799907894653,
0.153515011364975));
#7693=CARTESIAN_POINT('Ctrl Pts',(-0.0683371913580352,-0.1716623621973,
0.0758337465363066));
#7694=CARTESIAN_POINT('Ctrl Pts',(-0.0666975308641801,-0.186273785096502,
0.0232364591386809));
#7695=CARTESIAN_POINT('Ctrl Pts',(-0.0634182098765608,-0.171592653012312,
-0.0763209306423947));
#7696=CARTESIAN_POINT('Ctrl Pts',(-0.0617785493827064,-0.142412262040524,
-0.122502312670351));
#7697=CARTESIAN_POINT('Ctrl Pts',(-0.0584992283950716,-0.0587262740625638,
-0.178522779555649));
#7698=CARTESIAN_POINT('Ctrl Pts',(-0.0568595679012331,-0.00487346133932373,
-0.187921704589264));
#7699=CARTESIAN_POINT('Ctrl Pts',(-0.0535802469135819,0.0929045527121881,
-0.163518112100667));
#7700=CARTESIAN_POINT('Ctrl Pts',(-0.0519405864197552,0.136064690556033,
-0.129903818680235));
#7701=CARTESIAN_POINT('Ctrl Pts',(-0.0486612654320969,0.183680301971357,
-0.041003440490144));
#7702=CARTESIAN_POINT('Ctrl Pts',(-0.0470216049382618,0.187761191079294,
0.0135888719717952));
#7703=CARTESIAN_POINT('Ctrl Pts',(-0.0437422839506273,0.153842904868637,
0.108639027982867));
#7704=CARTESIAN_POINT('Ctrl Pts',(-0.0421026234567953,0.11610641410561,
0.14835288626848));
#7705=CARTESIAN_POINT('Ctrl Pts',(-0.0388233024691308,0.0228345609430005,
0.187080300063267));
#7706=CARTESIAN_POINT('Ctrl Pts',(-0.0371836419753286,-0.0319726189916145,
0.185788647634065));
#7707=CARTESIAN_POINT('Ctrl Pts',(-0.0339043209876346,-0.123370067000275,
0.142655866440208));
#7708=CARTESIAN_POINT('Ctrl Pts',(-0.0322646604938436,-0.159244667015832,
0.101149559696231));
#7709=CARTESIAN_POINT('Ctrl Pts',(-0.0289853395061566,-0.188684960414635,
0.00439373891352214));
#7710=CARTESIAN_POINT('Ctrl Pts',(-0.0273456790123313,-0.182017964631949,
-0.0501001112402079));
#7711=CARTESIAN_POINT('Ctrl Pts',(-0.0240663580247059,-0.130060682926277,
-0.136952631600865));
#7712=CARTESIAN_POINT('Ctrl Pts',(-0.0224266975308544,-0.085174330530088,
-0.168630937136934));
#7713=CARTESIAN_POINT('Ctrl Pts',(-0.01914737654322,0.0141418020415522,
-0.188473698559118));
#7714=CARTESIAN_POINT('Ctrl Pts',(-0.0175077160494129,0.067795650608819,
-0.176480435164444));
#7715=CARTESIAN_POINT('Ctrl Pts',(-0.0142283950616984,0.149252362235157,
-0.116174931888083));
#7716=CARTESIAN_POINT('Ctrl Pts',(-0.0125887345679082,0.176416829217416,
-0.0683320353359271));
#7717=CARTESIAN_POINT('Ctrl Pts',(-0.00930941358024015,0.186443406632931,
0.0325934214845345));
#7718=CARTESIAN_POINT('Ctrl Pts',(-0.00766975308640286,0.169224502020071,
0.0848872122158073));
#7719=CARTESIAN_POINT('Ctrl Pts',(-0.00439043209878254,0.101128985833823,
0.160146906135047));
#7720=CARTESIAN_POINT('Ctrl Pts',(-0.00275077160491362,0.0507827837809796,
0.182522660788178));
#7721=CARTESIAN_POINT('Ctrl Pts',(0.000528549382691138,-0.0507827837809993,
0.182608532828911));
#7722=CARTESIAN_POINT('Ctrl Pts',(0.0021682098765576,-0.101208116578895,
0.160315338214507));
#7723=CARTESIAN_POINT('Ctrl Pts',(0.00544753086418294,-0.169527133192777,
0.0850647889697109));
#7724=CARTESIAN_POINT('Ctrl Pts',(0.00708719135804339,-0.186884746974828,
0.0326939646659736));
#7725=CARTESIAN_POINT('Ctrl Pts',(0.01036651234566,-0.177000991413457,-0.0685335817015154));
#7726=CARTESIAN_POINT('Ctrl Pts',(0.0120061728395088,-0.149834264656047,
-0.116598654846583));
#7727=CARTESIAN_POINT('Ctrl Pts',(0.0152854938271576,-0.06813451867236,
-0.17729822748442));
#7728=CARTESIAN_POINT('Ctrl Pts',(0.0169251543209959,-0.0142386494782946,
-0.189456060837934));
#7729=CARTESIAN_POINT('Ctrl Pts',(0.0202044753086334,0.085673245271546,
-0.169669903697419));
#7730=CARTESIAN_POINT('Ctrl Pts',(0.021844135802488,0.130907651243208,-0.137878010117522));
#7731=CARTESIAN_POINT('Ctrl Pts',(0.0251234567901045,0.183380643536424,
-0.0504991442995838));
#7732=CARTESIAN_POINT('Ctrl Pts',(0.0267631172839497,0.190206734591874,
0.00440606345824209));
#7733=CARTESIAN_POINT('Ctrl Pts',(0.0300424382716056,0.160681171990136,
0.10203461932136));
#7734=CARTESIAN_POINT('Ctrl Pts',(0.031682098765416,0.124557820226909,0.143993947446848));
#7735=CARTESIAN_POINT('Ctrl Pts',(0.0349614197531023,0.0323268969837214,
0.187710917709347));
#7736=CARTESIAN_POINT('Ctrl Pts',(0.0366010802469289,-0.023060748414602,
0.189124396406103));
#7737=CARTESIAN_POINT('Ctrl Pts',(0.0398804012345521,-0.117457593410687,
0.15011689019064));
#7738=CARTESIAN_POINT('Ctrl Pts',(0.0415200617284021,-0.155727794329012,
0.109998423668763));
#7739=CARTESIAN_POINT('Ctrl Pts',(0.0447993827160422,-0.190242326449788,
0.013791664949737));
#7740=CARTESIAN_POINT('Ctrl Pts',(0.0464390432098513,-0.186214339079698,
-0.0415453789345375));
#7741=CARTESIAN_POINT('Ctrl Pts',(0.0497183641975559,-0.13807459624852,
-0.131790668264053));
#7742=CARTESIAN_POINT('Ctrl Pts',(0.0513580246913635,-0.0943368651851812,
-0.165992137345761));
#7743=CARTESIAN_POINT('Ctrl Pts',(0.0546373456790067,0.0049286703313119,
-0.190945384613922));
#7744=CARTESIAN_POINT('Ctrl Pts',(0.0562770061728147,0.0596810651741547,
-0.181499518477752));
#7745=CARTESIAN_POINT('Ctrl Pts',(0.0595563271605183,0.144892443363915,
-0.124666373288972));
#7746=CARTESIAN_POINT('Ctrl Pts',(0.0611959876542917,0.17468378285243,-0.0777212162890157));
#7747=CARTESIAN_POINT('Ctrl Pts',(0.0644753086420044,0.189808178601613,
0.0236539412369717));
#7748=CARTESIAN_POINT('Ctrl Pts',(0.0661149691357849,0.175020381281451,
0.0772917851054696));
#7749=CARTESIAN_POINT('Ctrl Pts',(0.0693942901234741,0.110017807656231,
0.156633011131939));
#7750=CARTESIAN_POINT('Ctrl Pts',(0.071033950617285,0.0603091758172918,
0.181714433732872));
#7751=CARTESIAN_POINT('Ctrl Pts',(0.074313271604937,-0.0422034279591549,
0.18683653062028));
#7752=CARTESIAN_POINT('Ctrl Pts',(0.0759529320987457,-0.0942060928676861,
0.166834523219737));
#7753=CARTESIAN_POINT('Ctrl Pts',(0.0792322530864393,-0.166895243922131,
0.09426681357003));
#7754=CARTESIAN_POINT('Ctrl Pts',(0.0808719135802612,-0.187011583972248,
0.0422665735395288));
#7755=CARTESIAN_POINT('Ctrl Pts',(0.0841512345678867,-0.182053992014185,
-0.06039760264613));
#7756=CARTESIAN_POINT('Ctrl Pts',(0.0857908950617183,-0.157016180645742,
-0.110258787639495));
#7757=CARTESIAN_POINT('Ctrl Pts',(0.0890702160493925,-0.0775623353539155,
-0.175575961133335));
#7758=CARTESIAN_POINT('Ctrl Pts',(0.0907098765431929,-0.0237657910076621,
-0.190519263126703));
#7759=CARTESIAN_POINT('Ctrl Pts',(0.093989197530881,0.0780598668786269,
-0.175501665253152));
#7760=CARTESIAN_POINT('Ctrl Pts',(0.0956288580247016,0.125292526838011,
-0.145655559873051));
#7761=CARTESIAN_POINT('Ctrl Pts',(0.0989081790123351,0.182586964775662,
-0.0600629394766177));
#7762=CARTESIAN_POINT('Ctrl Pts',(0.100547839506172,0.192198623078057,-0.00498411471350871));
#7763=CARTESIAN_POINT('Ctrl Pts',(0.103827160493828,0.167237855822402,0.0950182656951878));
#7764=CARTESIAN_POINT('Ctrl Pts',(0.10546682098768,0.132858010332833,0.139159367859015));
#7765=CARTESIAN_POINT('Ctrl Pts',(0.108746141975283,0.0419353096826066,
0.187855933149742));
#7766=CARTESIAN_POINT('Ctrl Pts',(0.110385802469164,-0.0138979627437155,
0.192028360963817));
#7767=CARTESIAN_POINT('Ctrl Pts',(0.113665123456762,-0.111107161502307,
0.157337556905625));
#7768=CARTESIAN_POINT('Ctrl Pts',(0.115304783950603,-0.151722223271516,
0.118743049100042));
#7769=CARTESIAN_POINT('Ctrl Pts',(0.118584104938285,-0.191327163590257,
0.0233526595018467));
#7770=CARTESIAN_POINT('Ctrl Pts',(0.120223765432075,-0.190004973736533,
-0.0326984771946755));
#7771=CARTESIAN_POINT('Ctrl Pts',(0.123503086419777,-0.145891771382083,
-0.126168851583015));
#7772=CARTESIAN_POINT('Ctrl Pts',(0.125142746913602,-0.103443245793575,
-0.162856215162825));
#7773=CARTESIAN_POINT('Ctrl Pts',(0.128422067901212,-0.00449307726898165,
-0.192962156671794));
#7774=CARTESIAN_POINT('Ctrl Pts',(0.130061728395086,0.0512357464656674,
-0.186142841425967));
#7775=CARTESIAN_POINT('Ctrl Pts',(0.133341049382691,0.14005511341885,-0.133006677240673));
#7776=CARTESIAN_POINT('Ctrl Pts',(0.134980709876544,0.172449915244358,-0.0871029782808302));
#7777=CARTESIAN_POINT('Ctrl Pts',(0.138260030864196,0.19274003580893,0.0144621805735966));
#7778=CARTESIAN_POINT('Ctrl Pts',(0.139899691358015,0.180474137832658,0.0693301260669851));
#7779=CARTESIAN_POINT('Ctrl Pts',(0.143179012345688,0.118802644038251,0.152628662694162));
#7780=CARTESIAN_POINT('Ctrl Pts',(0.144818672839497,0.0698770708069446,
0.180406458438758));
#7781=CARTESIAN_POINT('Ctrl Pts',(0.148097993827169,-0.0333304314827068,
0.190657797715134));
#7782=CARTESIAN_POINT('Ctrl Pts',(0.149737654320995,-0.0868057500692691,
0.173048569022713));
#7783=CARTESIAN_POINT('Ctrl Pts',(0.153016975308634,-0.163764509615901,
0.103413109515191));
#7784=CARTESIAN_POINT('Ctrl Pts',(0.154650768101184,-0.186644365159495,
0.0521151629704977));
#7785=CARTESIAN_POINT('Ctrl Pts',(0.156296296296296,-0.186687454833324,
-2.28249959119128E-14));
#7786=CARTESIAN_POINT('Ctrl Pts',(-0.190925925925926,0.177473889836758,
-1.84807461753262E-15));
#7787=CARTESIAN_POINT('Ctrl Pts',(-0.189378412677615,0.177514412898706,
0.0465921210472773));
#7788=CARTESIAN_POINT('Ctrl Pts',(-0.187839506172846,0.158426570221789,
0.0926737095480067));
#7789=CARTESIAN_POINT('Ctrl Pts',(-0.184753086419747,0.0927308584442545,
0.158483719118032));
#7790=CARTESIAN_POINT('Ctrl Pts',(-0.183209876543185,0.0465260318975278,
0.177675941701429));
#7791=CARTESIAN_POINT('Ctrl Pts',(-0.180123456790149,-0.0465260318975253,
0.177756762445591));
#7792=CARTESIAN_POINT('Ctrl Pts',(-0.178580246913563,-0.0928002716006324,
0.158642901552724));
#7793=CARTESIAN_POINT('Ctrl Pts',(-0.175493827160511,-0.158700050448985,
0.0928574204968963));
#7794=CARTESIAN_POINT('Ctrl Pts',(-0.173950617283956,-0.177918403938206,
0.0465895083630972));
#7795=CARTESIAN_POINT('Ctrl Pts',(-0.170864197530859,-0.177999224682318,
-0.0465895083630955));
#7796=CARTESIAN_POINT('Ctrl Pts',(-0.169320987654357,-0.158859232883657,
-0.0929268336532731));
#7797=CARTESIAN_POINT('Ctrl Pts',(-0.166234567901199,-0.0929839825495408,
-0.158916381779922));
#7798=CARTESIAN_POINT('Ctrl Pts',(-0.164691358024685,-0.0466529848284125,
-0.178160866174953));
#7799=CARTESIAN_POINT('Ctrl Pts',(-0.161604938271611,0.0466529848284115,
-0.178241686919074));
#7800=CARTESIAN_POINT('Ctrl Pts',(-0.160061728395068,0.0930533957059985,
-0.159075564214488));
#7801=CARTESIAN_POINT('Ctrl Pts',(-0.156975308641969,0.159132713110775,
-0.0931105446022869));
#7802=CARTESIAN_POINT('Ctrl Pts',(-0.155432098765437,0.178403328411693,
-0.0467164612936794));
#7803=CARTESIAN_POINT('Ctrl Pts',(-0.152249228395057,0.178486674804092,
0.0496362401245347));
#7804=CARTESIAN_POINT('Ctrl Pts',(-0.150609567901247,0.15669773473528,0.0989239928961656));
#7805=CARTESIAN_POINT('Ctrl Pts',(-0.147330246913568,0.0831462511146564,
0.165703066191465));
#7806=CARTESIAN_POINT('Ctrl Pts',(-0.145690586419785,0.0319569546670649,
0.182670355892609));
#7807=CARTESIAN_POINT('Ctrl Pts',(-0.142411265432067,-0.0669885462297194,
0.173011362192135));
#7808=CARTESIAN_POINT('Ctrl Pts',(-0.14077160493824,-0.113970942696101,
0.146457964197411));
#7809=CARTESIAN_POINT('Ctrl Pts',(-0.137492283950649,-0.173304524816494,
0.0666000432138582));
#7810=CARTESIAN_POINT('Ctrl Pts',(-0.135852623456798,-0.185189723588304,
0.0139182709464945));
#7811=CARTESIAN_POINT('Ctrl Pts',(-0.132573302469129,-0.165850925589821,
-0.0837445975210104));
#7812=CARTESIAN_POINT('Ctrl Pts',(-0.130933641975316,-0.134775528298963,
-0.127961656929192));
#7813=CARTESIAN_POINT('Ctrl Pts',(-0.127654320987647,-0.0493635090747347,
-0.179255766742002));
#7814=CARTESIAN_POINT('Ctrl Pts',(-0.126014660493828,0.00430672510423854,
-0.185929538334273));
#7815=CARTESIAN_POINT('Ctrl Pts',(-0.122735339506172,0.099740933222518,
-0.157069623843598));
#7816=CARTESIAN_POINT('Ctrl Pts',(-0.121095679012357,0.140758042504822,
-0.121759035644532));
#7817=CARTESIAN_POINT('Ctrl Pts',(-0.117816358024681,0.183494591607012,
-0.031601038780337));
#7818=CARTESIAN_POINT('Ctrl Pts',(-0.116176697530854,0.184877532879063,
0.0225426498559433));
#7819=CARTESIAN_POINT('Ctrl Pts',(-0.11289737654322,0.146747553187663,0.114820958416046));
#7820=CARTESIAN_POINT('Ctrl Pts',(-0.111257716049393,0.107530290148024,
0.152233142292529));
#7821=CARTESIAN_POINT('Ctrl Pts',(-0.107978395061719,0.0134825741791558,
0.185975156564746));
#7822=CARTESIAN_POINT('Ctrl Pts',(-0.106338734567903,-0.0406135097438808,
0.182038707900401));
#7823=CARTESIAN_POINT('Ctrl Pts',(-0.103059413580246,-0.128836476609607,
0.134979918946472));
#7824=CARTESIAN_POINT('Ctrl Pts',(-0.101419753086414,-0.162272393624569,
0.0922231522006279));
#7825=CARTESIAN_POINT('Ctrl Pts',(-0.0981404320987716,-0.186668466124575,
-0.00481801695553151));
#7826=CARTESIAN_POINT('Ctrl Pts',(-0.0965007716049282,-0.177435333257927,
-0.0583443997598751));
#7827=CARTESIAN_POINT('Ctrl Pts',(-0.0932214506172943,-0.121876159121149,
-0.141649145531577));
#7828=CARTESIAN_POINT('Ctrl Pts',(-0.0915817901234534,-0.0759822800528216,
-0.170774770611618));
#7829=CARTESIAN_POINT('Ctrl Pts',(-0.088302469135806,0.0231246093679835,
-0.185562700571378));
#7830=CARTESIAN_POINT('Ctrl Pts',(-0.0866628086419753,0.0755631962881926,
-0.171106782345147));
#7831=CARTESIAN_POINT('Ctrl Pts',(-0.0833834876543212,0.153131841850806,
-0.107558927911686));
#7832=CARTESIAN_POINT('Ctrl Pts',(-0.0817438271605123,0.177653798897282,
-0.0589617632371273));
#7833=CARTESIAN_POINT('Ctrl Pts',(-0.0784645061728212,0.182663379323324,
0.0412605153533362));
#7834=CARTESIAN_POINT('Ctrl Pts',(-0.076824845679012,0.163109200665333,
0.0921022279013945));
#7835=CARTESIAN_POINT('Ctrl Pts',(-0.0735455246913584,0.0921629486036296,
0.163169921367588));
#7836=CARTESIAN_POINT('Ctrl Pts',(-0.0719058641975567,0.0413236609325103,
0.182838432675309));
#7837=CARTESIAN_POINT('Ctrl Pts',(-0.0686265432098509,-0.0590501900647208,
0.17799335717858));
#7838=CARTESIAN_POINT('Ctrl Pts',(-0.066986882716039,-0.107799907894653,
0.153515011364975));
#7839=CARTESIAN_POINT('Ctrl Pts',(-0.0637075617284055,-0.1716623621973,
0.0758337465363066));
#7840=CARTESIAN_POINT('Ctrl Pts',(-0.0620679012345505,-0.186273785096502,
0.0232364591386809));
#7841=CARTESIAN_POINT('Ctrl Pts',(-0.0587885802469312,-0.171592653012312,
-0.0763209306423947));
#7842=CARTESIAN_POINT('Ctrl Pts',(-0.0571489197530768,-0.142412262040524,
-0.122502312670339));
#7843=CARTESIAN_POINT('Ctrl Pts',(-0.053869598765442,-0.0587262740625638,
-0.178522779555662));
#7844=CARTESIAN_POINT('Ctrl Pts',(-0.0522299382716035,-0.00487346133932374,
-0.187921704589264));
#7845=CARTESIAN_POINT('Ctrl Pts',(-0.0489506172839523,0.0929045527121881,
-0.163518112100667));
#7846=CARTESIAN_POINT('Ctrl Pts',(-0.0473109567901255,0.136064690556033,
-0.129903818680235));
#7847=CARTESIAN_POINT('Ctrl Pts',(-0.0440316358024673,0.183680301971357,
-0.041003440490144));
#7848=CARTESIAN_POINT('Ctrl Pts',(-0.0423919753086322,0.187761191079294,
0.0135888719718016));
#7849=CARTESIAN_POINT('Ctrl Pts',(-0.0391126543209977,0.153842904868637,
0.10863902798286));
#7850=CARTESIAN_POINT('Ctrl Pts',(-0.0374729938271656,0.11610641410561,
0.14835288626848));
#7851=CARTESIAN_POINT('Ctrl Pts',(-0.0341936728395011,0.0228345609430005,
0.187080300063267));
#7852=CARTESIAN_POINT('Ctrl Pts',(-0.0325540123456989,-0.0319726189916145,
0.185788647634065));
#7853=CARTESIAN_POINT('Ctrl Pts',(-0.0292746913580049,-0.123370067000275,
0.142655866440208));
#7854=CARTESIAN_POINT('Ctrl Pts',(-0.027635030864214,-0.159244667015832,
0.101149559696231));
#7855=CARTESIAN_POINT('Ctrl Pts',(-0.024355709876527,-0.188684960414635,
0.00439373891352212));
#7856=CARTESIAN_POINT('Ctrl Pts',(-0.0227160493827017,-0.182017964631948,
-0.0501001112402079));
#7857=CARTESIAN_POINT('Ctrl Pts',(-0.0194367283950763,-0.130060682926277,
-0.136952631600865));
#7858=CARTESIAN_POINT('Ctrl Pts',(-0.0177970679012248,-0.085174330530088,
-0.168630937136934));
#7859=CARTESIAN_POINT('Ctrl Pts',(-0.0145177469135903,0.0141418020415522,
-0.188473698559118));
#7860=CARTESIAN_POINT('Ctrl Pts',(-0.0128780864197832,0.067795650608819,
-0.176480435164457));
#7861=CARTESIAN_POINT('Ctrl Pts',(-0.00959876543206879,0.149252362235157,
-0.11617493188807));
#7862=CARTESIAN_POINT('Ctrl Pts',(-0.00795910493827857,0.176416829217416,
-0.0683320353359271));
#7863=CARTESIAN_POINT('Ctrl Pts',(-0.00467978395061051,0.186443406632931,
0.0325934214845345));
#7864=CARTESIAN_POINT('Ctrl Pts',(-0.00304012345677323,0.169224502020071,
0.0848872122157944));
#7865=CARTESIAN_POINT('Ctrl Pts',(0.000239197530847098,0.101128985833822,
0.160146906135059));
#7866=CARTESIAN_POINT('Ctrl Pts',(0.00187885802471602,0.0507827837809796,
0.182522660788178));
#7867=CARTESIAN_POINT('Ctrl Pts',(0.00515817901232077,-0.0507827837809993,
0.182608532828911));
#7868=CARTESIAN_POINT('Ctrl Pts',(0.00679783950618724,-0.101208116578895,
0.160315338214494));
#7869=CARTESIAN_POINT('Ctrl Pts',(0.0100771604938126,-0.169527133192777,
0.0850647889697238));
#7870=CARTESIAN_POINT('Ctrl Pts',(0.011716820987673,-0.186884746974828,
0.032693964665972));
#7871=CARTESIAN_POINT('Ctrl Pts',(0.0149961419752897,-0.177000991413457,
-0.0685335817015138));
#7872=CARTESIAN_POINT('Ctrl Pts',(0.0166358024691385,-0.149834264656034,
-0.116598654846583));
#7873=CARTESIAN_POINT('Ctrl Pts',(0.0199151234567872,-0.0681345186723728,
-0.17729822748442));
#7874=CARTESIAN_POINT('Ctrl Pts',(0.0215547839506255,-0.0142386494782914,
-0.189456060837934));
#7875=CARTESIAN_POINT('Ctrl Pts',(0.024834104938263,0.0856732452715428,
-0.169669903697419));
#7876=CARTESIAN_POINT('Ctrl Pts',(0.0264737654321176,0.130907651243208,
-0.137878010117522));
#7877=CARTESIAN_POINT('Ctrl Pts',(0.0297530864197341,0.183380643536424,
-0.0504991442995838));
#7878=CARTESIAN_POINT('Ctrl Pts',(0.0313927469135793,0.190206734591874,
0.00440606345824208));
#7879=CARTESIAN_POINT('Ctrl Pts',(0.0346720679012352,0.160681171990135,
0.10203461932136));
#7880=CARTESIAN_POINT('Ctrl Pts',(0.0363117283950456,0.124557820226909,
0.143993947446822));
#7881=CARTESIAN_POINT('Ctrl Pts',(0.0395910493827319,0.0323268969837214,
0.187710917709373));
#7882=CARTESIAN_POINT('Ctrl Pts',(0.0412307098765586,-0.0230607484146085,
0.189124396406103));
#7883=CARTESIAN_POINT('Ctrl Pts',(0.0445100308641817,-0.11745759341068,
0.15011689019064));
#7884=CARTESIAN_POINT('Ctrl Pts',(0.0461496913580317,-0.155727794329012,
0.109998423668763));
#7885=CARTESIAN_POINT('Ctrl Pts',(0.0494290123456719,-0.190242326449788,
0.013791664949737));
#7886=CARTESIAN_POINT('Ctrl Pts',(0.0510686728394809,-0.186214339079698,
-0.0415453789345375));
#7887=CARTESIAN_POINT('Ctrl Pts',(0.0543479938271855,-0.13807459624852,
-0.131790668264053));
#7888=CARTESIAN_POINT('Ctrl Pts',(0.0559876543209931,-0.0943368651851811,
-0.165992137345787));
#7889=CARTESIAN_POINT('Ctrl Pts',(0.0592669753086363,0.0049286703313119,
-0.190945384613896));
#7890=CARTESIAN_POINT('Ctrl Pts',(0.0609066358024443,0.0596810651741547,
-0.181499518477765));
#7891=CARTESIAN_POINT('Ctrl Pts',(0.064185956790148,0.144892443363915,-0.124666373288959));
#7892=CARTESIAN_POINT('Ctrl Pts',(0.0658256172839213,0.17468378285243,-0.0777212162890157));
#7893=CARTESIAN_POINT('Ctrl Pts',(0.0691049382716341,0.189808178601613,
0.0236539412369717));
#7894=CARTESIAN_POINT('Ctrl Pts',(0.0707445987654145,0.175020381281463,
0.0772917851054696));
#7895=CARTESIAN_POINT('Ctrl Pts',(0.0740239197531038,0.110017807656218,
0.156633011131939));
#7896=CARTESIAN_POINT('Ctrl Pts',(0.0756635802469147,0.0603091758172918,
0.181714433732872));
#7897=CARTESIAN_POINT('Ctrl Pts',(0.0789429012345666,-0.0422034279591549,
0.18683653062028));
#7898=CARTESIAN_POINT('Ctrl Pts',(0.0805825617283754,-0.0942060928676861,
0.166834523219737));
#7899=CARTESIAN_POINT('Ctrl Pts',(0.083861882716069,-0.166895243922131,
0.09426681357003));
#7900=CARTESIAN_POINT('Ctrl Pts',(0.0855015432098908,-0.187011583972248,
0.042266573539528));
#7901=CARTESIAN_POINT('Ctrl Pts',(0.0887808641975163,-0.182053992014185,
-0.0603976026461292));
#7902=CARTESIAN_POINT('Ctrl Pts',(0.0904205246913479,-0.157016180645742,
-0.110258787639495));
#7903=CARTESIAN_POINT('Ctrl Pts',(0.0936998456790222,-0.0775623353539155,
-0.175575961133335));
#7904=CARTESIAN_POINT('Ctrl Pts',(0.0953395061728226,-0.0237657910076621,
-0.190519263126703));
#7905=CARTESIAN_POINT('Ctrl Pts',(0.0986188271605106,0.0780598668786269,
-0.175501665253151));
#7906=CARTESIAN_POINT('Ctrl Pts',(0.100258487654331,0.125292526838011,-0.145655559873051));
#7907=CARTESIAN_POINT('Ctrl Pts',(0.103537808641965,0.182586964775662,-0.0600629394766177));
#7908=CARTESIAN_POINT('Ctrl Pts',(0.105177469135801,0.192198623078057,-0.00498411471350872));
#7909=CARTESIAN_POINT('Ctrl Pts',(0.108456790123457,0.167237855822402,0.0950182656951878));
#7910=CARTESIAN_POINT('Ctrl Pts',(0.110096450617309,0.132858010332833,0.139159367859015));
#7911=CARTESIAN_POINT('Ctrl Pts',(0.113375771604913,0.0419353096826066,
0.187855933149742));
#7912=CARTESIAN_POINT('Ctrl Pts',(0.115015432098793,-0.0138979627437221,
0.192028360963817));
#7913=CARTESIAN_POINT('Ctrl Pts',(0.118294753086391,-0.1111071615023,0.157337556905625));
#7914=CARTESIAN_POINT('Ctrl Pts',(0.119934413580233,-0.151722223271516,
0.118743049100042));
#7915=CARTESIAN_POINT('Ctrl Pts',(0.123213734567915,-0.191327163590257,
0.0233526595018466));
#7916=CARTESIAN_POINT('Ctrl Pts',(0.124853395061704,-0.190004973736533,
-0.0326984771946755));
#7917=CARTESIAN_POINT('Ctrl Pts',(0.128132716049406,-0.145891771382083,
-0.126168851583015));
#7918=CARTESIAN_POINT('Ctrl Pts',(0.129772376543232,-0.103443245793582,
-0.162856215162825));
#7919=CARTESIAN_POINT('Ctrl Pts',(0.133051697530842,-0.00449307726897513,
-0.192962156671794));
#7920=CARTESIAN_POINT('Ctrl Pts',(0.134691358024716,0.0512357464656674,
-0.186142841425967));
#7921=CARTESIAN_POINT('Ctrl Pts',(0.137970679012321,0.14005511341885,-0.133006677240673));
#7922=CARTESIAN_POINT('Ctrl Pts',(0.139610339506174,0.172449915244358,-0.087102978280827));
#7923=CARTESIAN_POINT('Ctrl Pts',(0.142889660493826,0.19274003580893,0.0144621805735933));
#7924=CARTESIAN_POINT('Ctrl Pts',(0.144529320987645,0.180474137832658,0.0693301260669851));
#7925=CARTESIAN_POINT('Ctrl Pts',(0.147808641975318,0.118802644038251,0.152628662694162));
#7926=CARTESIAN_POINT('Ctrl Pts',(0.149448302469127,0.069877070806943,0.180406458438758));
#7927=CARTESIAN_POINT('Ctrl Pts',(0.152727623456799,-0.0333304314827052,
0.190657797715134));
#7928=CARTESIAN_POINT('Ctrl Pts',(0.154367283950625,-0.0868057500692559,
0.173048569022726));
#7929=CARTESIAN_POINT('Ctrl Pts',(0.157646604938264,-0.163764509615914,
0.103413109515178));
#7930=CARTESIAN_POINT('Ctrl Pts',(0.159280397730813,-0.186644365159495,
0.0521151629705075));
#7931=CARTESIAN_POINT('Ctrl Pts',(0.160925925925926,-0.186687454833324,
-2.28249959119128E-14));
#7932=CARTESIAN_POINT('Origin',(-0.14,0.,0.));
#7933=CARTESIAN_POINT('Origin',(0.14,0.,0.));
#7934=CARTESIAN_POINT('',(0.14,0.108253175473055,7.68332248218074E-17));
#7935=CARTESIAN_POINT('Origin',(0.14,0.,0.));
#7936=CARTESIAN_POINT('',(0.14,-0.108253175473055,8.53702498020082E-17));
#7937=CARTESIAN_POINT('Origin',(0.14,0.,0.));
#7938=CARTESIAN_POINT('',(0.14,-0.0541265877365274,0.09375));
#7939=CARTESIAN_POINT('Origin',(0.14,0.,0.));
#7940=CARTESIAN_POINT('',(0.14,0.0541265877365275,0.0937499999999999));
#7941=CARTESIAN_POINT('Origin',(0.14,0.,0.));
#7942=CARTESIAN_POINT('Origin',(0.14,0.,0.));
#7943=CARTESIAN_POINT('Origin',(0.14,0.,0.));
#7944=CARTESIAN_POINT('Ctrl Pts',(0.14000000000002,0.108253175473074,-3.38641031261813E-14));
#7945=CARTESIAN_POINT('Ctrl Pts',(0.112936706131722,0.0811898816047911,
0.046875));
#7946=CARTESIAN_POINT('Ctrl Pts',(0.14000000000002,0.0541265877365079,0.0937500000000339));
#7947=CARTESIAN_POINT('Origin',(0.14,0.,0.));
#7948=CARTESIAN_POINT('Ctrl Pts',(0.14000000000002,0.0541265877365667,0.09375));
#7949=CARTESIAN_POINT('Ctrl Pts',(0.112936706131722,4.37095678986282E-17,
0.09375));
#7950=CARTESIAN_POINT('Ctrl Pts',(0.14000000000002,-0.0541265877365666,
0.09375));
#7951=CARTESIAN_POINT('Origin',(0.14,0.,0.));
#7952=CARTESIAN_POINT('Ctrl Pts',(0.14000000000002,-0.0541265877365078,
0.0937500000000341));
#7953=CARTESIAN_POINT('Ctrl Pts',(0.112936706131722,-0.0811898816047911,
0.0468750000000001));
#7954=CARTESIAN_POINT('Ctrl Pts',(0.14000000000002,-0.108253175473074,-3.39163670253729E-14));
#7955=CARTESIAN_POINT('Origin',(0.14,0.,0.));
#7956=CARTESIAN_POINT('Ctrl Pts',(0.14000000000002,-0.108253175473075,3.40296054736213E-14));
#7957=CARTESIAN_POINT('Ctrl Pts',(0.112936706131722,-0.0811898816047912,
-0.046875));
#7958=CARTESIAN_POINT('Ctrl Pts',(0.14000000000002,-0.0541265877365078,
-0.093750000000034));
#7959=CARTESIAN_POINT('Origin',(0.14,0.,0.));
#7960=CARTESIAN_POINT('Ctrl Pts',(0.14000000000002,0.0541265877365078,-0.093750000000034));
#7961=CARTESIAN_POINT('Ctrl Pts',(0.112936706131722,0.0811898816047911,
-0.046875));
#7962=CARTESIAN_POINT('Ctrl Pts',(0.14000000000002,0.108253175473074,3.40267019236662E-14));
#7963=CARTESIAN_POINT('Origin',(0.05,0.162379763209582,0.09375));
#7964=CARTESIAN_POINT('',(0.05,0.0541265877365274,-0.09375));
#7965=CARTESIAN_POINT('',(0.05,0.108253175473055,1.82149452690105E-17));
#7966=CARTESIAN_POINT('',(0.05,0.0541265877365274,-0.09375));
#7967=CARTESIAN_POINT('',(0.05,0.0541265877365274,0.09375));
#7968=CARTESIAN_POINT('',(0.05,0.108253175473055,1.82149452690105E-17));
#7969=CARTESIAN_POINT('',(0.05,-0.0541265877365275,0.09375));
#7970=CARTESIAN_POINT('',(0.05,0.0541265877365274,0.09375));
#7971=CARTESIAN_POINT('',(0.05,-0.108253175473055,1.25457051307356E-17));
#7972=CARTESIAN_POINT('',(0.05,-0.0541265877365275,0.09375));
#7973=CARTESIAN_POINT('',(0.05,-0.0541265877365274,-0.09375));
#7974=CARTESIAN_POINT('',(0.05,-0.108253175473055,1.25457051307356E-17));
#7975=CARTESIAN_POINT('',(0.05,-0.0541265877365274,-0.09375));
#7976=CARTESIAN_POINT('Origin',(0.05,0.108253175473055,1.82149452690105E-17));
#7977=CARTESIAN_POINT('',(0.05,0.108253175473055,1.82149452690105E-17));
#7978=CARTESIAN_POINT('',(0.05,0.0541265877365274,0.09375));
#7979=CARTESIAN_POINT('Origin',(0.05,0.0541265877365274,0.09375));
#7980=CARTESIAN_POINT('',(0.05,-0.0541265877365275,0.09375));
#7981=CARTESIAN_POINT('Origin',(0.05,-0.0541265877365275,0.09375));
#7982=CARTESIAN_POINT('',(0.05,-0.108253175473055,1.25457051307356E-17));
#7983=CARTESIAN_POINT('Origin',(0.05,-0.108253175473055,1.25457051307356E-17));
#7984=CARTESIAN_POINT('',(0.05,-0.0541265877365274,-0.09375));
#7985=CARTESIAN_POINT('Origin',(0.05,-0.0541265877365274,-0.09375));
#7986=CARTESIAN_POINT('',(0.05,0.0541265877365274,-0.09375));
#7987=CARTESIAN_POINT('Origin',(0.05,0.0541265877365274,-0.09375));
#7988=CARTESIAN_POINT('',(0.,0.,0.));
#7989=CARTESIAN_POINT('Origin',(0.007499908163603,4.79451146377169,0.914141897467429));
#7990=CARTESIAN_POINT('',(0.007499908163603,0.649956730388676,0.914141897467429));
#7991=CARTESIAN_POINT('',(0.007499908163603,0.649956730388676,0.912836490178096));
#7992=CARTESIAN_POINT('',(0.007499908163603,0.649956730388676,0.805));
#7993=CARTESIAN_POINT('',(0.007499908163603,0.87496785733965,0.725335143832082));
#7994=CARTESIAN_POINT('',(0.007499908163603,1.9785406427133,-0.200672373352227));
#7995=CARTESIAN_POINT('',(0.007499908163603,0.873412133512789,0.725335143832082));
#7996=CARTESIAN_POINT('',(0.007499908163603,4.79451146377169,0.725335143832082));
#7997=CARTESIAN_POINT('',(0.007499908163603,1.97789785510361,-0.201438417795346));
#7998=CARTESIAN_POINT('Origin',(-0.00749562250179454,0.874467875706884,
0.725754678235732));
#7999=CARTESIAN_POINT('',(-0.00749208280438415,0.873412133512789,0.725335143832083));
#8000=CARTESIAN_POINT('',(-0.00749990816360231,0.87496785733965,0.725335143832083));
#8001=CARTESIAN_POINT('',(-0.017355949811611,2.83440235777046,0.725335143832083));
#8002=CARTESIAN_POINT('',(-0.00749133683998677,0.873325106464432,0.725408168196262));
#8003=CARTESIAN_POINT('',(-0.00756600086867717,0.882035696484805,0.71809911532283));
#8004=CARTESIAN_POINT('',(-0.00749133683998677,0.873967894074119,0.726174212639381));
#8005=CARTESIAN_POINT('',(-0.00749133683998677,0.873967894074119,0.726174212639381));
#8006=CARTESIAN_POINT('',(-0.00756600086867717,0.882678484094492,0.718865159765949));
#8007=CARTESIAN_POINT('Origin',(0.00749562250179523,0.874467875706884,0.725754678235731));
#8008=CARTESIAN_POINT('',(0.00749208280438484,0.87341213351279,0.725335143832082));
#8009=CARTESIAN_POINT('',(0.0173561395645526,2.83444008168366,0.725335143832082));
#8010=CARTESIAN_POINT('',(0.00749133683998746,0.873967894074119,0.726174212639381));
#8011=CARTESIAN_POINT('',(0.00762892155057673,0.89001905054177,0.712705693167405));
#8012=CARTESIAN_POINT('',(0.00749133683998746,0.873325106464432,0.725408168196262));
#8013=CARTESIAN_POINT('',(0.00749133683998746,0.873967894074119,0.726174212639381));
#8014=CARTESIAN_POINT('',(0.00762892155057673,0.889376262932084,0.711939648724286));
#8015=CARTESIAN_POINT('Origin',(0.,0.874357212390313,0.724542128494519));
#8016=CARTESIAN_POINT('',(-0.00749990816360231,0.649956730388676,0.912836490178096));
#8017=CARTESIAN_POINT('Origin',(0.,0.,1.45821494292842));
#8018=CARTESIAN_POINT('',(0.00374995408191048,0.873412133512789,0.725335143832082));
#8019=CARTESIAN_POINT('Origin',(0.,-0.000642787609686539,1.45875430577464));
#8020=CARTESIAN_POINT('',(-0.00749990816360231,0.873412133512788,0.725335143832083));
#8021=CARTESIAN_POINT('',(0.00374995408191048,0.873412133512789,0.725335143832082));
#8022=CARTESIAN_POINT('',(-0.00749990816360231,2.0243824438039,-0.240443619029186));
#8023=CARTESIAN_POINT('Ctrl Pts',(0.00749133683998762,0.873325106464432,
0.725408168196261));
#8024=CARTESIAN_POINT('Ctrl Pts',(0.00749133683998762,0.874096451596056,
0.726327421528005));
#8025=CARTESIAN_POINT('Ctrl Pts',(1.36592399683213E-18,0.873389319495632,
0.725354287065465));
#8026=CARTESIAN_POINT('Ctrl Pts',(1.36592399683213E-18,0.874160664627256,
0.726273540397209));
#8027=CARTESIAN_POINT('Ctrl Pts',(-0.00749133683998677,0.873325106464432,
0.725408168196261));
#8028=CARTESIAN_POINT('Ctrl Pts',(-0.00749133683998677,0.874096451596056,
0.726327421528005));
#8029=CARTESIAN_POINT('Origin',(0.,0.,1.45952035021776));
#8030=CARTESIAN_POINT('Origin',(-0.00749990816360231,4.79451146377169,0.725335143832083));
#8031=CARTESIAN_POINT('',(-0.00749990816360231,0.649956730388676,0.914141897467429));
#8032=CARTESIAN_POINT('',(-0.00749990816360231,0.649956730388676,0.805));
#8033=CARTESIAN_POINT('',(-0.00749990816360231,4.79451146377169,0.725335143832083));
#8034=CARTESIAN_POINT('',(-0.00749990816360231,2.02502523141359,-0.239677574586066));
#8035=CARTESIAN_POINT('Origin',(0.007499908163603,4.79451146377169,0.725335143832082));
#8036=CARTESIAN_POINT('Origin',(0.007499908163603,4.79451146377169,0.725335143832082));
#8037=CARTESIAN_POINT('Origin',(0.,0.875,0.725308172937638));
#8038=CARTESIAN_POINT('',(0.351983106173254,0.5464502657778,1.00099413374688));
#8039=CARTESIAN_POINT('Origin',(0.,0.,1.45952035021776));
#8040=CARTESIAN_POINT('',(0.68338649901163,0.5464502657778,1.00099413374688));
#8041=CARTESIAN_POINT('',(0.,0.5464502657778,1.00099413374688));
#8042=CARTESIAN_POINT('Origin',(0.,0.,1.45952035021776));
#8043=CARTESIAN_POINT('Origin',(0.,0.,1.62));
#8044=CARTESIAN_POINT('',(-0.3955,4.84347809062778E-17,1.61));
#8045=CARTESIAN_POINT('Origin',(0.,0.,1.61));
#8046=CARTESIAN_POINT('',(-0.3755,-4.59854873079831E-17,1.63));
#8047=CARTESIAN_POINT('Origin',(0.,0.,1.63));
#8048=CARTESIAN_POINT('Origin',(0.,0.,1.61));
#8049=CARTESIAN_POINT('',(-0.65,0.,1.61));
#8050=CARTESIAN_POINT('Origin',(0.,0.,1.61));
#8051=CARTESIAN_POINT('Origin',(0.,0.,-1.63451146377169));
#8052=CARTESIAN_POINT('',(0.,-0.3755,1.675));
#8053=CARTESIAN_POINT('Origin',(0.,0.,1.675));
#8054=CARTESIAN_POINT('Origin',(0.,0.,2.27));
#8055=CARTESIAN_POINT('',(0.3755,-4.59854873079831E-17,2.26));
#8056=CARTESIAN_POINT('Origin',(0.,0.,2.26));
#8057=CARTESIAN_POINT('',(0.3955,4.84347809062778E-17,2.28));
#8058=CARTESIAN_POINT('Origin',(0.,0.,2.28));
#8059=CARTESIAN_POINT('Origin',(0.,0.,-1.63451146377169));
#8060=CARTESIAN_POINT('',(0.,-0.3755,2.216));
#8061=CARTESIAN_POINT('Origin',(0.,0.,2.216));
#8062=CARTESIAN_POINT('Origin',(0.,0.,2.28));
#8063=CARTESIAN_POINT('',(0.5725,-7.0111029251186E-17,2.28));
#8064=CARTESIAN_POINT('Origin',(0.,0.,2.28));
#8065=CARTESIAN_POINT('Origin',(0.0074956225017952,0.874467875706883,0.663591744213792));
#8066=CARTESIAN_POINT('',(0.00749990816360281,0.87496785733965,0.445));
#8067=CARTESIAN_POINT('',(0.00749990816360278,0.87496785733965,0.));
#8068=CARTESIAN_POINT('',(0.00749133683998726,0.873967894074119,0.445));
#8069=CARTESIAN_POINT('',(0.00749990816360281,0.87496785733965,0.445));
#8070=CARTESIAN_POINT('',(0.00749133683998726,0.873967894074119,0.445));
#8071=CARTESIAN_POINT('Origin',(0.,0.,0.));
#8072=CARTESIAN_POINT('',(-0.00749133683998677,0.873967894074119,0.445));
#8073=CARTESIAN_POINT('Origin',(2.93045334280365E-14,-1.57249541472105E-12,
0.445));
#8074=CARTESIAN_POINT('',(-0.00749133683998677,0.873967894074119,0.72617421263938));
#8075=CARTESIAN_POINT('Origin',(-0.000758489802638861,0.874489530901502,
0.445));
#8076=CARTESIAN_POINT('',(-0.00749990816360232,0.87496785733965,0.445));
#8077=CARTESIAN_POINT('Origin',(0.,0.,0.445));
#8078=CARTESIAN_POINT('',(-0.00749990816360232,0.87496785733965,0.445));
#8079=CARTESIAN_POINT('Origin',(-0.00749562250179454,0.874467875706883,
0.693408255786209));
#8080=CARTESIAN_POINT('',(-0.00749990816360232,0.87496785733965,0.));
#8081=CARTESIAN_POINT('Origin',(0.,0.,0.));
#8082=CARTESIAN_POINT('',(-0.875,1.07156594925393E-16,0.43));
#8083=CARTESIAN_POINT('Origin',(0.,0.,0.43));
#8084=CARTESIAN_POINT('',(-0.875,-1.07156594925393E-16,1.805));
#8085=CARTESIAN_POINT('Origin',(0.,0.,1.805));
#8086=CARTESIAN_POINT('',(0.68338649901163,0.546450265777799,1.47900586625312));
#8087=CARTESIAN_POINT('Ctrl Pts',(0.68338649901163,0.546450265777799,1.00099413374688));
#8088=CARTESIAN_POINT('Ctrl Pts',(0.684796357526412,0.544687107564037,1.00247359915375));
#8089=CARTESIAN_POINT('Ctrl Pts',(0.686190842840483,0.542929165779687,1.00398197552571));
#8090=CARTESIAN_POINT('Ctrl Pts',(0.697150658838724,0.529004775211351,1.01620421601548));
#8091=CARTESIAN_POINT('Ctrl Pts',(0.705805616129559,0.517315189952441,1.02825838577244));
#8092=CARTESIAN_POINT('Ctrl Pts',(0.727748454686261,0.486476442558196,1.06527660294295));
#8093=CARTESIAN_POINT('Ctrl Pts',(0.739901298813033,0.467331056752432,1.09681111730552));
#8094=CARTESIAN_POINT('Ctrl Pts',(0.755559596092341,0.441567568953231,1.16631937861648));
#8095=CARTESIAN_POINT('Ctrl Pts',(0.759210115844092,0.435,1.20427909072536));
#8096=CARTESIAN_POINT('Ctrl Pts',(0.759210115844092,0.435,1.24));
#8097=CARTESIAN_POINT('Ctrl Pts',(0.759210115844092,0.435,1.27572090927464));
#8098=CARTESIAN_POINT('Ctrl Pts',(0.755559596092341,0.441567568953231,1.31368062138352));
#8099=CARTESIAN_POINT('Ctrl Pts',(0.739901298813033,0.467331056752431,1.38318888269448));
#8100=CARTESIAN_POINT('Ctrl Pts',(0.727748454686261,0.486476442558196,1.41472339705705));
#8101=CARTESIAN_POINT('Ctrl Pts',(0.705805616129559,0.517315189952441,1.45174161422756));
#8102=CARTESIAN_POINT('Ctrl Pts',(0.697150658838724,0.529004775211351,1.46379578398452));
#8103=CARTESIAN_POINT('Ctrl Pts',(0.686190842840483,0.542929165779687,1.47601802447429));
#8104=CARTESIAN_POINT('Ctrl Pts',(0.684796357526412,0.544687107564037,1.47752640084625));
#8105=CARTESIAN_POINT('Ctrl Pts',(0.683386499011631,0.546450265777799,1.47900586625312));
#8106=CARTESIAN_POINT('',(-0.68338649901163,0.546450265777799,1.47900586625312));
#8107=CARTESIAN_POINT('Origin',(0.,0.,1.02047964978224));
#8108=CARTESIAN_POINT('',(-0.68338649901163,0.5464502657778,1.00099413374688));
#8109=CARTESIAN_POINT('Ctrl Pts',(-0.68338649901163,0.546450265777799,1.47900586625312));
#8110=CARTESIAN_POINT('Ctrl Pts',(-0.684796357526412,0.544687107564037,
1.47752640084625));
#8111=CARTESIAN_POINT('Ctrl Pts',(-0.686190842840483,0.542929165779687,
1.47601802447429));
#8112=CARTESIAN_POINT('Ctrl Pts',(-0.697150658838724,0.529004775211351,
1.46379578398452));
#8113=CARTESIAN_POINT('Ctrl Pts',(-0.705805616129558,0.517315189952441,
1.45174161422756));
#8114=CARTESIAN_POINT('Ctrl Pts',(-0.727748454686261,0.486476442558196,
1.41472339705705));
#8115=CARTESIAN_POINT('Ctrl Pts',(-0.739901298813033,0.467331056752432,
1.38318888269448));
#8116=CARTESIAN_POINT('Ctrl Pts',(-0.755559596092341,0.441567568953231,
1.31368062138352));
#8117=CARTESIAN_POINT('Ctrl Pts',(-0.759210115844092,0.435,1.27572090927464));
#8118=CARTESIAN_POINT('Ctrl Pts',(-0.759210115844092,0.435,1.20427909072536));
#8119=CARTESIAN_POINT('Ctrl Pts',(-0.755559596092341,0.441567568953231,
1.16631937861648));
#8120=CARTESIAN_POINT('Ctrl Pts',(-0.739901298813033,0.467331056752432,
1.09681111730552));
#8121=CARTESIAN_POINT('Ctrl Pts',(-0.727748454686261,0.486476442558196,
1.06527660294295));
#8122=CARTESIAN_POINT('Ctrl Pts',(-0.705805616129558,0.517315189952441,
1.02825838577244));
#8123=CARTESIAN_POINT('Ctrl Pts',(-0.697150658838724,0.529004775211351,
1.01620421601548));
#8124=CARTESIAN_POINT('Ctrl Pts',(-0.686190842840483,0.542929165779687,
1.00398197552571));
#8125=CARTESIAN_POINT('Ctrl Pts',(-0.684796357526412,0.544687107564038,
1.00247359915375));
#8126=CARTESIAN_POINT('Ctrl Pts',(-0.68338649901163,0.546450265777799,1.00099413374688));
#8127=CARTESIAN_POINT('Origin',(0.,0.,1.45952035021776));
#8128=CARTESIAN_POINT('',(0.68338649901163,-0.546450265777799,1.47900586625312));
#8129=CARTESIAN_POINT('',(0.68338649901163,-0.5464502657778,1.00099413374688));
#8130=CARTESIAN_POINT('Ctrl Pts',(0.68338649901163,-0.546450265777799,1.47900586625312));
#8131=CARTESIAN_POINT('Ctrl Pts',(0.684796357526412,-0.544687107564037,
1.47752640084625));
#8132=CARTESIAN_POINT('Ctrl Pts',(0.686190842840483,-0.542929165779687,
1.47601802447429));
#8133=CARTESIAN_POINT('Ctrl Pts',(0.697150658838724,-0.529004775211351,
1.46379578398452));
#8134=CARTESIAN_POINT('Ctrl Pts',(0.705805616129558,-0.517315189952441,
1.45174161422756));
#8135=CARTESIAN_POINT('Ctrl Pts',(0.727748454686261,-0.486476442558196,
1.41472339705705));
#8136=CARTESIAN_POINT('Ctrl Pts',(0.739901298813033,-0.467331056752432,
1.38318888269448));
#8137=CARTESIAN_POINT('Ctrl Pts',(0.755559596092341,-0.441567568953231,
1.31368062138352));
#8138=CARTESIAN_POINT('Ctrl Pts',(0.759210115844092,-0.435,1.27572090927464));
#8139=CARTESIAN_POINT('Ctrl Pts',(0.759210115844092,-0.435,1.20427909072536));
#8140=CARTESIAN_POINT('Ctrl Pts',(0.755559596092341,-0.441567568953231,
1.16631937861648));
#8141=CARTESIAN_POINT('Ctrl Pts',(0.739901298813033,-0.467331056752432,
1.09681111730552));
#8142=CARTESIAN_POINT('Ctrl Pts',(0.727748454686261,-0.486476442558196,
1.06527660294295));
#8143=CARTESIAN_POINT('Ctrl Pts',(0.705805616129558,-0.517315189952441,
1.02825838577244));
#8144=CARTESIAN_POINT('Ctrl Pts',(0.697150658838725,-0.529004775211351,
1.01620421601548));
#8145=CARTESIAN_POINT('Ctrl Pts',(0.686190842840483,-0.542929165779687,
1.00398197552571));
#8146=CARTESIAN_POINT('Ctrl Pts',(0.684796357526412,-0.544687107564037,
1.00247359915375));
#8147=CARTESIAN_POINT('Ctrl Pts',(0.68338649901163,-0.546450265777799,1.00099413374688));
#8148=CARTESIAN_POINT('',(-0.68338649901163,-0.5464502657778,1.00099413374688));
#8149=CARTESIAN_POINT('Origin',(0.,0.,1.45952035021776));
#8150=CARTESIAN_POINT('',(-0.68338649901163,-0.546450265777799,1.47900586625312));
#8151=CARTESIAN_POINT('Ctrl Pts',(-0.68338649901163,-0.546450265777799,
1.00099413374688));
#8152=CARTESIAN_POINT('Ctrl Pts',(-0.684796357526412,-0.544687107564037,
1.00247359915375));
#8153=CARTESIAN_POINT('Ctrl Pts',(-0.686190842840483,-0.542929165779687,
1.00398197552571));
#8154=CARTESIAN_POINT('Ctrl Pts',(-0.697150658838724,-0.529004775211351,
1.01620421601548));
#8155=CARTESIAN_POINT('Ctrl Pts',(-0.705805616129559,-0.51731518995244,
1.02825838577244));
#8156=CARTESIAN_POINT('Ctrl Pts',(-0.727748454686261,-0.486476442558196,
1.06527660294295));
#8157=CARTESIAN_POINT('Ctrl Pts',(-0.739901298813033,-0.467331056752431,
1.09681111730552));
#8158=CARTESIAN_POINT('Ctrl Pts',(-0.755559596092341,-0.441567568953231,
1.16631937861648));
#8159=CARTESIAN_POINT('Ctrl Pts',(-0.759210115844092,-0.435,1.20427909072536));
#8160=CARTESIAN_POINT('Ctrl Pts',(-0.759210115844092,-0.435,1.24));
#8161=CARTESIAN_POINT('Ctrl Pts',(-0.759210115844092,-0.435,1.27572090927464));
#8162=CARTESIAN_POINT('Ctrl Pts',(-0.755559596092341,-0.441567568953231,
1.31368062138352));
#8163=CARTESIAN_POINT('Ctrl Pts',(-0.739901298813033,-0.467331056752432,
1.38318888269448));
#8164=CARTESIAN_POINT('Ctrl Pts',(-0.727748454686261,-0.486476442558196,
1.41472339705705));
#8165=CARTESIAN_POINT('Ctrl Pts',(-0.705805616129559,-0.51731518995244,
1.45174161422756));
#8166=CARTESIAN_POINT('Ctrl Pts',(-0.697150658838724,-0.529004775211351,
1.46379578398452));
#8167=CARTESIAN_POINT('Ctrl Pts',(-0.686190842840483,-0.542929165779687,
1.47601802447429));
#8168=CARTESIAN_POINT('Ctrl Pts',(-0.684796357526412,-0.544687107564037,
1.47752640084625));
#8169=CARTESIAN_POINT('Ctrl Pts',(-0.683386499011631,-0.546450265777798,
1.47900586625312));
#8170=CARTESIAN_POINT('Origin',(0.,0.,1.02047964978224));
#8171=CARTESIAN_POINT('Origin',(0.,0.,1.691));
#8172=CARTESIAN_POINT('',(0.,-0.3895,1.675));
#8173=CARTESIAN_POINT('Origin',(0.,0.,1.675));
#8174=CARTESIAN_POINT('',(0.,-0.3895,1.707));
#8175=CARTESIAN_POINT('Origin',(0.,0.,1.707));
#8176=CARTESIAN_POINT('Origin',(0.,-0.3755,1.675));
#8177=CARTESIAN_POINT('Origin',(0.,-0.3895,1.707));
#8178=CARTESIAN_POINT('',(0.,-0.3755,1.707));
#8179=CARTESIAN_POINT('Origin',(0.,0.,1.707));
#8180=CARTESIAN_POINT('Origin',(0.,0.,2.2));
#8181=CARTESIAN_POINT('',(0.,-0.3895,2.184));
#8182=CARTESIAN_POINT('Origin',(0.,0.,2.184));
#8183=CARTESIAN_POINT('',(0.,-0.3895,2.216));
#8184=CARTESIAN_POINT('Origin',(0.,0.,2.216));
#8185=CARTESIAN_POINT('Origin',(0.,-0.3755,2.184));
#8186=CARTESIAN_POINT('',(0.,-0.3755,2.184));
#8187=CARTESIAN_POINT('Origin',(0.,0.,2.184));
#8188=CARTESIAN_POINT('Origin',(0.,-0.3895,2.216));
#8189=CARTESIAN_POINT('Origin',(0.,0.,-1.63451146377169));
#8190=CARTESIAN_POINT('',(-0.0424999999999996,0.373087121192892,2.06));
#8191=CARTESIAN_POINT('Ctrl Pts',(-0.0424999999999996,0.373087121192892,
2.06));
#8192=CARTESIAN_POINT('Ctrl Pts',(-0.0424999999999996,0.373087121192892,
2.0653413252203));
#8193=CARTESIAN_POINT('Ctrl Pts',(-0.0414315969064722,0.373213653133159,
2.07103552288697));
#8194=CARTESIAN_POINT('Ctrl Pts',(-0.0370928990213057,0.373669807347316,
2.08150527518696));
#8195=CARTESIAN_POINT('Ctrl Pts',(-0.0338228533081686,0.373992747660468,
2.08628122309269));
#8196=CARTESIAN_POINT('Ctrl Pts',(-0.0262812442109339,0.374598260475093,
2.09382283218992));
#8197=CARTESIAN_POINT('Ctrl Pts',(-0.0215052870895305,0.374920295884283,
2.09709289442459));
#8198=CARTESIAN_POINT('Ctrl Pts',(-0.0110355037320456,0.375374377515912,
2.10143160450859));
#8199=CARTESIAN_POINT('Ctrl Pts',(-0.00534129530649895,0.3755,2.1025));
#8200=CARTESIAN_POINT('Ctrl Pts',(0.00534129530649971,0.3755,2.1025));
#8201=CARTESIAN_POINT('Ctrl Pts',(0.0110355037320464,0.375374377515912,
2.10143160450859));
#8202=CARTESIAN_POINT('Ctrl Pts',(0.0215052870895312,0.374920295884283,
2.09709289442459));
#8203=CARTESIAN_POINT('Ctrl Pts',(0.0262812442109346,0.374598260475092,
2.09382283218992));
#8204=CARTESIAN_POINT('Ctrl Pts',(0.0338228533081693,0.373992747660468,
2.08628122309269));
#8205=CARTESIAN_POINT('Ctrl Pts',(0.0370928990213065,0.373669807347316,
2.08150527518696));
#8206=CARTESIAN_POINT('Ctrl Pts',(0.0414315969064729,0.373213653133159,
2.07103552288697));
#8207=CARTESIAN_POINT('Ctrl Pts',(0.0425000000000004,0.373087121192892,
2.0653413252203));
#8208=CARTESIAN_POINT('Ctrl Pts',(0.0425000000000004,0.373087121192892,
2.0546586747797));
#8209=CARTESIAN_POINT('Ctrl Pts',(0.0414315969064727,0.373213653133159,
2.04896447711303));
#8210=CARTESIAN_POINT('Ctrl Pts',(0.0370928990213064,0.373669807347316,
2.03849472481304));
#8211=CARTESIAN_POINT('Ctrl Pts',(0.0338228533081693,0.373992747660468,
2.03371877690731));
#8212=CARTESIAN_POINT('Ctrl Pts',(0.0262812442109346,0.374598260475092,
2.02617716781008));
#8213=CARTESIAN_POINT('Ctrl Pts',(0.0215052870895312,0.374920295884283,
2.02290710557541));
#8214=CARTESIAN_POINT('Ctrl Pts',(0.0110355037320463,0.375374377515912,
2.01856839549141));
#8215=CARTESIAN_POINT('Ctrl Pts',(0.0053412953064997,0.3755,2.0175));
#8216=CARTESIAN_POINT('Ctrl Pts',(-0.00534129530649895,0.3755,2.0175));
#8217=CARTESIAN_POINT('Ctrl Pts',(-0.0110355037320456,0.375374377515912,
2.01856839549141));
#8218=CARTESIAN_POINT('Ctrl Pts',(-0.0215052870895304,0.374920295884283,
2.02290710557541));
#8219=CARTESIAN_POINT('Ctrl Pts',(-0.0262812442109339,0.374598260475093,
2.02617716781008));
#8220=CARTESIAN_POINT('Ctrl Pts',(-0.0338228533081686,0.373992747660468,
2.03371877690731));
#8221=CARTESIAN_POINT('Ctrl Pts',(-0.0370928990213056,0.373669807347316,
2.03849472481304));
#8222=CARTESIAN_POINT('Ctrl Pts',(-0.041431596906472,0.373213653133159,
2.04896447711303));
#8223=CARTESIAN_POINT('Ctrl Pts',(-0.0424999999999996,0.373087121192892,
2.0546586747797));
#8224=CARTESIAN_POINT('Ctrl Pts',(-0.0424999999999996,0.373087121192892,
2.06));
#8225=CARTESIAN_POINT('',(-0.301852924777849,-0.223349640257284,2.06));
#8226=CARTESIAN_POINT('Ctrl Pts',(-0.301852924777848,-0.223349640257285,
2.06));
#8227=CARTESIAN_POINT('Ctrl Pts',(-0.301852924777848,-0.223349640257285,
2.0653413252203));
#8228=CARTESIAN_POINT('Ctrl Pts',(-0.302496706199273,-0.222487642006942,
2.07103552288697));
#8229=CARTESIAN_POINT('Ctrl Pts',(-0.305061096279359,-0.21895829652612,
2.08150527518696));
#8230=CARTESIAN_POINT('Ctrl Pts',(-0.306975793651024,-0.216287824023583,
2.08628122309269));
#8231=CARTESIAN_POINT('Ctrl Pts',(-0.311270987679423,-0.210059355367278,
2.09382283218992));
#8232=CARTESIAN_POINT('Ctrl Pts',(-0.313937857085402,-0.206084272877353,
2.09709289442459));
#8233=CARTESIAN_POINT('Ctrl Pts',(-0.319565994992527,-0.197244215333466,
2.10143160450859));
#8234=CARTESIAN_POINT('Ctrl Pts',(-0.322521891467807,-0.192375697424543,
2.1025));
#8235=CARTESIAN_POINT('Ctrl Pts',(-0.327863186774306,-0.183124302575457,
2.1025));
#8236=CARTESIAN_POINT('Ctrl Pts',(-0.330601498724573,-0.178130162182447,
2.10143160450859));
#8237=CARTESIAN_POINT('Ctrl Pts',(-0.335443144174933,-0.168836023006931,
2.09709289442459));
#8238=CARTESIAN_POINT('Ctrl Pts',(-0.337552231890357,-0.164538905107815,
2.09382283218992));
#8239=CARTESIAN_POINT('Ctrl Pts',(-0.340798646959192,-0.157704923636886,
2.08628122309269));
#8240=CARTESIAN_POINT('Ctrl Pts',(-0.342153995300665,-0.154711510821197,
2.08150527518696));
#8241=CARTESIAN_POINT('Ctrl Pts',(-0.343928303105745,-0.150726011126218,
2.07103552288697));
#8242=CARTESIAN_POINT('Ctrl Pts',(-0.344352924777848,-0.149737480935609,
2.0653413252203));
#8243=CARTESIAN_POINT('Ctrl Pts',(-0.344352924777848,-0.149737480935609,
2.0546586747797));
#8244=CARTESIAN_POINT('Ctrl Pts',(-0.343928303105745,-0.150726011126218,
2.04896447711303));
#8245=CARTESIAN_POINT('Ctrl Pts',(-0.342153995300665,-0.154711510821197,
2.03849472481304));
#8246=CARTESIAN_POINT('Ctrl Pts',(-0.340798646959192,-0.157704923636886,
2.03371877690731));
#8247=CARTESIAN_POINT('Ctrl Pts',(-0.337552231890357,-0.164538905107815,
2.02617716781008));
#8248=CARTESIAN_POINT('Ctrl Pts',(-0.335443144174933,-0.168836023006931,
2.02290710557541));
#8249=CARTESIAN_POINT('Ctrl Pts',(-0.330601498724573,-0.178130162182447,
2.01856839549141));
#8250=CARTESIAN_POINT('Ctrl Pts',(-0.327863186774306,-0.183124302575457,
2.0175));
#8251=CARTESIAN_POINT('Ctrl Pts',(-0.322521891467807,-0.192375697424543,
2.0175));
#8252=CARTESIAN_POINT('Ctrl Pts',(-0.319565994992527,-0.197244215333466,
2.01856839549141));
#8253=CARTESIAN_POINT('Ctrl Pts',(-0.313937857085402,-0.206084272877353,
2.02290710557541));
#8254=CARTESIAN_POINT('Ctrl Pts',(-0.311270987679423,-0.210059355367278,
2.02617716781008));
#8255=CARTESIAN_POINT('Ctrl Pts',(-0.306975793651024,-0.216287824023583,
2.03371877690731));
#8256=CARTESIAN_POINT('Ctrl Pts',(-0.305061096279359,-0.21895829652612,
2.03849472481304));
#8257=CARTESIAN_POINT('Ctrl Pts',(-0.302496706199273,-0.222487642006942,
2.04896447711303));
#8258=CARTESIAN_POINT('Ctrl Pts',(-0.301852924777848,-0.223349640257285,
2.0546586747797));
#8259=CARTESIAN_POINT('Ctrl Pts',(-0.301852924777848,-0.223349640257285,
2.06));
#8260=CARTESIAN_POINT('',(0.344352924777848,-0.149737480935608,2.06));
#8261=CARTESIAN_POINT('Ctrl Pts',(0.344352924777848,-0.149737480935609,
2.06));
#8262=CARTESIAN_POINT('Ctrl Pts',(0.344352924777848,-0.149737480935609,
2.0653413252203));
#8263=CARTESIAN_POINT('Ctrl Pts',(0.343928303105745,-0.150726011126219,
2.07103552288697));
#8264=CARTESIAN_POINT('Ctrl Pts',(0.342153995300665,-0.154711510821197,
2.08150527518696));
#8265=CARTESIAN_POINT('Ctrl Pts',(0.340798646959192,-0.157704923636886,
2.08628122309269));
#8266=CARTESIAN_POINT('Ctrl Pts',(0.337552231890357,-0.164538905107815,
2.09382283218992));
#8267=CARTESIAN_POINT('Ctrl Pts',(0.335443144174932,-0.168836023006931,
2.09709289442459));
#8268=CARTESIAN_POINT('Ctrl Pts',(0.330601498724573,-0.178130162182448,
2.10143160450859));
#8269=CARTESIAN_POINT('Ctrl Pts',(0.327863186774306,-0.183124302575458,
2.1025));
#8270=CARTESIAN_POINT('Ctrl Pts',(0.322521891467806,-0.192375697424544,
2.1025));
#8271=CARTESIAN_POINT('Ctrl Pts',(0.319565994992527,-0.197244215333467,
2.10143160450859));
#8272=CARTESIAN_POINT('Ctrl Pts',(0.313937857085401,-0.206084272877354,
2.09709289442459));
#8273=CARTESIAN_POINT('Ctrl Pts',(0.311270987679422,-0.210059355367279,
2.09382283218992));
#8274=CARTESIAN_POINT('Ctrl Pts',(0.306975793651023,-0.216287824023584,
2.08628122309269));
#8275=CARTESIAN_POINT('Ctrl Pts',(0.305061096279359,-0.218958296526121,
2.08150527518696));
#8276=CARTESIAN_POINT('Ctrl Pts',(0.302496706199272,-0.222487642006942,
2.07103552288697));
#8277=CARTESIAN_POINT('Ctrl Pts',(0.301852924777848,-0.223349640257286,
2.0653413252203));
#8278=CARTESIAN_POINT('Ctrl Pts',(0.301852924777848,-0.223349640257286,
2.0546586747797));
#8279=CARTESIAN_POINT('Ctrl Pts',(0.302496706199272,-0.222487642006942,
2.04896447711303));
#8280=CARTESIAN_POINT('Ctrl Pts',(0.305061096279359,-0.218958296526121,
2.03849472481304));
#8281=CARTESIAN_POINT('Ctrl Pts',(0.306975793651023,-0.216287824023584,
2.03371877690731));
#8282=CARTESIAN_POINT('Ctrl Pts',(0.311270987679422,-0.210059355367279,
2.02617716781008));
#8283=CARTESIAN_POINT('Ctrl Pts',(0.313937857085402,-0.206084272877354,
2.02290710557541));
#8284=CARTESIAN_POINT('Ctrl Pts',(0.319565994992527,-0.197244215333467,
2.01856839549141));
#8285=CARTESIAN_POINT('Ctrl Pts',(0.322521891467806,-0.192375697424544,
2.0175));
#8286=CARTESIAN_POINT('Ctrl Pts',(0.327863186774306,-0.183124302575458,
2.0175));
#8287=CARTESIAN_POINT('Ctrl Pts',(0.330601498724573,-0.178130162182448,
2.01856839549141));
#8288=CARTESIAN_POINT('Ctrl Pts',(0.335443144174932,-0.168836023006931,
2.02290710557541));
#8289=CARTESIAN_POINT('Ctrl Pts',(0.337552231890357,-0.164538905107815,
2.02617716781008));
#8290=CARTESIAN_POINT('Ctrl Pts',(0.340798646959192,-0.157704923636886,
2.03371877690731));
#8291=CARTESIAN_POINT('Ctrl Pts',(0.342153995300665,-0.154711510821197,
2.03849472481304));
#8292=CARTESIAN_POINT('Ctrl Pts',(0.343928303105745,-0.150726011126219,
2.04896447711303));
#8293=CARTESIAN_POINT('Ctrl Pts',(0.344352924777848,-0.149737480935609,
2.0546586747797));
#8294=CARTESIAN_POINT('Ctrl Pts',(0.344352924777848,-0.149737480935609,
2.06));
#8295=CARTESIAN_POINT('Origin',(-0.928999999999999,-0.929,3.91451146377169));
#8296=CARTESIAN_POINT('',(-0.863999999999999,-0.929,0.25));
#8297=CARTESIAN_POINT('Origin',(-0.928999999999999,-0.929,0.25));
#8298=CARTESIAN_POINT('',(-0.993999999999999,-0.929,0.));
#8299=CARTESIAN_POINT('Origin',(-0.928999999999999,-0.929,0.));
#8300=CARTESIAN_POINT('Origin',(0.929000000000001,-0.929,3.91451146377169));
#8301=CARTESIAN_POINT('',(0.994,-0.929,0.25));
#8302=CARTESIAN_POINT('Origin',(0.929000000000001,-0.929,0.25));
#8303=CARTESIAN_POINT('',(0.864000000000001,-0.929,0.));
#8304=CARTESIAN_POINT('Origin',(0.929000000000001,-0.929,0.));
#8305=CARTESIAN_POINT('Origin',(-0.929,0.928999999999999,3.91451146377169));
#8306=CARTESIAN_POINT('',(-0.864,0.928999999999999,0.25));
#8307=CARTESIAN_POINT('Origin',(-0.929,0.928999999999999,0.25));
#8308=CARTESIAN_POINT('',(-0.994,0.928999999999999,0.));
#8309=CARTESIAN_POINT('Origin',(-0.929,0.928999999999999,0.));
#8310=CARTESIAN_POINT('Origin',(0.929,0.929,3.91451146377169));
#8311=CARTESIAN_POINT('',(0.994,0.929,0.25));
#8312=CARTESIAN_POINT('Origin',(0.929,0.929,0.25));
#8313=CARTESIAN_POINT('',(0.864,0.929,0.));
#8314=CARTESIAN_POINT('Origin',(0.929,0.929,0.));
#8315=CARTESIAN_POINT('Origin',(3.39006637103169,-1.95725573188585,2.06));
#8316=CARTESIAN_POINT('',(0.541730547186924,-0.263693504365496,2.06));
#8317=CARTESIAN_POINT('Ctrl Pts',(0.541730547186923,-0.263693504365497,
2.06));
#8318=CARTESIAN_POINT('Ctrl Pts',(0.541730547186923,-0.263693504365497,
2.0546617008506));
#8319=CARTESIAN_POINT('Ctrl Pts',(0.541264872555509,-0.264656970438373,
2.04896879156551));
#8320=CARTESIAN_POINT('Ctrl Pts',(0.539341293992716,-0.268555288252246,
2.03849819544421));
#8321=CARTESIAN_POINT('Ctrl Pts',(0.537879891836272,-0.271488007882318,
2.03372035786836));
#8322=CARTESIAN_POINT('Ctrl Pts',(0.534433811212577,-0.278210384196162,
2.02617556889493));
#8323=CARTESIAN_POINT('Ctrl Pts',(0.53221855605078,-0.282448379280433,2.02290505568029));
#8324=CARTESIAN_POINT('Ctrl Pts',(0.527228160763034,-0.291657581525088,
2.01856722222315));
#8325=CARTESIAN_POINT('Ctrl Pts',(0.52444945311604,-0.296626901201307,2.0175));
#8326=CARTESIAN_POINT('Ctrl Pts',(0.519111158444208,-0.305873098798695,
2.0175));
#8327=CARTESIAN_POINT('Ctrl Pts',(0.516196955188573,-0.310764190048792,
2.01856722222315));
#8328=CARTESIAN_POINT('Ctrl Pts',(0.510716749739986,-0.319690600265233,
2.02290505568029));
#8329=CARTESIAN_POINT('Ctrl Pts',(0.508154165916792,-0.323728065053349,
2.02617556889493));
#8330=CARTESIAN_POINT('Ctrl Pts',(0.504055457567051,-0.33007364657388,2.03372035786836));
#8331=CARTESIAN_POINT('Ctrl Pts',(0.502246348943454,-0.332805617781543,
2.03849819544421));
#8332=CARTESIAN_POINT('Ctrl Pts',(0.499832095966011,-0.336420644590033,
2.04896879156551));
#8333=CARTESIAN_POINT('Ctrl Pts',(0.499230547186923,-0.337305663687174,
2.0546617008506));
#8334=CARTESIAN_POINT('Ctrl Pts',(0.499230547186923,-0.337305663687174,
2.0653382991494));
#8335=CARTESIAN_POINT('Ctrl Pts',(0.499832095966011,-0.336420644590033,
2.07103120843449));
#8336=CARTESIAN_POINT('Ctrl Pts',(0.502246348943454,-0.332805617781543,
2.08150180455579));
#8337=CARTESIAN_POINT('Ctrl Pts',(0.504055457567051,-0.33007364657388,2.08627964213164));
#8338=CARTESIAN_POINT('Ctrl Pts',(0.508154165916792,-0.323728065053349,
2.09382443110507));
#8339=CARTESIAN_POINT('Ctrl Pts',(0.510716749739986,-0.319690600265233,
2.09709494431971));
#8340=CARTESIAN_POINT('Ctrl Pts',(0.516196955188573,-0.310764190048792,
2.10143277777685));
#8341=CARTESIAN_POINT('Ctrl Pts',(0.519111158444208,-0.305873098798695,
2.1025));
#8342=CARTESIAN_POINT('Ctrl Pts',(0.52444945311604,-0.296626901201307,2.1025));
#8343=CARTESIAN_POINT('Ctrl Pts',(0.527228160763034,-0.291657581525088,
2.10143277777685));
#8344=CARTESIAN_POINT('Ctrl Pts',(0.53221855605078,-0.282448379280433,2.0970949443197));
#8345=CARTESIAN_POINT('Ctrl Pts',(0.534433811212577,-0.278210384196162,
2.09382443110507));
#8346=CARTESIAN_POINT('Ctrl Pts',(0.537879891836272,-0.271488007882318,
2.08627964213164));
#8347=CARTESIAN_POINT('Ctrl Pts',(0.539341293992716,-0.268555288252246,
2.08150180455579));
#8348=CARTESIAN_POINT('Ctrl Pts',(0.541264872555509,-0.264656970438373,
2.07103120843449));
#8349=CARTESIAN_POINT('Ctrl Pts',(0.541730547186923,-0.263693504365497,
2.0653382991494));
#8350=CARTESIAN_POINT('Ctrl Pts',(0.541730547186923,-0.263693504365497,
2.06));
#8351=CARTESIAN_POINT('Origin',(-3.3900663710317,-1.95725573188585,2.06));
#8352=CARTESIAN_POINT('',(-0.499230547186925,-0.337305663687173,2.06));
#8353=CARTESIAN_POINT('Ctrl Pts',(-0.499230547186924,-0.337305663687174,
2.06));
#8354=CARTESIAN_POINT('Ctrl Pts',(-0.499230547186924,-0.337305663687174,
2.0546617008506));
#8355=CARTESIAN_POINT('Ctrl Pts',(-0.499832095966011,-0.336420644590032,
2.04896879156551));
#8356=CARTESIAN_POINT('Ctrl Pts',(-0.502246348943454,-0.332805617781542,
2.03849819544421));
#8357=CARTESIAN_POINT('Ctrl Pts',(-0.504055457567052,-0.33007364657388,
2.03372035786836));
#8358=CARTESIAN_POINT('Ctrl Pts',(-0.508154165916792,-0.323728065053349,
2.02617556889493));
#8359=CARTESIAN_POINT('Ctrl Pts',(-0.510716749739986,-0.319690600265233,
2.02290505568029));
#8360=CARTESIAN_POINT('Ctrl Pts',(-0.516196955188573,-0.310764190048792,
2.01856722222315));
#8361=CARTESIAN_POINT('Ctrl Pts',(-0.519111158444208,-0.305873098798695,
2.0175));
#8362=CARTESIAN_POINT('Ctrl Pts',(-0.52444945311604,-0.296626901201307,
2.0175));
#8363=CARTESIAN_POINT('Ctrl Pts',(-0.527228160763035,-0.291657581525087,
2.01856722222315));
#8364=CARTESIAN_POINT('Ctrl Pts',(-0.53221855605078,-0.282448379280433,
2.02290505568029));
#8365=CARTESIAN_POINT('Ctrl Pts',(-0.534433811212577,-0.278210384196162,
2.02617556889493));
#8366=CARTESIAN_POINT('Ctrl Pts',(-0.537879891836272,-0.271488007882318,
2.03372035786836));
#8367=CARTESIAN_POINT('Ctrl Pts',(-0.539341293992716,-0.268555288252245,
2.03849819544421));
#8368=CARTESIAN_POINT('Ctrl Pts',(-0.541264872555509,-0.264656970438372,
2.04896879156551));
#8369=CARTESIAN_POINT('Ctrl Pts',(-0.541730547186924,-0.263693504365497,
2.0546617008506));
#8370=CARTESIAN_POINT('Ctrl Pts',(-0.541730547186924,-0.263693504365497,
2.0653382991494));
#8371=CARTESIAN_POINT('Ctrl Pts',(-0.541264872555509,-0.264656970438372,
2.07103120843449));
#8372=CARTESIAN_POINT('Ctrl Pts',(-0.539341293992716,-0.268555288252245,
2.08150180455579));
#8373=CARTESIAN_POINT('Ctrl Pts',(-0.537879891836272,-0.271488007882318,
2.08627964213164));
#8374=CARTESIAN_POINT('Ctrl Pts',(-0.534433811212577,-0.278210384196162,
2.09382443110507));
#8375=CARTESIAN_POINT('Ctrl Pts',(-0.53221855605078,-0.282448379280433,
2.09709494431971));
#8376=CARTESIAN_POINT('Ctrl Pts',(-0.527228160763035,-0.291657581525087,
2.10143277777685));
#8377=CARTESIAN_POINT('Ctrl Pts',(-0.52444945311604,-0.296626901201307,
2.1025));
#8378=CARTESIAN_POINT('Ctrl Pts',(-0.519111158444208,-0.305873098798695,
2.1025));
#8379=CARTESIAN_POINT('Ctrl Pts',(-0.516196955188573,-0.310764190048792,
2.10143277777685));
#8380=CARTESIAN_POINT('Ctrl Pts',(-0.510716749739986,-0.319690600265233,
2.0970949443197));
#8381=CARTESIAN_POINT('Ctrl Pts',(-0.508154165916792,-0.323728065053349,
2.09382443110507));
#8382=CARTESIAN_POINT('Ctrl Pts',(-0.504055457567052,-0.33007364657388,
2.08627964213164));
#8383=CARTESIAN_POINT('Ctrl Pts',(-0.502246348943454,-0.332805617781542,
2.08150180455579));
#8384=CARTESIAN_POINT('Ctrl Pts',(-0.499832095966011,-0.336420644590032,
2.07103120843449));
#8385=CARTESIAN_POINT('Ctrl Pts',(-0.499230547186924,-0.337305663687174,
2.0653382991494));
#8386=CARTESIAN_POINT('Ctrl Pts',(-0.499230547186924,-0.337305663687174,
2.06));
#8387=CARTESIAN_POINT('Origin',(3.78415860936532E-16,3.91451146377169,2.06));
#8388=CARTESIAN_POINT('',(-0.0424999999999996,0.600999168052669,2.06));
#8389=CARTESIAN_POINT('Ctrl Pts',(-0.0424999999999996,0.600999168052669,
2.06));
#8390=CARTESIAN_POINT('Ctrl Pts',(-0.0424999999999996,0.600999168052669,
2.0546617008506));
#8391=CARTESIAN_POINT('Ctrl Pts',(-0.0414327765894973,0.601077615028403,
2.04896879156551));
#8392=CARTESIAN_POINT('Ctrl Pts',(-0.0370949450492614,0.601360906033786,
2.03849819544421));
#8393=CARTESIAN_POINT('Ctrl Pts',(-0.0338244342692196,0.601561654456196,
2.03372035786836));
#8394=CARTESIAN_POINT('Ctrl Pts',(-0.0262796452957841,0.601938449249509,
2.02617556889493));
#8395=CARTESIAN_POINT('Ctrl Pts',(-0.0215018063107936,0.602138979545664,
2.02290505568029));
#8396=CARTESIAN_POINT('Ctrl Pts',(-0.0110312055744612,0.602421771573877,
2.01856722222315));
#8397=CARTESIAN_POINT('Ctrl Pts',(-0.00533829467183165,0.6025,2.0175));
#8398=CARTESIAN_POINT('Ctrl Pts',(0.00533829467183243,0.6025,2.0175));
#8399=CARTESIAN_POINT('Ctrl Pts',(0.0110312055744619,0.602421771573877,
2.01856722222315));
#8400=CARTESIAN_POINT('Ctrl Pts',(0.0215018063107944,0.602138979545664,
2.02290505568029));
#8401=CARTESIAN_POINT('Ctrl Pts',(0.0262796452957848,0.601938449249509,
2.02617556889493));
#8402=CARTESIAN_POINT('Ctrl Pts',(0.0338244342692203,0.601561654456196,
2.03372035786836));
#8403=CARTESIAN_POINT('Ctrl Pts',(0.0370949450492622,0.601360906033786,
2.03849819544421));
#8404=CARTESIAN_POINT('Ctrl Pts',(0.041432776589498,0.601077615028403,2.04896879156551));
#8405=CARTESIAN_POINT('Ctrl Pts',(0.0425000000000004,0.600999168052669,
2.0546617008506));
#8406=CARTESIAN_POINT('Ctrl Pts',(0.0425000000000004,0.600999168052669,
2.0653382991494));
#8407=CARTESIAN_POINT('Ctrl Pts',(0.041432776589498,0.601077615028403,2.07103120843449));
#8408=CARTESIAN_POINT('Ctrl Pts',(0.0370949450492622,0.601360906033786,
2.08150180455579));
#8409=CARTESIAN_POINT('Ctrl Pts',(0.0338244342692203,0.601561654456196,
2.08627964213164));
#8410=CARTESIAN_POINT('Ctrl Pts',(0.0262796452957848,0.601938449249509,
2.09382443110507));
#8411=CARTESIAN_POINT('Ctrl Pts',(0.0215018063107943,0.602138979545664,
2.09709494431971));
#8412=CARTESIAN_POINT('Ctrl Pts',(0.0110312055744619,0.602421771573877,
2.10143277777685));
#8413=CARTESIAN_POINT('Ctrl Pts',(0.00533829467183241,0.6025,2.1025));
#8414=CARTESIAN_POINT('Ctrl Pts',(-0.00533829467183165,0.6025,2.1025));
#8415=CARTESIAN_POINT('Ctrl Pts',(-0.0110312055744611,0.602421771573877,
2.10143277777685));
#8416=CARTESIAN_POINT('Ctrl Pts',(-0.0215018063107936,0.602138979545664,
2.09709494431971));
#8417=CARTESIAN_POINT('Ctrl Pts',(-0.0262796452957841,0.601938449249509,
2.09382443110507));
#8418=CARTESIAN_POINT('Ctrl Pts',(-0.0338244342692195,0.601561654456196,
2.08627964213164));
#8419=CARTESIAN_POINT('Ctrl Pts',(-0.0370949450492614,0.601360906033786,
2.08150180455579));
#8420=CARTESIAN_POINT('Ctrl Pts',(-0.0414327765894973,0.601077615028403,
2.07103120843449));
#8421=CARTESIAN_POINT('Ctrl Pts',(-0.0424999999999996,0.600999168052669,
2.0653382991494));
#8422=CARTESIAN_POINT('Ctrl Pts',(-0.0424999999999996,0.600999168052669,
2.06));
#8423=CARTESIAN_POINT('Origin',(0.,0.,0.1));
#8424=CARTESIAN_POINT('',(-0.7535,0.,0.1));
#8425=CARTESIAN_POINT('Origin',(0.,0.,0.1));
#8426=CARTESIAN_POINT('',(0.65,-7.9602041944578E-17,0.1));
#8427=CARTESIAN_POINT('Origin',(0.,0.,0.1));
#8428=CARTESIAN_POINT('Origin',(0.,0.,0.05));
#8429=CARTESIAN_POINT('',(-0.7535,0.,0.));
#8430=CARTESIAN_POINT('Origin',(0.,0.,0.));
#8431=CARTESIAN_POINT('Origin',(0.,0.,0.805));
#8432=CARTESIAN_POINT('',(-0.351983106173254,0.5464502657778,1.00099413374688));
#8433=CARTESIAN_POINT('Origin',(0.,0.,1.45952035021776));
#8434=CARTESIAN_POINT('',(-0.351983106173254,0.546450265777799,1.47900586625312));
#8435=CARTESIAN_POINT('Ctrl Pts',(-0.351983106173255,0.546450265777799,
1.47900586625312));
#8436=CARTESIAN_POINT('Ctrl Pts',(-0.369509543008233,0.535161023071431,
1.46953306686194));
#8437=CARTESIAN_POINT('Ctrl Pts',(-0.385676488361488,0.52349826978244,1.45828233912369));
#8438=CARTESIAN_POINT('Ctrl Pts',(-0.424993251730014,0.492892792413144,
1.42355048204019));
#8439=CARTESIAN_POINT('Ctrl Pts',(-0.447121511389812,0.472229826005506,
1.39280728662576));
#8440=CARTESIAN_POINT('Ctrl Pts',(-0.475934380938265,0.443175996377613,
1.32086936525096));
#8441=CARTESIAN_POINT('Ctrl Pts',(-0.482985507028938,0.435,1.27973529887265));
#8442=CARTESIAN_POINT('Ctrl Pts',(-0.482985507028938,0.435,1.24));
#8443=CARTESIAN_POINT('Ctrl Pts',(-0.482985507028938,0.435,1.20026470112735));
#8444=CARTESIAN_POINT('Ctrl Pts',(-0.475934380938265,0.443175996377613,
1.15913063474904));
#8445=CARTESIAN_POINT('Ctrl Pts',(-0.447121511389812,0.472229826005506,
1.08719271337424));
#8446=CARTESIAN_POINT('Ctrl Pts',(-0.424993251730014,0.492892792413144,
1.05644951795981));
#8447=CARTESIAN_POINT('Ctrl Pts',(-0.385676488361488,0.52349826978244,1.02171766087631));
#8448=CARTESIAN_POINT('Ctrl Pts',(-0.369509543008232,0.535161023071431,
1.01046693313806));
#8449=CARTESIAN_POINT('Ctrl Pts',(-0.351983106173254,0.546450265777799,
1.00099413374688));
#8450=CARTESIAN_POINT('',(0.351983106173254,0.546450265777799,1.47900586625312));
#8451=CARTESIAN_POINT('Origin',(0.,0.,1.02047964978224));
#8452=CARTESIAN_POINT('Ctrl Pts',(0.351983106173254,0.5464502657778,1.00099413374688));
#8453=CARTESIAN_POINT('Ctrl Pts',(0.369509543008232,0.535161023071432,1.01046693313806));
#8454=CARTESIAN_POINT('Ctrl Pts',(0.385676488361488,0.52349826978244,1.02171766087631));
#8455=CARTESIAN_POINT('Ctrl Pts',(0.424993251730014,0.492892792413144,1.05644951795981));
#8456=CARTESIAN_POINT('Ctrl Pts',(0.447121511389812,0.472229826005506,1.08719271337424));
#8457=CARTESIAN_POINT('Ctrl Pts',(0.475934380938265,0.443175996377613,1.15913063474904));
#8458=CARTESIAN_POINT('Ctrl Pts',(0.482985507028938,0.435,1.20026470112735));
#8459=CARTESIAN_POINT('Ctrl Pts',(0.482985507028938,0.435,1.27973529887265));
#8460=CARTESIAN_POINT('Ctrl Pts',(0.475934380938265,0.443175996377613,1.32086936525096));
#8461=CARTESIAN_POINT('Ctrl Pts',(0.447121511389812,0.472229826005506,1.39280728662576));
#8462=CARTESIAN_POINT('Ctrl Pts',(0.424993251730014,0.492892792413144,1.42355048204019));
#8463=CARTESIAN_POINT('Ctrl Pts',(0.385676488361488,0.52349826978244,1.45828233912369));
#8464=CARTESIAN_POINT('Ctrl Pts',(0.369509543008232,0.535161023071431,1.46953306686194));
#8465=CARTESIAN_POINT('Ctrl Pts',(0.351983106173254,0.546450265777799,1.47900586625312));
#8466=CARTESIAN_POINT('',(-0.351983106173254,-0.5464502657778,1.00099413374688));
#8467=CARTESIAN_POINT('',(-0.351983106173255,-0.546450265777799,1.47900586625312));
#8468=CARTESIAN_POINT('Ctrl Pts',(-0.351983106173254,-0.5464502657778,1.00099413374688));
#8469=CARTESIAN_POINT('Ctrl Pts',(-0.369509543008232,-0.535161023071431,
1.01046693313806));
#8470=CARTESIAN_POINT('Ctrl Pts',(-0.385676488361488,-0.52349826978244,
1.02171766087631));
#8471=CARTESIAN_POINT('Ctrl Pts',(-0.424993251730014,-0.492892792413144,
1.05644951795981));
#8472=CARTESIAN_POINT('Ctrl Pts',(-0.447121511389812,-0.472229826005506,
1.08719271337424));
#8473=CARTESIAN_POINT('Ctrl Pts',(-0.475934380938265,-0.443175996377613,
1.15913063474904));
#8474=CARTESIAN_POINT('Ctrl Pts',(-0.482985507028938,-0.435,1.20026470112735));
#8475=CARTESIAN_POINT('Ctrl Pts',(-0.482985507028938,-0.435,1.27973529887265));
#8476=CARTESIAN_POINT('Ctrl Pts',(-0.475934380938265,-0.443175996377613,
1.32086936525096));
#8477=CARTESIAN_POINT('Ctrl Pts',(-0.447121511389812,-0.472229826005506,
1.39280728662576));
#8478=CARTESIAN_POINT('Ctrl Pts',(-0.424993251730014,-0.492892792413144,
1.42355048204019));
#8479=CARTESIAN_POINT('Ctrl Pts',(-0.385676488361489,-0.52349826978244,
1.45828233912369));
#8480=CARTESIAN_POINT('Ctrl Pts',(-0.369509543008233,-0.535161023071431,
1.46953306686194));
#8481=CARTESIAN_POINT('Ctrl Pts',(-0.351983106173255,-0.546450265777799,
1.47900586625312));
#8482=CARTESIAN_POINT('',(0.351983106173254,-0.5464502657778,1.00099413374688));
#8483=CARTESIAN_POINT('Origin',(0.,0.,1.45952035021776));
#8484=CARTESIAN_POINT('',(0.351983106173254,-0.546450265777799,1.47900586625312));
#8485=CARTESIAN_POINT('Ctrl Pts',(0.351983106173255,-0.546450265777799,
1.47900586625312));
#8486=CARTESIAN_POINT('Ctrl Pts',(0.369509543008232,-0.535161023071431,
1.46953306686194));
#8487=CARTESIAN_POINT('Ctrl Pts',(0.385676488361488,-0.52349826978244,1.45828233912369));
#8488=CARTESIAN_POINT('Ctrl Pts',(0.424993251730014,-0.492892792413144,
1.42355048204019));
#8489=CARTESIAN_POINT('Ctrl Pts',(0.447121511389812,-0.472229826005506,
1.39280728662576));
#8490=CARTESIAN_POINT('Ctrl Pts',(0.475934380938265,-0.443175996377613,
1.32086936525096));
#8491=CARTESIAN_POINT('Ctrl Pts',(0.482985507028938,-0.435,1.27973529887265));
#8492=CARTESIAN_POINT('Ctrl Pts',(0.482985507028938,-0.435,1.24));
#8493=CARTESIAN_POINT('Ctrl Pts',(0.482985507028938,-0.435,1.20026470112735));
#8494=CARTESIAN_POINT('Ctrl Pts',(0.475934380938265,-0.443175996377613,
1.15913063474904));
#8495=CARTESIAN_POINT('Ctrl Pts',(0.447121511389812,-0.472229826005506,
1.08719271337424));
#8496=CARTESIAN_POINT('Ctrl Pts',(0.424993251730014,-0.492892792413144,
1.05644951795981));
#8497=CARTESIAN_POINT('Ctrl Pts',(0.385676488361488,-0.52349826978244,1.02171766087631));
#8498=CARTESIAN_POINT('Ctrl Pts',(0.369509543008232,-0.535161023071431,
1.01046693313806));
#8499=CARTESIAN_POINT('Ctrl Pts',(0.351983106173254,-0.546450265777799,
1.00099413374688));
#8500=CARTESIAN_POINT('Origin',(0.,0.,1.02047964978224));
#8501=CARTESIAN_POINT('Origin',(-1.07156594925393E-16,-0.875,0.725308172937638));
#8502=CARTESIAN_POINT('',(-6.69208568878003E-17,-0.5464502657778,1.00099413374688));
#8503=CARTESIAN_POINT('',(-6.69208568878003E-17,-0.5464502657778,1.00099413374688));
#8504=CARTESIAN_POINT('Origin',(-9.14811158963073E-17,-0.747,1.24));
#8505=CARTESIAN_POINT('',(-6.69208568878002E-17,-0.546450265777799,1.47900586625312));
#8506=CARTESIAN_POINT('Origin',(-9.14811158963073E-17,-0.747,1.24));
#8507=CARTESIAN_POINT('',(-6.69208568878002E-17,-0.546450265777799,1.47900586625312));
#8508=CARTESIAN_POINT('Origin',(0.,0.875,0.725308172937638));
#8509=CARTESIAN_POINT('',(0.,0.5464502657778,1.00099413374688));
#8510=CARTESIAN_POINT('Origin',(0.,0.747,1.24));
#8511=CARTESIAN_POINT('',(0.,0.546450265777799,1.47900586625312));
#8512=CARTESIAN_POINT('Origin',(0.,0.747,1.24));
#8513=CARTESIAN_POINT('',(0.,0.546450265777799,1.47900586625312));
#8514=CARTESIAN_POINT('Origin',(-6.69208568878002E-17,-0.546450265777799,
1.47900586625312));
#8515=CARTESIAN_POINT('Origin',(0.,0.546450265777799,1.47900586625312));
#8516=CARTESIAN_POINT('Origin',(0.,0.,0.43));
#8517=CARTESIAN_POINT('',(-1.055,-1.29200237310046E-16,0.25));
#8518=CARTESIAN_POINT('Origin',(0.,0.,0.25));
#8519=CARTESIAN_POINT('Origin',(4.37095678986282E-16,2.62257407391769E-16,
0.25));
#8520=CARTESIAN_POINT('',(1.125,-1.065,0.25));
#8521=CARTESIAN_POINT('',(1.065,-1.125,0.25));
#8522=CARTESIAN_POINT('Origin',(1.065,-1.065,0.25));
#8523=CARTESIAN_POINT('',(1.125,1.065,0.25));
#8524=CARTESIAN_POINT('',(1.125,-1.125,0.25));
#8525=CARTESIAN_POINT('',(1.065,1.125,0.25));
#8526=CARTESIAN_POINT('Origin',(1.065,1.065,0.25));
#8527=CARTESIAN_POINT('',(-1.065,1.125,0.25));
#8528=CARTESIAN_POINT('',(1.125,1.125,0.25));
#8529=CARTESIAN_POINT('',(-1.125,1.065,0.25));
#8530=CARTESIAN_POINT('Origin',(-1.065,1.065,0.25));
#8531=CARTESIAN_POINT('',(-1.125,-1.065,0.25));
#8532=CARTESIAN_POINT('',(-1.125,1.125,0.25));
#8533=CARTESIAN_POINT('',(-1.065,-1.125,0.25));
#8534=CARTESIAN_POINT('Origin',(-1.065,-1.065,0.25));
#8535=CARTESIAN_POINT('',(-1.125,-1.125,0.25));
#8536=CARTESIAN_POINT('Origin',(0.,0.65125,1.88));
#8537=CARTESIAN_POINT('',(0.,0.7,1.88));
#8538=CARTESIAN_POINT('Origin',(0.,0.,1.88));
#8539=CARTESIAN_POINT('',(0.,0.6025,1.88));
#8540=CARTESIAN_POINT('Origin',(0.,0.,1.88));
#8541=CARTESIAN_POINT('Origin',(0.,0.,1.9075));
#8542=CARTESIAN_POINT('',(0.,0.7,1.935));
#8543=CARTESIAN_POINT('Origin',(0.,0.,1.935));
#8544=CARTESIAN_POINT('Origin',(0.,0.,2.265));
#8545=CARTESIAN_POINT('',(0.6025,7.3784969648628E-17,2.25));
#8546=CARTESIAN_POINT('Origin',(0.,0.,2.25));
#8547=CARTESIAN_POINT('Origin',(0.,0.,1.935));
#8548=CARTESIAN_POINT('Origin',(1.065,-1.065,0.));
#8549=CARTESIAN_POINT('',(1.065,-1.125,0.));
#8550=CARTESIAN_POINT('',(1.065,-1.125,0.));
#8551=CARTESIAN_POINT('',(1.125,-1.065,0.));
#8552=CARTESIAN_POINT('Origin',(1.065,-1.065,0.));
#8553=CARTESIAN_POINT('',(1.125,-1.065,0.));
#8554=CARTESIAN_POINT('Origin',(1.125,1.125,0.));
#8555=CARTESIAN_POINT('',(1.125,1.065,0.));
#8556=CARTESIAN_POINT('',(1.125,-1.125,0.));
#8557=CARTESIAN_POINT('',(1.125,1.065,0.));
#8558=CARTESIAN_POINT('Origin',(4.37095678986282E-16,2.66231004473463E-16,
0.));
#8559=CARTESIAN_POINT('',(-1.065,-1.125,0.));
#8560=CARTESIAN_POINT('',(-1.125,-1.125,0.));
#8561=CARTESIAN_POINT('',(-1.125,-1.065,0.));
#8562=CARTESIAN_POINT('Origin',(-1.065,-1.065,0.));
#8563=CARTESIAN_POINT('',(-1.125,1.065,0.));
#8564=CARTESIAN_POINT('',(-1.125,1.125,0.));
#8565=CARTESIAN_POINT('',(-1.065,1.125,0.));
#8566=CARTESIAN_POINT('Origin',(-1.065,1.065,0.));
#8567=CARTESIAN_POINT('',(1.065,1.125,0.));
#8568=CARTESIAN_POINT('',(1.125,1.125,0.));
#8569=CARTESIAN_POINT('Origin',(1.065,1.065,0.));
#8570=CARTESIAN_POINT('Origin',(-1.065,-1.065,0.));
#8571=CARTESIAN_POINT('',(-1.125,-1.065,0.));
#8572=CARTESIAN_POINT('',(-1.065,-1.125,0.));
#8573=CARTESIAN_POINT('Origin',(-1.125,-1.125,0.));
#8574=CARTESIAN_POINT('',(-1.125,1.065,0.));
#8575=CARTESIAN_POINT('Origin',(-1.065,1.065,0.));
#8576=CARTESIAN_POINT('',(-1.065,1.125,0.));
#8577=CARTESIAN_POINT('Origin',(1.065,1.065,0.));
#8578=CARTESIAN_POINT('',(1.065,1.125,0.));
#8579=CARTESIAN_POINT('Origin',(0.,0.,1.87));
#8580=CARTESIAN_POINT('',(-0.745,9.12361865364778E-17,1.935));
#8581=CARTESIAN_POINT('Origin',(0.,0.,1.935));
#8582=CARTESIAN_POINT('Origin',(0.,0.,1.935));
#8583=CARTESIAN_POINT('Origin',(-1.125,1.125,0.));
#8584=CARTESIAN_POINT('Origin',(1.125,-1.125,0.));
#8585=CARTESIAN_POINT('',(0.,0.,0.));
#8586=CARTESIAN_POINT('',(0.,0.,0.));
#8587=CARTESIAN_POINT('',(0.,0.,-2.044));
#8588=CARTESIAN_POINT('',(4.33601785901754E-16,-5.89170592492692E-16,0.106));
#8589=CARTESIAN_POINT('',(-3.6605279236907E-15,4.41989537848944E-32,-0.106500000000001));
#8590=CARTESIAN_POINT('',(-1.69509618331015E-15,2.04673968970954E-32,-1.4915));
#8591=CARTESIAN_POINT('',(7.56071681190868E-49,-3.93488848594538E-65,-1.4915));
#8592=CARTESIAN_POINT('',(3.9074579543472E-16,-5.30938615327716E-16,-0.106500000000001));
#8593=CARTESIAN_POINT('',(4.9201198583792E-33,4.49622673758236E-33,-0.169000000000001));
#8594=CARTESIAN_POINT('',(-2.02057261018488E-16,1.85574085234492E-30,-1.429));
#8595=CARTESIAN_POINT('',(4.65274880732838E-49,0.,-1.704));
#8596=CARTESIAN_POINT('',(-2.02057261018488E-16,1.88091831570564E-30,-1.279));
#8597=CARTESIAN_POINT('',(-1.37521998394802E-30,-4.89191119123986E-31,-2.686));
#8598=CARTESIAN_POINT('',(-9.70547373549471E-33,0.614999999999998,-0.784));
#8599=CARTESIAN_POINT('',(0.00338899182852774,-0.0108275069592107,-3.98575850940803));
#8600=UNCERTAINTY_MEASURE_WITH_UNIT(LENGTH_MEASURE(0.000393700787401575),
#8626,'DISTANCE_ACCURACY_VALUE',
'Maximum model space distance between geometric entities at asserted c
onnectivities');
#8601=UNCERTAINTY_MEASURE_WITH_UNIT(LENGTH_MEASURE(0.000393700787401575),
#8626,'DISTANCE_ACCURACY_VALUE',
'Maximum model space distance between geometric entities at asserted c
onnectivities');
#8602=UNCERTAINTY_MEASURE_WITH_UNIT(LENGTH_MEASURE(0.000393700787401575),
#8626,'DISTANCE_ACCURACY_VALUE',
'Maximum model space distance between geometric entities at asserted c
onnectivities');
#8603=UNCERTAINTY_MEASURE_WITH_UNIT(LENGTH_MEASURE(0.000393700787401575),
#8626,'DISTANCE_ACCURACY_VALUE',
'Maximum model space distance between geometric entities at asserted c
onnectivities');
#8604=UNCERTAINTY_MEASURE_WITH_UNIT(LENGTH_MEASURE(0.000393700787401575),
#8626,'DISTANCE_ACCURACY_VALUE',
'Maximum model space distance between geometric entities at asserted c
onnectivities');
#8605=UNCERTAINTY_MEASURE_WITH_UNIT(LENGTH_MEASURE(0.000393700787401575),
#8626,'DISTANCE_ACCURACY_VALUE',
'Maximum model space distance between geometric entities at asserted c
onnectivities');
#8606=UNCERTAINTY_MEASURE_WITH_UNIT(LENGTH_MEASURE(0.000393700787401575),
#8626,'DISTANCE_ACCURACY_VALUE',
'Maximum model space distance between geometric entities at asserted c
onnectivities');
#8607=UNCERTAINTY_MEASURE_WITH_UNIT(LENGTH_MEASURE(0.000393700787401575),
#8626,'DISTANCE_ACCURACY_VALUE',
'Maximum model space distance between geometric entities at asserted c
onnectivities');
#8608=UNCERTAINTY_MEASURE_WITH_UNIT(LENGTH_MEASURE(0.000393700787401575),
#8626,'DISTANCE_ACCURACY_VALUE',
'Maximum model space distance between geometric entities at asserted c
onnectivities');
#8609=UNCERTAINTY_MEASURE_WITH_UNIT(LENGTH_MEASURE(0.000393700787401575),
#8626,'DISTANCE_ACCURACY_VALUE',
'Maximum model space distance between geometric entities at asserted c
onnectivities');
#8610=UNCERTAINTY_MEASURE_WITH_UNIT(LENGTH_MEASURE(0.000393700787401575),
#8626,'DISTANCE_ACCURACY_VALUE',
'Maximum model space distance between geometric entities at asserted c
onnectivities');
#8611=UNCERTAINTY_MEASURE_WITH_UNIT(LENGTH_MEASURE(0.000393700787401575),
#8626,'DISTANCE_ACCURACY_VALUE',
'Maximum model space distance between geometric entities at asserted c
onnectivities');
#8612=UNCERTAINTY_MEASURE_WITH_UNIT(LENGTH_MEASURE(1.E-6),#8627,
'DISTANCE_ACCURACY_VALUE',
'Maximum model space distance between geometric entities at asserted c
onnectivities');
#8613=(
GEOMETRIC_REPRESENTATION_CONTEXT(3)
GLOBAL_UNCERTAINTY_ASSIGNED_CONTEXT((#8600))
GLOBAL_UNIT_ASSIGNED_CONTEXT((#8626,#8632,#8629))
REPRESENTATION_CONTEXT('','3D')
);
#8614=(
GEOMETRIC_REPRESENTATION_CONTEXT(3)
GLOBAL_UNCERTAINTY_ASSIGNED_CONTEXT((#8601))
GLOBAL_UNIT_ASSIGNED_CONTEXT((#8626,#8632,#8629))
REPRESENTATION_CONTEXT('','3D')
);
#8615=(
GEOMETRIC_REPRESENTATION_CONTEXT(3)
GLOBAL_UNCERTAINTY_ASSIGNED_CONTEXT((#8602))
GLOBAL_UNIT_ASSIGNED_CONTEXT((#8626,#8632,#8629))
REPRESENTATION_CONTEXT('','3D')
);
#8616=(
GEOMETRIC_REPRESENTATION_CONTEXT(3)
GLOBAL_UNCERTAINTY_ASSIGNED_CONTEXT((#8603))
GLOBAL_UNIT_ASSIGNED_CONTEXT((#8626,#8632,#8629))
REPRESENTATION_CONTEXT('','3D')
);
#8617=(
GEOMETRIC_REPRESENTATION_CONTEXT(3)
GLOBAL_UNCERTAINTY_ASSIGNED_CONTEXT((#8604))
GLOBAL_UNIT_ASSIGNED_CONTEXT((#8626,#8632,#8629))
REPRESENTATION_CONTEXT('','3D')
);
#8618=(
GEOMETRIC_REPRESENTATION_CONTEXT(3)
GLOBAL_UNCERTAINTY_ASSIGNED_CONTEXT((#8605))
GLOBAL_UNIT_ASSIGNED_CONTEXT((#8626,#8632,#8629))
REPRESENTATION_CONTEXT('','3D')
);
#8619=(
GEOMETRIC_REPRESENTATION_CONTEXT(3)
GLOBAL_UNCERTAINTY_ASSIGNED_CONTEXT((#8606))
GLOBAL_UNIT_ASSIGNED_CONTEXT((#8626,#8632,#8629))
REPRESENTATION_CONTEXT('','3D')
);
#8620=(
GEOMETRIC_REPRESENTATION_CONTEXT(3)
GLOBAL_UNCERTAINTY_ASSIGNED_CONTEXT((#8607))
GLOBAL_UNIT_ASSIGNED_CONTEXT((#8626,#8632,#8629))
REPRESENTATION_CONTEXT('','3D')
);
#8621=(
GEOMETRIC_REPRESENTATION_CONTEXT(3)
GLOBAL_UNCERTAINTY_ASSIGNED_CONTEXT((#8608))
GLOBAL_UNIT_ASSIGNED_CONTEXT((#8626,#8632,#8629))
REPRESENTATION_CONTEXT('','3D')
);
#8622=(
GEOMETRIC_REPRESENTATION_CONTEXT(3)
GLOBAL_UNCERTAINTY_ASSIGNED_CONTEXT((#8609))
GLOBAL_UNIT_ASSIGNED_CONTEXT((#8626,#8633,#8629))
REPRESENTATION_CONTEXT('','3D')
);
#8623=(
GEOMETRIC_REPRESENTATION_CONTEXT(3)
GLOBAL_UNCERTAINTY_ASSIGNED_CONTEXT((#8610))
GLOBAL_UNIT_ASSIGNED_CONTEXT((#8626,#8632,#8629))
REPRESENTATION_CONTEXT('','3D')
);
#8624=(
GEOMETRIC_REPRESENTATION_CONTEXT(3)
GLOBAL_UNCERTAINTY_ASSIGNED_CONTEXT((#8611))
GLOBAL_UNIT_ASSIGNED_CONTEXT((#8626,#8632,#8629))
REPRESENTATION_CONTEXT('','3D')
);
#8625=(
GEOMETRIC_REPRESENTATION_CONTEXT(3)
GLOBAL_UNCERTAINTY_ASSIGNED_CONTEXT((#8612))
GLOBAL_UNIT_ASSIGNED_CONTEXT((#8627,#8632,#8629))
REPRESENTATION_CONTEXT('','3D')
);
#8626=(
CONVERSION_BASED_UNIT('__CONSTANT UNIT inch',#8628)
LENGTH_UNIT()
NAMED_UNIT(#8631)
);
#8627=(
LENGTH_UNIT()
NAMED_UNIT(*)
SI_UNIT(.MILLI.,.METRE.)
);
#8628=LENGTH_MEASURE_WITH_UNIT(LENGTH_MEASURE(25.4),#8627);
#8629=(
NAMED_UNIT(*)
SI_UNIT($,.STERADIAN.)
SOLID_ANGLE_UNIT()
);
#8630=DIMENSIONAL_EXPONENTS(0.,0.,0.,0.,0.,0.,0.);
#8631=DIMENSIONAL_EXPONENTS(1.,0.,0.,0.,0.,0.,0.);
#8632=(
CONVERSION_BASED_UNIT('degree',#8634)
NAMED_UNIT(#8630)
PLANE_ANGLE_UNIT()
);
#8633=(
NAMED_UNIT(*)
PLANE_ANGLE_UNIT()
SI_UNIT($,.RADIAN.)
);
#8634=PLANE_ANGLE_MEASURE_WITH_UNIT(PLANE_ANGLE_MEASURE(0.01745329252),
#8633);
#8635=SHAPE_DEFINITION_REPRESENTATION(#8647,#8674);
#8636=SHAPE_DEFINITION_REPRESENTATION(#8648,#8675);
#8637=SHAPE_DEFINITION_REPRESENTATION(#8650,#8676);
#8638=SHAPE_DEFINITION_REPRESENTATION(#8651,#8677);
#8639=SHAPE_DEFINITION_REPRESENTATION(#8652,#8678);
#8640=SHAPE_DEFINITION_REPRESENTATION(#8653,#8679);
#8641=SHAPE_DEFINITION_REPRESENTATION(#8654,#8680);
#8642=SHAPE_DEFINITION_REPRESENTATION(#8655,#8681);
#8643=SHAPE_DEFINITION_REPRESENTATION(#8656,#8682);
#8644=SHAPE_DEFINITION_REPRESENTATION(#8657,#8683);
#8645=SHAPE_DEFINITION_REPRESENTATION(#8658,#8684);
#8646=SHAPE_DEFINITION_REPRESENTATION(#8659,#8685);
#8647=PRODUCT_DEFINITION_SHAPE('',$,#8687);
#8648=PRODUCT_DEFINITION_SHAPE('',$,#8688);
#8649=PRODUCT_DEFINITION_SHAPE($,$,#117);
#8650=PRODUCT_DEFINITION_SHAPE('',$,#8689);
#8651=PRODUCT_DEFINITION_SHAPE('',$,#8690);
#8652=PRODUCT_DEFINITION_SHAPE('',$,#8691);
#8653=PRODUCT_DEFINITION_SHAPE('',$,#8692);
#8654=PRODUCT_DEFINITION_SHAPE('',$,#8693);
#8655=PRODUCT_DEFINITION_SHAPE('',$,#8694);
#8656=PRODUCT_DEFINITION_SHAPE('',$,#8695);
#8657=PRODUCT_DEFINITION_SHAPE('',$,#8696);
#8658=PRODUCT_DEFINITION_SHAPE('',$,#8697);
#8659=PRODUCT_DEFINITION_SHAPE('',$,#8698);
#8660=PRODUCT_DEFINITION_SHAPE($,$,#118);
#8661=PRODUCT_DEFINITION_SHAPE($,$,#119);
#8662=PRODUCT_DEFINITION_SHAPE($,$,#120);
#8663=PRODUCT_DEFINITION_SHAPE($,$,#121);
#8664=PRODUCT_DEFINITION_SHAPE($,$,#122);
#8665=PRODUCT_DEFINITION_SHAPE($,$,#123);
#8666=PRODUCT_DEFINITION_SHAPE($,$,#124);
#8667=PRODUCT_DEFINITION_SHAPE($,$,#125);
#8668=PRODUCT_DEFINITION_SHAPE($,$,#126);
#8669=PRODUCT_DEFINITION_SHAPE($,$,#127);
#8670=PRODUCT_DEFINITION_SHAPE($,$,#128);
#8671=PRODUCT_DEFINITION_SHAPE($,$,#129);
#8672=PRODUCT_DEFINITION_SHAPE($,$,#130);
#8673=PRODUCT_DEFINITION_SHAPE($,$,#131);
#8674=SHAPE_REPRESENTATION('',(#2665),#8613);
#8675=SHAPE_REPRESENTATION('',(#2735,#2736),#8614);
#8676=SHAPE_REPRESENTATION('',(#2737),#8615);
#8677=SHAPE_REPRESENTATION('',(#2793),#8616);
#8678=SHAPE_REPRESENTATION('',(#2812),#8617);
#8679=SHAPE_REPRESENTATION('',(#2816),#8618);
#8680=SHAPE_REPRESENTATION('',(#2820),#8619);
#8681=SHAPE_REPRESENTATION('',(#2843),#8620);
#8682=SHAPE_REPRESENTATION('',(#2854),#8621);
#8683=SHAPE_REPRESENTATION('',(#2872),#8622);
#8684=SHAPE_REPRESENTATION('',(#2905),#8623);
#8685=SHAPE_REPRESENTATION('',(#3023,#3024,#3025,#3026,#3027,#3028,#3029,
#3030,#3031,#3032,#3033,#3034,#3035,#3036,#3037),#8624);
#8686=PRODUCT_DEFINITION_CONTEXT('part definition',#8724,'design');
#8687=PRODUCT_DEFINITION('275-150','275-150',#8699,#8686);
#8688=PRODUCT_DEFINITION('4780-0966','4780-0966',#8700,#8686);
#8689=PRODUCT_DEFINITION('4780-0965','4780-0965',#8701,#8686);
#8690=PRODUCT_DEFINITION('4780-0963','4780-0963',#8702,#8686);
#8691=PRODUCT_DEFINITION('H-2202','H-2202',#8703,#8686);
#8692=PRODUCT_DEFINITION('H-2208','H-2208',#8704,#8686);
#8693=PRODUCT_DEFINITION('4780-0962','4780-0962',#8705,#8686);
#8694=PRODUCT_DEFINITION('4780-0961','4780-0961',#8706,#8686);
#8695=PRODUCT_DEFINITION('4780-0967','4780-0967',#8707,#8686);
#8696=PRODUCT_DEFINITION('1990-0094','1990-0094',#8708,#8686);
#8697=PRODUCT_DEFINITION('4780-0174','4780-0174',#8709,#8686);
#8698=PRODUCT_DEFINITION('VF-170','VF-170',#8710,#8686);
#8699=PRODUCT_DEFINITION_FORMATION('',$,#8726);
#8700=PRODUCT_DEFINITION_FORMATION('',$,#8727);
#8701=PRODUCT_DEFINITION_FORMATION('',$,#8728);
#8702=PRODUCT_DEFINITION_FORMATION('',$,#8729);
#8703=PRODUCT_DEFINITION_FORMATION('',$,#8730);
#8704=PRODUCT_DEFINITION_FORMATION('',$,#8731);
#8705=PRODUCT_DEFINITION_FORMATION('',$,#8732);
#8706=PRODUCT_DEFINITION_FORMATION('',$,#8733);
#8707=PRODUCT_DEFINITION_FORMATION('',$,#8734);
#8708=PRODUCT_DEFINITION_FORMATION('',$,#8735);
#8709=PRODUCT_DEFINITION_FORMATION('',$,#8736);
#8710=PRODUCT_DEFINITION_FORMATION('',$,#8737);
#8711=PRODUCT_RELATED_PRODUCT_CATEGORY('275-150','275-150',(#8726));
#8712=PRODUCT_RELATED_PRODUCT_CATEGORY('4780-0966','4780-0966',(#8727));
#8713=PRODUCT_RELATED_PRODUCT_CATEGORY('4780-0965','4780-0965',(#8728));
#8714=PRODUCT_RELATED_PRODUCT_CATEGORY('4780-0963','4780-0963',(#8729));
#8715=PRODUCT_RELATED_PRODUCT_CATEGORY('H-2202','H-2202',(#8730));
#8716=PRODUCT_RELATED_PRODUCT_CATEGORY('H-2208','H-2208',(#8731));
#8717=PRODUCT_RELATED_PRODUCT_CATEGORY('4780-0962','4780-0962',(#8732));
#8718=PRODUCT_RELATED_PRODUCT_CATEGORY('4780-0961','4780-0961',(#8733));
#8719=PRODUCT_RELATED_PRODUCT_CATEGORY('4780-0967','4780-0967',(#8734));
#8720=PRODUCT_RELATED_PRODUCT_CATEGORY('1990-0094','1990-0094',(#8735));
#8721=PRODUCT_RELATED_PRODUCT_CATEGORY('4780-0174','4780-0174',(#8736));
#8722=PRODUCT_RELATED_PRODUCT_CATEGORY('VF-170','VF-170',(#8737));
#8723=APPLICATION_PROTOCOL_DEFINITION('international standard',
'automotive_design',2009,#8724);
#8724=APPLICATION_CONTEXT(
'Core Data for Automotive Mechanical Design Process');
#8725=PRODUCT_CONTEXT('part definition',#8724,'mechanical');
#8726=PRODUCT('275-150','275-150',$,(#8725));
#8727=PRODUCT('4780-0966','4780-0966',$,(#8725));
#8728=PRODUCT('4780-0965','4780-0965',$,(#8725));
#8729=PRODUCT('4780-0963','4780-0963',$,(#8725));
#8730=PRODUCT('H-2202','H-2202',$,(#8725));
#8731=PRODUCT('H-2208','H-2208',$,(#8725));
#8732=PRODUCT('4780-0962','4780-0962',$,(#8725));
#8733=PRODUCT('4780-0961','4780-0961',$,(#8725));
#8734=PRODUCT('4780-0967','4780-0967',$,(#8725));
#8735=PRODUCT('1990-0094','1990-0094',$,(#8725));
#8736=PRODUCT('4780-0174','4780-0174',$,(#8725));
#8737=PRODUCT('VF-170','VF-170',$,(#8725));
#8738=PRESENTATION_STYLE_ASSIGNMENT((#8750));
#8739=PRESENTATION_STYLE_ASSIGNMENT((#8751));
#8740=PRESENTATION_STYLE_ASSIGNMENT((#8752));
#8741=PRESENTATION_STYLE_ASSIGNMENT((#8753));
#8742=PRESENTATION_STYLE_ASSIGNMENT((#8754));
#8743=PRESENTATION_STYLE_ASSIGNMENT((#8755));
#8744=PRESENTATION_STYLE_ASSIGNMENT((#8756));
#8745=PRESENTATION_STYLE_ASSIGNMENT((#8757));
#8746=PRESENTATION_STYLE_ASSIGNMENT((#8758));
#8747=PRESENTATION_STYLE_ASSIGNMENT((#8759));
#8748=PRESENTATION_STYLE_ASSIGNMENT((#8760));
#8749=PRESENTATION_STYLE_ASSIGNMENT((#8761));
#8750=SURFACE_STYLE_USAGE(.BOTH.,#8762);
#8751=SURFACE_STYLE_USAGE(.BOTH.,#8763);
#8752=SURFACE_STYLE_USAGE(.BOTH.,#8764);
#8753=SURFACE_STYLE_USAGE(.BOTH.,#8765);
#8754=SURFACE_STYLE_USAGE(.BOTH.,#8766);
#8755=SURFACE_STYLE_USAGE(.BOTH.,#8767);
#8756=SURFACE_STYLE_USAGE(.BOTH.,#8768);
#8757=SURFACE_STYLE_USAGE(.BOTH.,#8769);
#8758=SURFACE_STYLE_USAGE(.BOTH.,#8770);
#8759=SURFACE_STYLE_USAGE(.BOTH.,#8771);
#8760=SURFACE_STYLE_USAGE(.BOTH.,#8772);
#8761=SURFACE_STYLE_USAGE(.BOTH.,#8773);
#8762=SURFACE_SIDE_STYLE($,(#8774));
#8763=SURFACE_SIDE_STYLE($,(#8775));
#8764=SURFACE_SIDE_STYLE($,(#8776));
#8765=SURFACE_SIDE_STYLE($,(#8777));
#8766=SURFACE_SIDE_STYLE($,(#8778));
#8767=SURFACE_SIDE_STYLE($,(#8779));
#8768=SURFACE_SIDE_STYLE($,(#8780));
#8769=SURFACE_SIDE_STYLE($,(#8781));
#8770=SURFACE_SIDE_STYLE($,(#8782));
#8771=SURFACE_SIDE_STYLE($,(#8783));
#8772=SURFACE_SIDE_STYLE($,(#8784));
#8773=SURFACE_SIDE_STYLE($,(#8785));
#8774=SURFACE_STYLE_FILL_AREA(#8786);
#8775=SURFACE_STYLE_FILL_AREA(#8787);
#8776=SURFACE_STYLE_FILL_AREA(#8788);
#8777=SURFACE_STYLE_FILL_AREA(#8789);
#8778=SURFACE_STYLE_FILL_AREA(#8790);
#8779=SURFACE_STYLE_FILL_AREA(#8791);
#8780=SURFACE_STYLE_FILL_AREA(#8792);
#8781=SURFACE_STYLE_FILL_AREA(#8793);
#8782=SURFACE_STYLE_FILL_AREA(#8794);
#8783=SURFACE_STYLE_FILL_AREA(#8795);
#8784=SURFACE_STYLE_FILL_AREA(#8796);
#8785=SURFACE_STYLE_FILL_AREA(#8797);
#8786=FILL_AREA_STYLE($,(#8798));
#8787=FILL_AREA_STYLE($,(#8799));
#8788=FILL_AREA_STYLE($,(#8800));
#8789=FILL_AREA_STYLE($,(#8801));
#8790=FILL_AREA_STYLE($,(#8802));
#8791=FILL_AREA_STYLE($,(#8803));
#8792=FILL_AREA_STYLE($,(#8804));
#8793=FILL_AREA_STYLE($,(#8805));
#8794=FILL_AREA_STYLE($,(#8806));
#8795=FILL_AREA_STYLE($,(#8807));
#8796=FILL_AREA_STYLE($,(#8808));
#8797=FILL_AREA_STYLE($,(#8809));
#8798=FILL_AREA_STYLE_COLOUR($,#8810);
#8799=FILL_AREA_STYLE_COLOUR($,#8811);
#8800=FILL_AREA_STYLE_COLOUR($,#8812);
#8801=FILL_AREA_STYLE_COLOUR($,#8813);
#8802=FILL_AREA_STYLE_COLOUR($,#8814);
#8803=FILL_AREA_STYLE_COLOUR($,#8815);
#8804=FILL_AREA_STYLE_COLOUR($,#8816);
#8805=FILL_AREA_STYLE_COLOUR($,#8817);
#8806=FILL_AREA_STYLE_COLOUR($,#8818);
#8807=FILL_AREA_STYLE_COLOUR($,#8819);
#8808=FILL_AREA_STYLE_COLOUR($,#8820);
#8809=FILL_AREA_STYLE_COLOUR($,#8821);
#8810=COLOUR_RGB('',0.749019607843137,0.749019607843137,0.749019607843137);
#8811=COLOUR_RGB('',1.,1.,1.);
#8812=COLOUR_RGB('',1.,1.,1.);
#8813=COLOUR_RGB('',0.796078431372549,0.603921568627451,0.231372549019608);
#8814=COLOUR_RGB('',0.309803921568627,0.309803921568627,0.309803921568627);
#8815=COLOUR_RGB('',0.309803921568627,0.309803921568627,0.309803921568627);
#8816=COLOUR_RGB('',0.796078431372549,0.603921568627451,0.231372549019608);
#8817=COLOUR_RGB('',1.,1.,1.);
#8818=COLOUR_RGB('',1.,1.,1.);
#8819=COLOUR_RGB('',1.,1.,1.);
#8820=COLOUR_RGB('',0.0196078431372549,0.0196078431372549,0.0196078431372549);
#8821=COLOUR_RGB('',0.847058823529412,0.83921568627451,0.83921568627451);
ENDSEC;
END-ISO-10303-21;
